format,evidence_type,evidence_only,created_at,firmware_hash,data_source,frame_contract_version,frame_id,input_frame,input_units,threshold_version,runtime_migration_complete,parameter_changes_applied,flash_writes,flight_release,overall_status,section,stage,label_zh,status,sample_count,accel_mean_g,accel_std_g,gyro_mean_dps,gyro_std_dps,accel_norm_mean_g,accel_norm_std_g,dominant_axis,dominant_sign,integrated_angle_deg,peak_abs_dps,direction_matches_flu,candidate_matrix_flu_from_observed,candidate_axis_mapping,candidate_recommendation_only,findings
drone-h743-flight-validation-evidence-v1,validation_evidence,true,2026-08-28T17:31:21.170581+08:00,unknown,stabilizer_snapshot_10hz_legacy_intermediate,1,FLU,legacy_or_unverified,"{""timestamp"":""s"",""accelerometer"":""g"",""gyroscope"":""deg/s"",""attitude_optional"":""deg""}",1,false,false,0,false,FAIL,six_face,level,静止水平,PASS,68,"[0.006,-0.005985294117647059,0.9910588235294117]","[0.0009074852129730301,0.0001203728348804772,0.00023529411764705902]","[-0.001838235294117647,0.0041617647058823535,0.0017647058823529412]","[0.011959011239521,0.022593342521583164,0.013215540814932316]",0.9910954815937768,0.000234921112352328,z,1,,,,"[[-1,0,0],[0,-1,0],[0,0,1]]","{""flu_x"":""-observed_x"",""flu_y"":""-observed_y"",""flu_z"":""+observed_z""}",true,[]
drone-h743-flight-validation-evidence-v1,validation_evidence,true,2026-08-28T17:31:21.170581+08:00,unknown,stabilizer_snapshot_10hz_legacy_intermediate,1,FLU,legacy_or_unverified,"{""timestamp"":""s"",""accelerometer"":""g"",""gyroscope"":""deg/s"",""attitude_optional"":""deg""}",1,false,false,0,false,FAIL,six_face,nose_up,机头朝上,FAIL,57,"[-0.990859649122807,-0.09596491228070175,0.0032280701754385964]","[0.001083182388802326,0.0006744695714646001,0.00041958809624917186]","[0.190859649122807,-0.11207017543859649,-0.054157894736842106]","[0.015731785453695194,0.03247609628317084,0.07324096003703676]",0.9955014418990522,0.0011011404276122497,x,-1,,,,"[[-1,0,0],[0,-1,0],[0,0,1]]","{""flu_x"":""-observed_x"",""flu_y"":""-observed_y"",""flu_z"":""+observed_z""}",true,"[""观测主轴为 -1x，FLU 期望为 +1x。""]"
drone-h743-flight-validation-evidence-v1,validation_evidence,true,2026-08-28T17:31:21.170581+08:00,unknown,stabilizer_snapshot_10hz_legacy_intermediate,1,FLU,legacy_or_unverified,"{""timestamp"":""s"",""accelerometer"":""g"",""gyroscope"":""deg/s"",""attitude_optional"":""deg""}",1,false,false,0,false,FAIL,six_face,nose_down,机头朝下,FAIL,54,"[0.981462962962963,-0.11864814814814816,-0.021722222222222223]","[0.0009371541428800005,0.0006710248493330899,0.0006781419786518715]","[-0.24472222222222223,0.21787037037037038,0.040796296296296296]","[0.026823439629925297,0.03321704509808197,0.055510552760390165]",0.9888476688926522,0.0009283316442987706,x,1,,,,"[[-1,0,0],[0,-1,0],[0,0,1]]","{""flu_x"":""-observed_x"",""flu_y"":""-observed_y"",""flu_z"":""+observed_z""}",true,"[""观测主轴为 +1x，FLU 期望为 -1x。""]"
drone-h743-flight-validation-evidence-v1,validation_evidence,true,2026-08-28T17:31:21.170581+08:00,unknown,stabilizer_snapshot_10hz_legacy_intermediate,1,FLU,legacy_or_unverified,"{""timestamp"":""s"",""accelerometer"":""g"",""gyroscope"":""deg/s"",""attitude_optional"":""deg""}",1,false,false,0,false,FAIL,six_face,left_side_up,左侧朝上,FAIL,59,"[-0.0714406779661017,-0.9938305084745763,-0.038254237288135595]","[0.0009070568244243811,0.0003751854851047233,0.000472756802745131]","[0.0014067796610169494,-0.00027118644067796604,-0.02827118644067797]","[0.018520825332186172,0.026627900818167943,0.026902731578577085]",0.9971295207872611,0.00037749619932891064,y,-1,,,,"[[-1,0,0],[0,-1,0],[0,0,1]]","{""flu_x"":""-observed_x"",""flu_y"":""-observed_y"",""flu_z"":""+observed_z""}",true,"[""观测主轴为 -1y，FLU 期望为 +1y。""]"
drone-h743-flight-validation-evidence-v1,validation_evidence,true,2026-08-28T17:31:21.170581+08:00,unknown,stabilizer_snapshot_10hz_legacy_intermediate,1,FLU,legacy_or_unverified,"{""timestamp"":""s"",""accelerometer"":""g"",""gyroscope"":""deg/s"",""attitude_optional"":""deg""}",1,false,false,0,false,FAIL,six_face,right_side_up,右侧朝上,FAIL,62,"[0.004709677419354839,0.9995,-0.05519354838709677]","[0.0028589818669058687,0.0005000000000000004,0.0006681391992647742]","[-0.01064516129032258,0.05443548387096774,-0.020903225806451615]","[0.058891671127586386,0.22874712203144568,0.13107074052530657]",1.0010381498868879,0.0005015010416112368,y,1,,,,"[[-1,0,0],[0,-1,0],[0,0,1]]","{""flu_x"":""-observed_x"",""flu_y"":""-observed_y"",""flu_z"":""+observed_z""}",true,"[""观测主轴为 +1y，FLU 期望为 -1y。""]"
drone-h743-flight-validation-evidence-v1,validation_evidence,true,2026-08-28T17:31:21.170581+08:00,unknown,stabilizer_snapshot_10hz_legacy_intermediate,1,FLU,legacy_or_unverified,"{""timestamp"":""s"",""accelerometer"":""g"",""gyroscope"":""deg/s"",""attitude_optional"":""deg""}",1,false,false,0,false,FAIL,six_face,inverted,倒置,WARN,64,"[-0.047203125,0.017937500000000002,-1.0037031250000001]","[0.004497150790709046,0.0004635124054434787,0.00045688098491286985]","[-0.033515625,0.0026406249999999967,0.023703125000000005]","[0.02161162316577297,0.5217717522773817,0.8169327672704985]",1.0049827207702318,0.0004805759693708699,z,-1,,,,"[[-1,0,0],[0,-1,0],[0,0,1]]","{""flu_x"":""-observed_x"",""flu_y"":""-observed_y"",""flu_z"":""+observed_z""}",true,"[""静止噪声高于 PASS 阈值。""]"
drone-h743-flight-validation-evidence-v1,validation_evidence,true,2026-08-28T17:31:21.170581+08:00,unknown,stabilizer_snapshot_10hz_legacy_intermediate,1,FLU,legacy_or_unverified,"{""timestamp"":""s"",""accelerometer"":""g"",""gyroscope"":""deg/s"",""attitude_optional"":""deg""}",1,false,false,0,false,FAIL,rotation,positive_roll,+roll 手动旋转,FAIL,56,,,,,,,x,-1,"[-94.26765999999829,-1.1707399999993577,-0.21448999999778964]","[54.039,32.786,18.397000000000002]",false,,,,"[""正 x 动作得到负向陀螺积分，方向与 canonical FLU 相反。""]"
drone-h743-flight-validation-evidence-v1,validation_evidence,true,2026-08-28T17:31:21.170581+08:00,unknown,stabilizer_snapshot_10hz_legacy_intermediate,1,FLU,legacy_or_unverified,"{""timestamp"":""s"",""accelerometer"":""g"",""gyroscope"":""deg/s"",""attitude_optional"":""deg""}",1,false,false,0,false,FAIL,rotation,positive_pitch,+pitch 手动旋转,FAIL,58,,,,,,,y,-1,"[-7.301180000000467,-77.19689000000068,12.920639999999219]","[12.985,49.353,17.47]",false,,,,"[""正 y 动作得到负向陀螺积分，方向与 canonical FLU 相反。"",""可选姿态输出的变化方向与同轴陀螺/FLU 期望相反。""]"
drone-h743-flight-validation-evidence-v1,validation_evidence,true,2026-08-28T17:31:21.170581+08:00,unknown,stabilizer_snapshot_10hz_legacy_intermediate,1,FLU,legacy_or_unverified,"{""timestamp"":""s"",""accelerometer"":""g"",""gyroscope"":""deg/s"",""attitude_optional"":""deg""}",1,false,false,0,false,FAIL,rotation,positive_yaw,+yaw 手动旋转,PASS,53,,,,,,,z,1,"[0.5734199999986465,19.366910000000267,107.16487000000184]","[23.275000000000002,45.643,89.923]",true,,,,[]
