stage,event,target_timestamp_ms,sequence,accel_x_g,accel_y_g,accel_z_g,gyro_x_dps,gyro_y_dps,gyro_z_dps,roll_deg,pitch_deg,yaw_deg,source,frame,units,contract,migration,bias,armed,m1,m2
level,,139746,6842,0.005,-0.006,0.991,0.006,-0.002,-0.007,0.0,0.0,0.29,stabilizer_snapshot,legacy_intermediate,mg_mdps_cdeg,1,0x00,1,0,1100,1100
level,,139866,6848,0.006,-0.006,0.991,-0.021,0.016,-0.006,0.0,0.0,0.29,stabilizer_snapshot,legacy_intermediate,mg_mdps_cdeg,1,0x00,1,0,1100,1100
level,,139966,6853,0.007,-0.006,0.991,-0.015,-0.006,-0.014,0.0,0.0,0.29,stabilizer_snapshot,legacy_intermediate,mg_mdps_cdeg,1,0x00,1,0,1100,1100
level,,140086,6859,0.007,-0.006,0.991,-0.003,0.022,-0.002,0.0,0.0,0.29,stabilizer_snapshot,legacy_intermediate,mg_mdps_cdeg,1,0x00,1,0,1100,1100
level,,140206,6865,0.007,-0.006,0.991,-0.018000000000000002,0.007,0.01,0.0,0.0,0.29,stabilizer_snapshot,legacy_intermediate,mg_mdps_cdeg,1,0x00,1,0,1100,1100
level,,140306,6870,0.006,-0.006,0.991,0.001,0.023,-0.003,0.0,0.0,0.29,stabilizer_snapshot,legacy_intermediate,mg_mdps_cdeg,1,0x00,1,0,1100,1100
level,,140426,6876,0.006,-0.006,0.991,-0.008,-0.027,0.013000000000000001,0.0,-0.01,0.29,stabilizer_snapshot,legacy_intermediate,mg_mdps_cdeg,1,0x00,1,0,1100,1100
level,,140526,6881,0.006,-0.006,0.991,-0.002,-0.007,0.013000000000000001,0.0,-0.01,0.29,stabilizer_snapshot,legacy_intermediate,mg_mdps_cdeg,1,0x00,1,0,1100,1100
level,,140646,6887,0.005,-0.006,0.991,0.01,0.008,0.018000000000000002,0.0,-0.01,0.29,stabilizer_snapshot,legacy_intermediate,mg_mdps_cdeg,1,0x00,1,0,1100,1100
level,,140746,6892,0.005,-0.006,0.991,-0.007,0.029,-0.011,0.0,0.0,0.29,stabilizer_snapshot,legacy_intermediate,mg_mdps_cdeg,1,0x00,1,0,1100,1100
level,,140866,6898,0.005,-0.006,0.991,-0.006,-0.017,0.004,0.0,0.0,0.29,stabilizer_snapshot,legacy_intermediate,mg_mdps_cdeg,1,0x00,1,0,1100,1100
level,,140966,6903,0.005,-0.006,0.991,0.007,-0.013000000000000001,0.014,0.0,0.0,0.29,stabilizer_snapshot,legacy_intermediate,mg_mdps_cdeg,1,0x00,1,0,1100,1100
level,,141066,6908,0.006,-0.006,0.991,0.0,-0.008,0.001,0.0,0.0,0.29,stabilizer_snapshot,legacy_intermediate,mg_mdps_cdeg,1,0x00,1,0,1100,1100
level,,141246,6917,0.005,-0.006,0.991,-0.004,0.003,-0.004,0.0,0.0,0.29,stabilizer_snapshot,legacy_intermediate,mg_mdps_cdeg,1,0x00,1,0,1100,1100
level,,141366,6923,0.006,-0.006,0.991,0.011,-0.039,-0.009000000000000001,0.0,0.0,0.29,stabilizer_snapshot,legacy_intermediate,mg_mdps_cdeg,1,0x00,1,0,1100,1100
level,,141486,6929,0.006,-0.006,0.991,0.004,0.013000000000000001,0.037,0.0,0.0,0.29,stabilizer_snapshot,legacy_intermediate,mg_mdps_cdeg,1,0x00,1,0,1100,1100
level,,141626,6936,0.006,-0.006,0.992,-0.014,0.03,-0.006,0.0,0.0,0.3,stabilizer_snapshot,legacy_intermediate,mg_mdps_cdeg,1,0x00,1,0,1100,1100
level,,141726,6941,0.006,-0.006,0.992,-0.004,0.0,0.031,0.0,0.0,0.3,stabilizer_snapshot,legacy_intermediate,mg_mdps_cdeg,1,0x00,1,0,1100,1100
level,,141846,6947,0.006,-0.006,0.991,0.005,-0.011,-0.009000000000000001,0.0,-0.01,0.3,stabilizer_snapshot,legacy_intermediate,mg_mdps_cdeg,1,0x00,1,0,1100,1100
level,,141926,6951,0.007,-0.006,0.991,0.004,0.03,-0.021,0.0,-0.01,0.3,stabilizer_snapshot,legacy_intermediate,mg_mdps_cdeg,1,0x00,1,0,1100,1100
level,,142066,6958,0.006,-0.006,0.991,0.0,0.026000000000000002,0.007,0.0,0.0,0.3,stabilizer_snapshot,legacy_intermediate,mg_mdps_cdeg,1,0x00,1,0,1100,1100
level,,142226,6966,0.007,-0.006,0.991,0.003,0.004,0.013000000000000001,0.0,0.0,0.3,stabilizer_snapshot,legacy_intermediate,mg_mdps_cdeg,1,0x00,1,0,1100,1100
level,,142366,6973,0.008,-0.006,0.991,0.019,0.011,0.0,0.0,-0.01,0.3,stabilizer_snapshot,legacy_intermediate,mg_mdps_cdeg,1,0x00,1,0,1100,1100
level,,142466,6978,0.007,-0.006,0.991,0.008,0.044,-0.01,0.0,-0.01,0.3,stabilizer_snapshot,legacy_intermediate,mg_mdps_cdeg,1,0x00,1,0,1100,1100
level,,142586,6984,0.007,-0.006,0.991,-0.005,-0.04,0.005,0.0,-0.01,0.3,stabilizer_snapshot,legacy_intermediate,mg_mdps_cdeg,1,0x00,1,0,1100,1100
level,,142706,6990,0.005,-0.006,0.991,0.005,0.0,0.028,0.0,-0.01,0.3,stabilizer_snapshot,legacy_intermediate,mg_mdps_cdeg,1,0x00,1,0,1100,1100
level,,142806,6995,0.004,-0.006,0.991,-0.006,-0.026000000000000002,0.008,0.0,-0.01,0.31,stabilizer_snapshot,legacy_intermediate,mg_mdps_cdeg,1,0x00,1,0,1100,1100
level,,142926,7001,0.004,-0.006,0.991,-0.012,0.034,-0.015,0.0,0.0,0.31,stabilizer_snapshot,legacy_intermediate,mg_mdps_cdeg,1,0x00,1,0,1100,1100
level,,143026,7006,0.006,-0.006,0.991,0.013000000000000001,0.007,0.017,0.0,0.0,0.31,stabilizer_snapshot,legacy_intermediate,mg_mdps_cdeg,1,0x00,1,0,1100,1100
level,,143146,7012,0.006,-0.006,0.991,-0.009000000000000001,-0.005,0.021,0.0,0.0,0.31,stabilizer_snapshot,legacy_intermediate,mg_mdps_cdeg,1,0x00,1,0,1100,1100
level,,143246,7017,0.008,-0.006,0.991,-0.014,-0.016,-0.001,0.0,0.0,0.31,stabilizer_snapshot,legacy_intermediate,mg_mdps_cdeg,1,0x00,1,0,1100,1100
level,,143366,7023,0.007,-0.006,0.991,0.011,-0.011,0.004,0.0,-0.01,0.31,stabilizer_snapshot,legacy_intermediate,mg_mdps_cdeg,1,0x00,1,0,1100,1100
level,,143486,7029,0.005,-0.006,0.991,0.002,-0.007,0.013000000000000001,0.0,-0.01,0.31,stabilizer_snapshot,legacy_intermediate,mg_mdps_cdeg,1,0x00,1,0,1100,1100
level,,143586,7034,0.005,-0.006,0.991,0.017,-0.001,-0.006,0.0,-0.01,0.31,stabilizer_snapshot,legacy_intermediate,mg_mdps_cdeg,1,0x00,1,0,1100,1100
level,,143706,7040,0.007,-0.006,0.991,0.01,0.013000000000000001,0.0,0.0,-0.01,0.31,stabilizer_snapshot,legacy_intermediate,mg_mdps_cdeg,1,0x00,1,0,1100,1100
level,,143806,7045,0.006,-0.006,0.991,-0.004,0.004,0.048,0.0,-0.01,0.31,stabilizer_snapshot,legacy_intermediate,mg_mdps_cdeg,1,0x00,1,0,1100,1100
level,,143926,7051,0.006,-0.006,0.991,0.008,0.036000000000000004,0.004,0.0,-0.01,0.32,stabilizer_snapshot,legacy_intermediate,mg_mdps_cdeg,1,0x00,1,0,1100,1100
level,,144026,7056,0.006,-0.006,0.991,-0.027,-0.016,0.008,0.0,-0.01,0.32,stabilizer_snapshot,legacy_intermediate,mg_mdps_cdeg,1,0x00,1,0,1100,1100
level,,144186,7064,0.006,-0.006,0.991,-0.009000000000000001,-0.014,-0.01,0.0,-0.01,0.32,stabilizer_snapshot,legacy_intermediate,mg_mdps_cdeg,1,0x00,1,0,1100,1100
level,,144306,7070,0.006,-0.006,0.991,0.029,0.012,0.002,0.0,-0.01,0.32,stabilizer_snapshot,legacy_intermediate,mg_mdps_cdeg,1,0x00,1,0,1100,1100
level,,144426,7076,0.006,-0.006,0.991,0.012,-0.022,-0.016,0.0,-0.01,0.32,stabilizer_snapshot,legacy_intermediate,mg_mdps_cdeg,1,0x00,1,0,1100,1100
level,,144566,7083,0.005,-0.006,0.991,-0.01,-0.066,0.012,0.0,-0.02,0.32,stabilizer_snapshot,legacy_intermediate,mg_mdps_cdeg,1,0x00,1,0,1100,1100
level,,144666,7088,0.006,-0.006,0.991,0.0,-0.011,0.01,0.0,-0.02,0.32,stabilizer_snapshot,legacy_intermediate,mg_mdps_cdeg,1,0x00,1,0,1100,1100
level,,144786,7094,0.006,-0.006,0.991,-0.009000000000000001,0.059000000000000004,-0.01,0.0,-0.02,0.32,stabilizer_snapshot,legacy_intermediate,mg_mdps_cdeg,1,0x00,1,0,1100,1100
level,,144886,7099,0.005,-0.006,0.991,-0.008,-0.028,-0.012,0.0,-0.01,0.32,stabilizer_snapshot,legacy_intermediate,mg_mdps_cdeg,1,0x00,1,0,1100,1100
level,,145006,7105,0.005,-0.006,0.991,-0.009000000000000001,-0.011,0.01,0.0,-0.01,0.32,stabilizer_snapshot,legacy_intermediate,mg_mdps_cdeg,1,0x00,1,0,1100,1100
level,,145106,7110,0.005,-0.006,0.991,-0.021,0.0,-0.003,0.0,-0.01,0.32,stabilizer_snapshot,legacy_intermediate,mg_mdps_cdeg,1,0x00,1,0,1100,1100
level,,145226,7116,0.006,-0.006,0.991,-0.03,-0.02,-0.001,0.0,-0.01,0.32,stabilizer_snapshot,legacy_intermediate,mg_mdps_cdeg,1,0x00,1,0,1100,1100
level,,145326,7121,0.007,-0.006,0.991,-0.004,-0.027,0.0,0.0,-0.01,0.32,stabilizer_snapshot,legacy_intermediate,mg_mdps_cdeg,1,0x00,1,0,1100,1100
level,,145446,7127,0.007,-0.006,0.991,-0.004,-0.031,-0.01,0.0,-0.02,0.32,stabilizer_snapshot,legacy_intermediate,mg_mdps_cdeg,1,0x00,1,0,1100,1100
level,,145546,7132,0.007,-0.006,0.991,0.001,0.014,0.007,0.0,-0.02,0.32,stabilizer_snapshot,legacy_intermediate,mg_mdps_cdeg,1,0x00,1,0,1100,1100
level,,145666,7138,0.006,-0.006,0.991,-0.013000000000000001,0.002,-0.003,0.0,-0.02,0.32,stabilizer_snapshot,legacy_intermediate,mg_mdps_cdeg,1,0x00,1,0,1100,1100
level,,145786,7144,0.006,-0.006,0.991,-0.009000000000000001,0.009000000000000001,-0.011,0.01,-0.02,0.32,stabilizer_snapshot,legacy_intermediate,mg_mdps_cdeg,1,0x00,1,0,1100,1100
level,,145866,7148,0.006,-0.006,0.991,-0.005,0.039,-0.009000000000000001,0.01,-0.02,0.32,stabilizer_snapshot,legacy_intermediate,mg_mdps_cdeg,1,0x00,1,0,1100,1100
level,,145986,7154,0.007,-0.006,0.991,-0.029,0.025,0.017,0.01,-0.02,0.32,stabilizer_snapshot,legacy_intermediate,mg_mdps_cdeg,1,0x00,1,0,1100,1100
level,,146086,7159,0.007,-0.006,0.991,0.0,0.017,0.016,0.01,-0.02,0.32,stabilizer_snapshot,legacy_intermediate,mg_mdps_cdeg,1,0x00,1,0,1100,1100
level,,146206,7165,0.006,-0.006,0.992,-0.012,0.004,-0.006,0.01,-0.02,0.32,stabilizer_snapshot,legacy_intermediate,mg_mdps_cdeg,1,0x00,1,0,1100,1100
level,,146306,7170,0.005,-0.006,0.992,0.009000000000000001,0.011,-0.011,0.01,-0.01,0.32,stabilizer_snapshot,legacy_intermediate,mg_mdps_cdeg,1,0x00,1,0,1100,1100
level,,146426,7176,0.008,-0.006,0.991,-0.004,-0.002,-0.008,0.01,-0.01,0.32,stabilizer_snapshot,legacy_intermediate,mg_mdps_cdeg,1,0x00,1,0,1100,1100
level,,146526,7181,0.006,-0.006,0.991,0.0,0.02,-0.013000000000000001,0.01,-0.02,0.32,stabilizer_snapshot,legacy_intermediate,mg_mdps_cdeg,1,0x00,1,0,1100,1100
level,,146646,7187,0.006,-0.006,0.991,-0.001,0.036000000000000004,-0.022,0.01,-0.01,0.32,stabilizer_snapshot,legacy_intermediate,mg_mdps_cdeg,1,0x00,1,0,1100,1100
level,,146746,7192,0.006,-0.006,0.991,0.012,0.013000000000000001,0.003,0.01,-0.01,0.31,stabilizer_snapshot,legacy_intermediate,mg_mdps_cdeg,1,0x00,1,0,1100,1100
level,,146866,7198,0.007,-0.006,0.991,0.015,0.026000000000000002,-0.007,0.0,-0.01,0.32,stabilizer_snapshot,legacy_intermediate,mg_mdps_cdeg,1,0x00,1,0,1100,1100
level,,146966,7203,0.007,-0.006,0.991,0.01,0.018000000000000002,0.002,0.0,-0.01,0.31,stabilizer_snapshot,legacy_intermediate,mg_mdps_cdeg,1,0x00,1,0,1100,1100
level,,147086,7209,0.006,-0.005,0.991,-0.03,0.019,0.005,0.0,-0.01,0.32,stabilizer_snapshot,legacy_intermediate,mg_mdps_cdeg,1,0x00,1,0,1100,1100
level,,147186,7214,0.004,-0.006,0.991,0.01,0.023,-0.01,0.0,-0.01,0.31,stabilizer_snapshot,legacy_intermediate,mg_mdps_cdeg,1,0x00,1,0,1100,1100
level,,147346,7222,0.005,-0.006,0.991,0.008,0.023,-0.001,0.0,0.0,0.32,stabilizer_snapshot,legacy_intermediate,mg_mdps_cdeg,1,0x00,1,0,1100,1100
level,,147506,7230,0.005,-0.006,0.991,0.011,0.037,0.006,0.0,0.0,0.32,stabilizer_snapshot,legacy_intermediate,mg_mdps_cdeg,1,0x00,1,0,1100,1100
nose_up,,170846,8397,-0.99,-0.096,0.004,0.209,-0.138,-0.08,85.16,83.68,37.84,stabilizer_snapshot,legacy_intermediate,mg_mdps_cdeg,1,0x00,1,0,1100,1100
nose_up,,170946,8402,-0.99,-0.096,0.004,0.197,-0.116,-0.046,85.11,83.74,37.81,stabilizer_snapshot,legacy_intermediate,mg_mdps_cdeg,1,0x00,1,0,1100,1100
nose_up,,171066,8408,-0.992,-0.096,0.004,0.193,-0.08600000000000001,-0.091,85.09,83.82000000000001,37.81,stabilizer_snapshot,legacy_intermediate,mg_mdps_cdeg,1,0x00,1,0,1100,1100
nose_up,,171166,8413,-0.991,-0.096,0.003,0.218,-0.149,-0.035,85.04,83.88,37.78,stabilizer_snapshot,legacy_intermediate,mg_mdps_cdeg,1,0x00,1,0,1100,1100
nose_up,,171266,8418,-0.991,-0.096,0.003,0.17500000000000002,-0.109,-0.055,85.01,83.94,37.77,stabilizer_snapshot,legacy_intermediate,mg_mdps_cdeg,1,0x00,1,0,1100,1100
nose_up,,171386,8424,-0.99,-0.096,0.003,0.197,-0.07,-0.059000000000000004,85.0,83.99,37.78,stabilizer_snapshot,legacy_intermediate,mg_mdps_cdeg,1,0x00,1,0,1100,1100
nose_up,,171506,8430,-0.991,-0.096,0.003,0.185,-0.106,-0.052000000000000005,84.99,84.05,37.79,stabilizer_snapshot,legacy_intermediate,mg_mdps_cdeg,1,0x00,1,0,1100,1100
nose_up,,171626,8436,-0.99,-0.096,0.003,0.22,-0.105,-0.057,84.96000000000001,84.11,37.78,stabilizer_snapshot,legacy_intermediate,mg_mdps_cdeg,1,0x00,1,0,1100,1100
nose_up,,171706,8440,-0.991,-0.096,0.003,0.203,-0.096,-0.069,84.95,84.15,37.79,stabilizer_snapshot,legacy_intermediate,mg_mdps_cdeg,1,0x00,1,0,1100,1100
nose_up,,171846,8447,-0.992,-0.096,0.003,0.209,-0.122,-0.007,84.92,84.2,37.79,stabilizer_snapshot,legacy_intermediate,mg_mdps_cdeg,1,0x00,1,0,1100,1100
nose_up,,171926,8451,-0.993,-0.096,0.003,0.197,-0.147,-0.067,84.89,84.24,37.78,stabilizer_snapshot,legacy_intermediate,mg_mdps_cdeg,1,0x00,1,0,1100,1100
nose_up,,172046,8457,-0.992,-0.096,0.004,0.2,-0.127,0.03,84.86,84.28,37.77,stabilizer_snapshot,legacy_intermediate,mg_mdps_cdeg,1,0x00,1,0,1100,1100
nose_up,,172166,8463,-0.992,-0.096,0.004,0.184,-0.08600000000000001,-0.043000000000000003,84.84,84.32000000000001,37.77,stabilizer_snapshot,legacy_intermediate,mg_mdps_cdeg,1,0x00,1,0,1100,1100
nose_up,,172266,8468,-0.991,-0.096,0.004,0.186,-0.117,-0.057,84.82000000000001,84.35000000000001,37.77,stabilizer_snapshot,legacy_intermediate,mg_mdps_cdeg,1,0x00,1,0,1100,1100
nose_up,,172366,8473,-0.991,-0.096,0.003,0.191,-0.07100000000000001,-0.125,84.82000000000001,84.39,37.79,stabilizer_snapshot,legacy_intermediate,mg_mdps_cdeg,1,0x00,1,0,1100,1100
nose_up,,172486,8479,-0.991,-0.096,0.003,0.184,-0.107,-0.021,84.85000000000001,84.43,37.83,stabilizer_snapshot,legacy_intermediate,mg_mdps_cdeg,1,0x00,1,0,1100,1100
nose_up,,172586,8484,-0.992,-0.096,0.003,0.19,-0.17200000000000001,-0.055,84.8,84.46000000000001,37.800000000000004,stabilizer_snapshot,legacy_intermediate,mg_mdps_cdeg,1,0x00,1,0,1100,1100
nose_up,,172706,8490,-0.992,-0.096,0.003,0.189,-0.1,-0.109,84.77,84.5,37.79,stabilizer_snapshot,legacy_intermediate,mg_mdps_cdeg,1,0x00,1,0,1100,1100
nose_up,,172806,8495,-0.99,-0.097,0.003,0.18,-0.128,-0.091,84.76,84.52,37.800000000000004,stabilizer_snapshot,legacy_intermediate,mg_mdps_cdeg,1,0x00,1,0,1100,1100
nose_up,,172906,8500,-0.991,-0.097,0.003,0.213,-0.07100000000000001,-0.088,84.76,84.56,37.82,stabilizer_snapshot,legacy_intermediate,mg_mdps_cdeg,1,0x00,1,0,1100,1100
nose_up,,173026,8506,-0.991,-0.097,0.003,0.198,-0.082,-0.058,84.78,84.58,37.86,stabilizer_snapshot,legacy_intermediate,mg_mdps_cdeg,1,0x00,1,0,1100,1100
nose_up,,173126,8511,-0.991,-0.097,0.003,0.194,-0.108,0.064,84.81,84.60000000000001,37.910000000000004,stabilizer_snapshot,legacy_intermediate,mg_mdps_cdeg,1,0x00,1,0,1100,1100
nose_up,,173246,8517,-0.99,-0.096,0.004,0.2,-0.12,-0.059000000000000004,84.78,84.61,37.910000000000004,stabilizer_snapshot,legacy_intermediate,mg_mdps_cdeg,1,0x00,1,0,1100,1100
nose_up,,173346,8522,-0.991,-0.096,0.004,0.184,-0.101,-0.04,84.76,84.63,37.910000000000004,stabilizer_snapshot,legacy_intermediate,mg_mdps_cdeg,1,0x00,1,0,1100,1100
nose_up,,173466,8528,-0.991,-0.096,0.003,0.184,-0.12,-0.044,84.75,84.65,37.910000000000004,stabilizer_snapshot,legacy_intermediate,mg_mdps_cdeg,1,0x00,1,0,1100,1100
nose_up,,173566,8533,-0.991,-0.096,0.003,0.198,-0.114,-0.004,84.75,84.67,37.93,stabilizer_snapshot,legacy_intermediate,mg_mdps_cdeg,1,0x00,1,0,1100,1100
nose_up,,173686,8539,-0.99,-0.096,0.003,0.221,-0.107,-0.07200000000000001,84.73,84.68,37.94,stabilizer_snapshot,legacy_intermediate,mg_mdps_cdeg,1,0x00,1,0,1100,1100
nose_up,,173806,8545,-0.989,-0.096,0.003,0.17400000000000002,-0.099,-0.098,84.72,84.71000000000001,37.95,stabilizer_snapshot,legacy_intermediate,mg_mdps_cdeg,1,0x00,1,0,1100,1100
nose_up,,173886,8549,-0.989,-0.096,0.003,0.185,-0.112,-0.04,84.73,84.72,37.97,stabilizer_snapshot,legacy_intermediate,mg_mdps_cdeg,1,0x00,1,0,1100,1100
nose_up,,174026,8556,-0.99,-0.097,0.003,0.20700000000000002,-0.099,-0.108,84.75,84.75,38.02,stabilizer_snapshot,legacy_intermediate,mg_mdps_cdeg,1,0x00,1,0,1100,1100
nose_up,,174106,8560,-0.991,-0.097,0.003,0.177,-0.139,-0.047,84.73,84.76,38.01,stabilizer_snapshot,legacy_intermediate,mg_mdps_cdeg,1,0x00,1,0,1100,1100
nose_up,,174226,8566,-0.993,-0.097,0.003,0.21,-0.178,-0.008,84.68,84.77,37.99,stabilizer_snapshot,legacy_intermediate,mg_mdps_cdeg,1,0x00,1,0,1100,1100
nose_up,,174346,8572,-0.993,-0.097,0.003,0.18,-0.082,-0.057,84.65,84.78,37.980000000000004,stabilizer_snapshot,legacy_intermediate,mg_mdps_cdeg,1,0x00,1,0,1100,1100
nose_up,,174446,8577,-0.991,-0.097,0.003,0.197,-0.088,0.028,84.69,84.78,38.03,stabilizer_snapshot,legacy_intermediate,mg_mdps_cdeg,1,0x00,1,0,1100,1100
nose_up,,174566,8583,-0.99,-0.095,0.003,0.168,-0.078,0.092,84.73,84.79,38.1,stabilizer_snapshot,legacy_intermediate,mg_mdps_cdeg,1,0x00,1,0,1100,1100
nose_up,,174666,8588,-0.988,-0.093,0.003,0.162,-0.163,0.039,84.74,84.79,38.12,stabilizer_snapshot,legacy_intermediate,mg_mdps_cdeg,1,0x00,1,0,1100,1100
nose_up,,174766,8593,-0.991,-0.095,0.003,0.176,-0.114,-0.136,84.7,84.81,38.1,stabilizer_snapshot,legacy_intermediate,mg_mdps_cdeg,1,0x00,1,0,1100,1100
nose_up,,174886,8599,-0.992,-0.096,0.004,0.178,-0.14300000000000002,-0.192,84.65,84.84,38.07,stabilizer_snapshot,legacy_intermediate,mg_mdps_cdeg,1,0x00,1,0,1100,1100
nose_up,,175046,8607,-0.991,-0.096,0.003,0.185,-0.08700000000000001,0.116,84.64,84.85000000000001,38.09,stabilizer_snapshot,legacy_intermediate,mg_mdps_cdeg,1,0x00,1,0,1100,1100
nose_up,,175146,8612,-0.988,-0.095,0.003,0.171,-0.048,0.033,84.73,84.85000000000001,38.19,stabilizer_snapshot,legacy_intermediate,mg_mdps_cdeg,1,0x00,1,0,1100,1100
nose_up,,175266,8618,-0.992,-0.096,0.003,0.197,-0.109,0.007,84.77,84.86,38.25,stabilizer_snapshot,legacy_intermediate,mg_mdps_cdeg,1,0x00,1,0,1100,1100
nose_up,,175366,8623,-0.992,-0.096,0.003,0.159,-0.15,-0.017,84.76,84.86,38.26,stabilizer_snapshot,legacy_intermediate,mg_mdps_cdeg,1,0x00,1,0,1100,1100
nose_up,,175466,8628,-0.992,-0.096,0.003,0.167,-0.153,-0.154,84.7,84.88,38.21,stabilizer_snapshot,legacy_intermediate,mg_mdps_cdeg,1,0x00,1,0,1100,1100
nose_up,,175586,8634,-0.991,-0.095,0.003,0.195,-0.112,-0.083,84.66,84.89,38.2,stabilizer_snapshot,legacy_intermediate,mg_mdps_cdeg,1,0x00,1,0,1100,1100
nose_up,,175686,8639,-0.99,-0.096,0.003,0.186,-0.07100000000000001,-0.07,84.69,84.9,38.25,stabilizer_snapshot,legacy_intermediate,mg_mdps_cdeg,1,0x00,1,0,1100,1100
nose_up,,175806,8645,-0.99,-0.096,0.003,0.16,-0.137,-0.057,84.68,84.91,38.25,stabilizer_snapshot,legacy_intermediate,mg_mdps_cdeg,1,0x00,1,0,1100,1100
nose_up,,175906,8650,-0.99,-0.096,0.003,0.199,-0.116,-0.083,84.66,84.92,38.25,stabilizer_snapshot,legacy_intermediate,mg_mdps_cdeg,1,0x00,1,0,1100,1100
nose_up,,176086,8659,-0.992,-0.095,0.003,0.21,-0.028,0.08700000000000001,84.75,84.92,38.38,stabilizer_snapshot,legacy_intermediate,mg_mdps_cdeg,1,0x00,1,0,1100,1100
nose_up,,176206,8665,-0.991,-0.095,0.003,0.178,-0.17300000000000001,-0.201,84.77,84.93,38.42,stabilizer_snapshot,legacy_intermediate,mg_mdps_cdeg,1,0x00,1,0,1100,1100
nose_up,,176286,8669,-0.991,-0.095,0.003,0.216,-0.183,-0.34700000000000003,84.67,84.96000000000001,38.34,stabilizer_snapshot,legacy_intermediate,mg_mdps_cdeg,1,0x00,1,0,1100,1100
nose_up,,176426,8676,-0.991,-0.095,0.004,0.215,-0.098,0.0,84.64,84.98,38.33,stabilizer_snapshot,legacy_intermediate,mg_mdps_cdeg,1,0x00,1,0,1100,1100
nose_up,,176546,8682,-0.989,-0.096,0.004,0.212,-0.113,-0.01,84.66,84.98,38.38,stabilizer_snapshot,legacy_intermediate,mg_mdps_cdeg,1,0x00,1,0,1100,1100
nose_up,,176666,8688,-0.991,-0.096,0.004,0.19,-0.099,-0.075,84.64,84.98,38.38,stabilizer_snapshot,legacy_intermediate,mg_mdps_cdeg,1,0x00,1,0,1100,1100
nose_up,,176786,8694,-0.991,-0.096,0.004,0.165,-0.17400000000000002,-0.11900000000000001,84.58,84.99,38.34,stabilizer_snapshot,legacy_intermediate,mg_mdps_cdeg,1,0x00,1,0,1100,1100
nose_up,,176886,8699,-0.99,-0.096,0.003,0.197,-0.114,-0.11,84.52,85.0,38.300000000000004,stabilizer_snapshot,legacy_intermediate,mg_mdps_cdeg,1,0x00,1,0,1100,1100
nose_up,,177046,8707,-0.99,-0.096,0.003,0.17500000000000002,-0.07,-0.069,84.59,85.0,38.39,stabilizer_snapshot,legacy_intermediate,mg_mdps_cdeg,1,0x00,1,0,1100,1100
nose_up,,177166,8713,-0.992,-0.096,0.003,0.189,-0.083,-0.018000000000000002,84.64,85.0,38.46,stabilizer_snapshot,legacy_intermediate,mg_mdps_cdeg,1,0x00,1,0,1100,1100
nose_down,,189606,9335,0.982,-0.11900000000000001,-0.022,-0.223,0.194,0.094,95.37,-85.23,34.52,stabilizer_snapshot,legacy_intermediate,mg_mdps_cdeg,1,0x00,1,0,1100,1100
nose_down,,189686,9339,0.982,-0.11900000000000001,-0.022,-0.20700000000000002,0.219,0.079,95.49,-85.14,34.42,stabilizer_snapshot,legacy_intermediate,mg_mdps_cdeg,1,0x00,1,0,1100,1100
nose_down,,189866,9348,0.982,-0.11900000000000001,-0.022,-0.20400000000000001,0.201,0.022,95.69,-84.93,34.27,stabilizer_snapshot,legacy_intermediate,mg_mdps_cdeg,1,0x00,1,0,1100,1100
nose_down,,189946,9352,0.983,-0.116,-0.022,-0.217,0.227,0.015,95.77,-84.85000000000001,34.21,stabilizer_snapshot,legacy_intermediate,mg_mdps_cdeg,1,0x00,1,0,1100,1100
nose_down,,190086,9359,0.981,-0.11900000000000001,-0.018000000000000002,-0.281,0.323,0.027,95.74000000000001,-84.72,34.300000000000004,stabilizer_snapshot,legacy_intermediate,mg_mdps_cdeg,1,0x00,1,0,1100,1100
nose_down,,190186,9364,0.98,-0.12,-0.02,-0.331,0.28300000000000003,-0.039,95.66,-84.63,34.410000000000004,stabilizer_snapshot,legacy_intermediate,mg_mdps_cdeg,1,0x00,1,0,1100,1100
nose_down,,190306,9370,0.981,-0.12,-0.021,-0.325,0.28700000000000003,-0.213,95.63,-84.49,34.49,stabilizer_snapshot,legacy_intermediate,mg_mdps_cdeg,1,0x00,1,0,1100,1100
nose_down,,190406,9375,0.981,-0.11800000000000001,-0.021,-0.249,0.28,0.024,95.63,-84.4,34.53,stabilizer_snapshot,legacy_intermediate,mg_mdps_cdeg,1,0x00,1,0,1100,1100
nose_down,,190526,9381,0.982,-0.11800000000000001,-0.022,-0.23600000000000002,0.186,0.08700000000000001,95.74000000000001,-84.31,34.45,stabilizer_snapshot,legacy_intermediate,mg_mdps_cdeg,1,0x00,1,0,1100,1100
nose_down,,190626,9386,0.98,-0.11800000000000001,-0.022,-0.243,0.20600000000000002,0.037,95.88,-84.24,34.34,stabilizer_snapshot,legacy_intermediate,mg_mdps_cdeg,1,0x00,1,0,1100,1100
nose_down,,190746,9392,0.981,-0.11800000000000001,-0.022,-0.258,0.231,0.03,95.99000000000001,-84.16,34.26,stabilizer_snapshot,legacy_intermediate,mg_mdps_cdeg,1,0x00,1,0,1100,1100
nose_down,,190866,9398,0.981,-0.117,-0.022,-0.246,0.233,-0.004,96.05,-84.09,34.24,stabilizer_snapshot,legacy_intermediate,mg_mdps_cdeg,1,0x00,1,0,1100,1100
nose_down,,190986,9404,0.981,-0.11800000000000001,-0.022,-0.265,0.19,0.064,96.15,-84.02,34.18,stabilizer_snapshot,legacy_intermediate,mg_mdps_cdeg,1,0x00,1,0,1100,1100
nose_down,,191106,9410,0.982,-0.11900000000000001,-0.022,-0.191,0.165,0.189,96.29,-83.96000000000001,34.07,stabilizer_snapshot,legacy_intermediate,mg_mdps_cdeg,1,0x00,1,0,1100,1100
nose_down,,191226,9416,0.981,-0.11900000000000001,-0.022,-0.17400000000000002,0.182,0.11800000000000001,96.39,-83.91,33.99,stabilizer_snapshot,legacy_intermediate,mg_mdps_cdeg,1,0x00,1,0,1100,1100
nose_down,,191326,9421,0.98,-0.11900000000000001,-0.022,-0.246,0.23,-0.007,96.44,-83.86,33.97,stabilizer_snapshot,legacy_intermediate,mg_mdps_cdeg,1,0x00,1,0,1100,1100
nose_down,,191426,9426,0.981,-0.11900000000000001,-0.022,-0.255,0.224,0.013000000000000001,96.46000000000001,-83.8,33.980000000000004,stabilizer_snapshot,legacy_intermediate,mg_mdps_cdeg,1,0x00,1,0,1100,1100
nose_down,,191546,9432,0.981,-0.11900000000000001,-0.022,-0.241,0.185,0.095,96.54,-83.75,33.93,stabilizer_snapshot,legacy_intermediate,mg_mdps_cdeg,1,0x00,1,0,1100,1100
nose_down,,191646,9437,0.98,-0.11900000000000001,-0.022,-0.241,0.199,0.056,96.61,-83.71000000000001,33.9,stabilizer_snapshot,legacy_intermediate,mg_mdps_cdeg,1,0x00,1,0,1100,1100
nose_down,,191746,9442,0.98,-0.11900000000000001,-0.022,-0.261,0.231,0.049,96.65,-83.67,33.88,stabilizer_snapshot,legacy_intermediate,mg_mdps_cdeg,1,0x00,1,0,1100,1100
nose_down,,191866,9448,0.98,-0.11900000000000001,-0.022,-0.23900000000000002,0.183,0.114,96.72,-83.62,33.84,stabilizer_snapshot,legacy_intermediate,mg_mdps_cdeg,1,0x00,1,0,1100,1100
nose_down,,191966,9453,0.981,-0.11900000000000001,-0.021,-0.26,0.258,-0.022,96.74000000000001,-83.58,33.85,stabilizer_snapshot,legacy_intermediate,mg_mdps_cdeg,1,0x00,1,0,1100,1100
nose_down,,192106,9460,0.982,-0.11800000000000001,-0.022,-0.256,0.244,-0.013000000000000001,96.72,-83.52,33.92,stabilizer_snapshot,legacy_intermediate,mg_mdps_cdeg,1,0x00,1,0,1100,1100
nose_down,,192186,9464,0.982,-0.11900000000000001,-0.022,-0.299,0.273,-0.055,96.69,-83.49,33.97,stabilizer_snapshot,legacy_intermediate,mg_mdps_cdeg,1,0x00,1,0,1100,1100
nose_down,,192306,9470,0.982,-0.11900000000000001,-0.022,-0.263,0.26,-0.005,96.65,-83.44,34.05,stabilizer_snapshot,legacy_intermediate,mg_mdps_cdeg,1,0x00,1,0,1100,1100
nose_down,,192426,9476,0.981,-0.11800000000000001,-0.022,-0.232,0.16,0.09,96.72,-83.41,34.02,stabilizer_snapshot,legacy_intermediate,mg_mdps_cdeg,1,0x00,1,0,1100,1100
nose_down,,192526,9481,0.982,-0.11900000000000001,-0.021,-0.25,0.183,0.128,96.79,-83.39,33.980000000000004,stabilizer_snapshot,legacy_intermediate,mg_mdps_cdeg,1,0x00,1,0,1100,1100
nose_down,,192646,9487,0.982,-0.11800000000000001,-0.022,-0.243,0.219,0.038,96.83,-83.37,33.96,stabilizer_snapshot,legacy_intermediate,mg_mdps_cdeg,1,0x00,1,0,1100,1100
nose_down,,192746,9492,0.98,-0.11800000000000001,-0.022,-0.23600000000000002,0.253,0.032,96.84,-83.34,33.99,stabilizer_snapshot,legacy_intermediate,mg_mdps_cdeg,1,0x00,1,0,1100,1100
nose_down,,192866,9498,0.981,-0.11800000000000001,-0.022,-0.257,0.20400000000000001,0.044,96.86,-83.32000000000001,34.0,stabilizer_snapshot,legacy_intermediate,mg_mdps_cdeg,1,0x00,1,0,1100,1100
nose_down,,192966,9503,0.981,-0.11800000000000001,-0.021,-0.264,0.217,0.053,96.89,-83.29,33.99,stabilizer_snapshot,legacy_intermediate,mg_mdps_cdeg,1,0x00,1,0,1100,1100
nose_down,,193066,9508,0.982,-0.11900000000000001,-0.021,-0.23800000000000002,0.214,0.059000000000000004,96.9,-83.28,34.01,stabilizer_snapshot,legacy_intermediate,mg_mdps_cdeg,1,0x00,1,0,1100,1100
nose_down,,193186,9514,0.981,-0.11900000000000001,-0.022,-0.23,0.195,0.092,96.92,-83.25,34.02,stabilizer_snapshot,legacy_intermediate,mg_mdps_cdeg,1,0x00,1,0,1100,1100
nose_down,,193286,9519,0.98,-0.11900000000000001,-0.021,-0.264,0.198,0.07100000000000001,96.97,-83.24,34.0,stabilizer_snapshot,legacy_intermediate,mg_mdps_cdeg,1,0x00,1,0,1100,1100
nose_down,,193406,9525,0.981,-0.11900000000000001,-0.021,-0.23700000000000002,0.23900000000000002,0.051000000000000004,96.96000000000001,-83.22,34.05,stabilizer_snapshot,legacy_intermediate,mg_mdps_cdeg,1,0x00,1,0,1100,1100
nose_down,,193526,9531,0.981,-0.11900000000000001,-0.022,-0.247,0.259,0.073,96.95,-83.2,34.09,stabilizer_snapshot,legacy_intermediate,mg_mdps_cdeg,1,0x00,1,0,1100,1100
nose_down,,193626,9536,0.983,-0.11800000000000001,-0.022,-0.263,0.203,-0.01,96.96000000000001,-83.18,34.11,stabilizer_snapshot,legacy_intermediate,mg_mdps_cdeg,1,0x00,1,0,1100,1100
nose_down,,193746,9542,0.983,-0.11800000000000001,-0.022,-0.25,0.211,0.021,96.98,-83.16,34.12,stabilizer_snapshot,legacy_intermediate,mg_mdps_cdeg,1,0x00,1,0,1100,1100
nose_down,,193846,9547,0.983,-0.11900000000000001,-0.021,-0.227,0.185,0.009000000000000001,97.01,-83.15,34.12,stabilizer_snapshot,legacy_intermediate,mg_mdps_cdeg,1,0x00,1,0,1100,1100
nose_down,,193946,9552,0.982,-0.11800000000000001,-0.022,-0.222,0.159,0.054,97.05,-83.13,34.1,stabilizer_snapshot,legacy_intermediate,mg_mdps_cdeg,1,0x00,1,0,1100,1100
nose_down,,194066,9558,0.981,-0.11800000000000001,-0.022,-0.228,0.217,0.076,97.10000000000001,-83.12,34.08,stabilizer_snapshot,legacy_intermediate,mg_mdps_cdeg,1,0x00,1,0,1100,1100
nose_down,,194166,9563,0.982,-0.11900000000000001,-0.022,-0.243,0.218,0.065,97.10000000000001,-83.11,34.11,stabilizer_snapshot,legacy_intermediate,mg_mdps_cdeg,1,0x00,1,0,1100,1100
nose_down,,194286,9569,0.981,-0.11900000000000001,-0.022,-0.229,0.214,0.083,97.14,-83.10000000000001,34.1,stabilizer_snapshot,legacy_intermediate,mg_mdps_cdeg,1,0x00,1,0,1100,1100
nose_down,,194386,9574,0.983,-0.11900000000000001,-0.022,-0.244,0.178,0.028,97.17,-83.09,34.09,stabilizer_snapshot,legacy_intermediate,mg_mdps_cdeg,1,0x00,1,0,1100,1100
nose_down,,194506,9580,0.982,-0.11900000000000001,-0.022,-0.266,0.226,0.039,97.19,-83.07000000000001,34.11,stabilizer_snapshot,legacy_intermediate,mg_mdps_cdeg,1,0x00,1,0,1100,1100
nose_down,,194606,9585,0.98,-0.11800000000000001,-0.022,-0.23900000000000002,0.226,0.006,97.17,-83.06,34.15,stabilizer_snapshot,legacy_intermediate,mg_mdps_cdeg,1,0x00,1,0,1100,1100
nose_down,,194706,9590,0.981,-0.11900000000000001,-0.022,-0.25,0.225,0.009000000000000001,97.17,-83.05,34.18,stabilizer_snapshot,legacy_intermediate,mg_mdps_cdeg,1,0x00,1,0,1100,1100
nose_down,,194826,9596,0.983,-0.11900000000000001,-0.022,-0.225,0.198,0.059000000000000004,97.2,-83.04,34.19,stabilizer_snapshot,legacy_intermediate,mg_mdps_cdeg,1,0x00,1,0,1100,1100
nose_down,,194926,9601,0.983,-0.11900000000000001,-0.022,-0.222,0.248,0.029,97.2,-83.03,34.21,stabilizer_snapshot,legacy_intermediate,mg_mdps_cdeg,1,0x00,1,0,1100,1100
nose_down,,195026,9606,0.982,-0.11900000000000001,-0.022,-0.23,0.212,0.048,97.19,-83.02,34.25,stabilizer_snapshot,legacy_intermediate,mg_mdps_cdeg,1,0x00,1,0,1100,1100
nose_down,,195206,9615,0.983,-0.11900000000000001,-0.022,-0.217,0.215,0.069,97.22,-83.01,34.26,stabilizer_snapshot,legacy_intermediate,mg_mdps_cdeg,1,0x00,1,0,1100,1100
nose_down,,195326,9621,0.982,-0.11900000000000001,-0.022,-0.228,0.199,0.047,97.23,-83.0,34.28,stabilizer_snapshot,legacy_intermediate,mg_mdps_cdeg,1,0x00,1,0,1100,1100
nose_down,,195466,9628,0.982,-0.11900000000000001,-0.022,-0.272,0.201,0.026000000000000002,97.26,-82.99,34.29,stabilizer_snapshot,legacy_intermediate,mg_mdps_cdeg,1,0x00,1,0,1100,1100
nose_down,,195586,9634,0.982,-0.11900000000000001,-0.022,-0.251,0.195,0.059000000000000004,97.31,-82.98,34.28,stabilizer_snapshot,legacy_intermediate,mg_mdps_cdeg,1,0x00,1,0,1100,1100
left_side_up,,217946,10752,-0.07200000000000001,-0.993,-0.039,0.032,-0.029,-0.011,-51.06,-71.81,177.87,stabilizer_snapshot,legacy_intermediate,mg_mdps_cdeg,1,0x00,1,0,1100,1100
left_side_up,,218066,10758,-0.07200000000000001,-0.994,-0.039,-0.028,0.052000000000000005,0.004,-51.06,-71.81,177.88,stabilizer_snapshot,legacy_intermediate,mg_mdps_cdeg,1,0x00,1,0,1100,1100
left_side_up,,218166,10763,-0.07200000000000001,-0.994,-0.039,0.004,0.051000000000000004,-0.016,-51.050000000000004,-71.81,177.86,stabilizer_snapshot,legacy_intermediate,mg_mdps_cdeg,1,0x00,1,0,1100,1100
left_side_up,,218286,10769,-0.07100000000000001,-0.994,-0.039,0.009000000000000001,-0.038,0.036000000000000004,-51.050000000000004,-71.81,177.86,stabilizer_snapshot,legacy_intermediate,mg_mdps_cdeg,1,0x00,1,0,1100,1100
left_side_up,,218406,10775,-0.073,-0.994,-0.039,0.031,0.026000000000000002,-0.004,-51.06,-71.81,177.87,stabilizer_snapshot,legacy_intermediate,mg_mdps_cdeg,1,0x00,1,0,1100,1100
left_side_up,,218526,10781,-0.07200000000000001,-0.994,-0.039,0.009000000000000001,0.019,-0.005,-51.050000000000004,-71.81,177.86,stabilizer_snapshot,legacy_intermediate,mg_mdps_cdeg,1,0x00,1,0,1100,1100
left_side_up,,218646,10787,-0.07100000000000001,-0.993,-0.039,0.002,-0.047,-0.028,-51.050000000000004,-71.81,177.86,stabilizer_snapshot,legacy_intermediate,mg_mdps_cdeg,1,0x00,1,0,1100,1100
left_side_up,,218746,10792,-0.07100000000000001,-0.993,-0.039,0.021,-0.005,-0.028,-51.050000000000004,-71.82000000000001,177.86,stabilizer_snapshot,legacy_intermediate,mg_mdps_cdeg,1,0x00,1,0,1100,1100
left_side_up,,218866,10798,-0.07100000000000001,-0.993,-0.038,0.004,0.007,-0.035,-51.04,-71.82000000000001,177.84,stabilizer_snapshot,legacy_intermediate,mg_mdps_cdeg,1,0x00,1,0,1100,1100
left_side_up,,218966,10803,-0.07100000000000001,-0.994,-0.038,-0.03,-0.031,-0.02,-51.04,-71.82000000000001,177.85,stabilizer_snapshot,legacy_intermediate,mg_mdps_cdeg,1,0x00,1,0,1100,1100
left_side_up,,219106,10810,-0.07100000000000001,-0.994,-0.038,0.028,-0.005,0.013000000000000001,-51.050000000000004,-71.82000000000001,177.85,stabilizer_snapshot,legacy_intermediate,mg_mdps_cdeg,1,0x00,1,0,1100,1100
left_side_up,,219186,10814,-0.07200000000000001,-0.994,-0.038,0.008,-0.008,-0.016,-51.050000000000004,-71.82000000000001,177.85,stabilizer_snapshot,legacy_intermediate,mg_mdps_cdeg,1,0x00,1,0,1100,1100
left_side_up,,219306,10820,-0.07200000000000001,-0.994,-0.038,0.005,0.013000000000000001,-0.061,-51.050000000000004,-71.82000000000001,177.85,stabilizer_snapshot,legacy_intermediate,mg_mdps_cdeg,1,0x00,1,0,1100,1100
left_side_up,,219426,10826,-0.073,-0.994,-0.038,0.021,0.019,-0.099,-51.02,-71.83,177.82,stabilizer_snapshot,legacy_intermediate,mg_mdps_cdeg,1,0x00,1,0,1100,1100
left_side_up,,219526,10831,-0.07200000000000001,-0.994,-0.038,0.005,0.04,-0.079,-50.99,-71.84,177.79,stabilizer_snapshot,legacy_intermediate,mg_mdps_cdeg,1,0x00,1,0,1100,1100
left_side_up,,219686,10839,-0.07100000000000001,-0.994,-0.038,-0.002,-0.059000000000000004,0.006,-51.0,-71.84,177.79,stabilizer_snapshot,legacy_intermediate,mg_mdps_cdeg,1,0x00,1,0,1100,1100
left_side_up,,219786,10844,-0.07200000000000001,-0.994,-0.038,-0.006,0.008,-0.065,-50.99,-71.84,177.79,stabilizer_snapshot,legacy_intermediate,mg_mdps_cdeg,1,0x00,1,0,1100,1100
left_side_up,,219906,10850,-0.07100000000000001,-0.994,-0.038,0.042,0.006,-0.035,-50.97,-71.85000000000001,177.77,stabilizer_snapshot,legacy_intermediate,mg_mdps_cdeg,1,0x00,1,0,1100,1100
left_side_up,,220006,10855,-0.07,-0.994,-0.038,0.009000000000000001,-0.004,-0.002,-50.980000000000004,-71.85000000000001,177.77,stabilizer_snapshot,legacy_intermediate,mg_mdps_cdeg,1,0x00,1,0,1100,1100
left_side_up,,220126,10861,-0.07100000000000001,-0.994,-0.038,-0.018000000000000002,-0.021,-0.08600000000000001,-50.96,-71.85000000000001,177.75,stabilizer_snapshot,legacy_intermediate,mg_mdps_cdeg,1,0x00,1,0,1100,1100
left_side_up,,220246,10867,-0.07100000000000001,-0.994,-0.038,0.022,0.016,-0.036000000000000004,-50.95,-71.86,177.74,stabilizer_snapshot,legacy_intermediate,mg_mdps_cdeg,1,0x00,1,0,1100,1100
left_side_up,,220326,10871,-0.07200000000000001,-0.994,-0.039,0.0,0.015,-0.029,-50.95,-71.86,177.73,stabilizer_snapshot,legacy_intermediate,mg_mdps_cdeg,1,0x00,1,0,1100,1100
left_side_up,,220446,10877,-0.073,-0.994,-0.039,0.005,0.0,-0.039,-50.93,-71.86,177.72,stabilizer_snapshot,legacy_intermediate,mg_mdps_cdeg,1,0x00,1,0,1100,1100
left_side_up,,220566,10883,-0.073,-0.993,-0.039,0.0,0.021,-0.041,-50.910000000000004,-71.87,177.70000000000002,stabilizer_snapshot,legacy_intermediate,mg_mdps_cdeg,1,0x00,1,0,1100,1100
left_side_up,,220666,10888,-0.07100000000000001,-0.993,-0.039,-0.008,-0.03,-0.04,-50.910000000000004,-71.87,177.70000000000002,stabilizer_snapshot,legacy_intermediate,mg_mdps_cdeg,1,0x00,1,0,1100,1100
left_side_up,,220766,10893,-0.07100000000000001,-0.993,-0.039,0.021,0.023,-0.01,-50.910000000000004,-71.87,177.69,stabilizer_snapshot,legacy_intermediate,mg_mdps_cdeg,1,0x00,1,0,1100,1100
left_side_up,,220886,10899,-0.07100000000000001,-0.994,-0.038,-0.025,0.015,-0.06,-50.89,-71.88,177.68,stabilizer_snapshot,legacy_intermediate,mg_mdps_cdeg,1,0x00,1,0,1100,1100
left_side_up,,220986,10904,-0.07200000000000001,-0.994,-0.038,-0.046,-0.012,0.002,-50.88,-71.88,177.67000000000002,stabilizer_snapshot,legacy_intermediate,mg_mdps_cdeg,1,0x00,1,0,1100,1100
left_side_up,,221106,10910,-0.07100000000000001,-0.994,-0.038,-0.012,0.021,-0.035,-31.44,-76.49,158.88,stabilizer_snapshot,legacy_intermediate,mg_mdps_cdeg,1,0x00,1,0,1100,1100
left_side_up,,221226,10916,-0.07,-0.994,-0.038,0.002,0.01,-0.044,0.15,-78.51,127.9,stabilizer_snapshot,legacy_intermediate,mg_mdps_cdeg,1,0x00,1,0,1100,1100
left_side_up,,221326,10921,-0.07100000000000001,-0.994,-0.038,-0.022,-0.057,0.0,25.21,-77.46000000000001,103.31,stabilizer_snapshot,legacy_intermediate,mg_mdps_cdeg,1,0x00,1,0,1100,1100
left_side_up,,221426,10926,-0.073,-0.994,-0.038,0.041,-0.014,-0.015,36.39,-76.05,92.4,stabilizer_snapshot,legacy_intermediate,mg_mdps_cdeg,1,0x00,1,0,1100,1100
left_side_up,,221546,10932,-0.073,-0.994,-0.038,-0.005,0.013000000000000001,-0.051000000000000004,46.77,-73.84,82.37,stabilizer_snapshot,legacy_intermediate,mg_mdps_cdeg,1,0x00,1,0,1100,1100
left_side_up,,221646,10937,-0.073,-0.994,-0.038,-0.023,-0.05,-0.066,53.35,-71.73,76.08,stabilizer_snapshot,legacy_intermediate,mg_mdps_cdeg,1,0x00,1,0,1100,1100
left_side_up,,221746,10942,-0.07200000000000001,-0.994,-0.038,0.002,0.03,-0.025,58.49,-69.46000000000001,71.23,stabilizer_snapshot,legacy_intermediate,mg_mdps_cdeg,1,0x00,1,0,1100,1100
left_side_up,,221886,10949,-0.07200000000000001,-0.994,-0.038,-0.03,0.02,-0.023,63.96,-66.14,66.16,stabilizer_snapshot,legacy_intermediate,mg_mdps_cdeg,1,0x00,1,0,1100,1100
left_side_up,,221966,10953,-0.07,-0.994,-0.038,-0.03,-0.034,-0.033,66.44,-64.2,63.910000000000004,stabilizer_snapshot,legacy_intermediate,mg_mdps_cdeg,1,0x00,1,0,1100,1100
left_side_up,,222086,10959,-0.07,-0.994,-0.038,0.002,-0.035,-0.033,69.52,-61.28,61.17,stabilizer_snapshot,legacy_intermediate,mg_mdps_cdeg,1,0x00,1,0,1100,1100
left_side_up,,222266,10968,-0.07100000000000001,-0.994,-0.038,-0.025,-0.04,-0.001,73.08,-56.93,58.11,stabilizer_snapshot,legacy_intermediate,mg_mdps_cdeg,1,0x00,1,0,1100,1100
left_side_up,,222386,10974,-0.07200000000000001,-0.994,-0.038,-0.014,0.002,-0.069,74.96000000000001,-54.08,56.550000000000004,stabilizer_snapshot,legacy_intermediate,mg_mdps_cdeg,1,0x00,1,0,1100,1100
left_side_up,,222506,10980,-0.07100000000000001,-0.994,-0.038,0.025,-0.012,-0.014,76.55,-51.28,55.29,stabilizer_snapshot,legacy_intermediate,mg_mdps_cdeg,1,0x00,1,0,1100,1100
left_side_up,,222626,10986,-0.069,-0.994,-0.038,0.002,-0.016,-0.025,77.9,-48.56,54.25,stabilizer_snapshot,legacy_intermediate,mg_mdps_cdeg,1,0x00,1,0,1100,1100
left_side_up,,222726,10991,-0.069,-0.994,-0.038,0.025,0.027,-0.031,78.89,-46.36,53.52,stabilizer_snapshot,legacy_intermediate,mg_mdps_cdeg,1,0x00,1,0,1100,1100
left_side_up,,222846,10997,-0.07100000000000001,-0.994,-0.038,0.0,-0.013000000000000001,-0.043000000000000003,79.95,-43.79,52.76,stabilizer_snapshot,legacy_intermediate,mg_mdps_cdeg,1,0x00,1,0,1100,1100
left_side_up,,222946,11002,-0.07200000000000001,-0.993,-0.037,-0.005,-0.037,-0.002,80.73,-41.71,52.230000000000004,stabilizer_snapshot,legacy_intermediate,mg_mdps_cdeg,1,0x00,1,0,1100,1100
left_side_up,,223066,11008,-0.07200000000000001,-0.994,-0.038,0.012,-0.003,-0.042,81.58,-39.31,51.67,stabilizer_snapshot,legacy_intermediate,mg_mdps_cdeg,1,0x00,1,0,1100,1100
left_side_up,,223186,11014,-0.07200000000000001,-0.994,-0.038,0.018000000000000002,0.005,-0.048,82.33,-36.99,51.21,stabilizer_snapshot,legacy_intermediate,mg_mdps_cdeg,1,0x00,1,0,1100,1100
left_side_up,,223286,11019,-0.07200000000000001,-0.994,-0.038,-0.01,0.035,-0.015,82.9,-35.14,50.870000000000005,stabilizer_snapshot,legacy_intermediate,mg_mdps_cdeg,1,0x00,1,0,1100,1100
left_side_up,,223386,11024,-0.07100000000000001,-0.994,-0.038,-0.002,0.048,-0.014,83.43,-33.35,50.58,stabilizer_snapshot,legacy_intermediate,mg_mdps_cdeg,1,0x00,1,0,1100,1100
left_side_up,,223506,11030,-0.07100000000000001,-0.994,-0.039,-0.014,0.0,-0.04,84.0,-31.3,50.27,stabilizer_snapshot,legacy_intermediate,mg_mdps_cdeg,1,0x00,1,0,1100,1100
left_side_up,,223606,11035,-0.07100000000000001,-0.994,-0.038,-0.015,0.017,-0.023,84.45,-29.66,50.04,stabilizer_snapshot,legacy_intermediate,mg_mdps_cdeg,1,0x00,1,0,1100,1100
left_side_up,,223706,11040,-0.07200000000000001,-0.994,-0.038,0.01,0.026000000000000002,-0.045,84.86,-28.09,49.84,stabilizer_snapshot,legacy_intermediate,mg_mdps_cdeg,1,0x00,1,0,1100,1100
left_side_up,,223826,11046,-0.07100000000000001,-0.994,-0.038,-0.009000000000000001,0.017,-0.026000000000000002,85.32000000000001,-26.28,49.63,stabilizer_snapshot,legacy_intermediate,mg_mdps_cdeg,1,0x00,1,0,1100,1100
left_side_up,,223966,11053,-0.07100000000000001,-0.994,-0.039,0.016,-0.002,-0.025,85.81,-24.29,49.42,stabilizer_snapshot,legacy_intermediate,mg_mdps_cdeg,1,0x00,1,0,1100,1100
left_side_up,,224106,11060,-0.07100000000000001,-0.994,-0.039,0.012,-0.007,-0.025,86.25,-22.41,49.24,stabilizer_snapshot,legacy_intermediate,mg_mdps_cdeg,1,0x00,1,0,1100,1100
left_side_up,,224186,11064,-0.07100000000000001,-0.993,-0.038,-0.005,0.016,-0.032,86.49,-21.39,49.15,stabilizer_snapshot,legacy_intermediate,mg_mdps_cdeg,1,0x00,1,0,1100,1100
left_side_up,,224306,11070,-0.07100000000000001,-0.993,-0.038,0.019,-0.034,0.033,86.82000000000001,-19.93,49.03,stabilizer_snapshot,legacy_intermediate,mg_mdps_cdeg,1,0x00,1,0,1100,1100
left_side_up,,224426,11076,-0.07200000000000001,-0.994,-0.038,0.0,-0.001,-0.08,87.13,-18.54,48.92,stabilizer_snapshot,legacy_intermediate,mg_mdps_cdeg,1,0x00,1,0,1100,1100
left_side_up,,224546,11082,-0.07200000000000001,-0.994,-0.038,0.003,0.01,0.008,87.42,-17.22,48.84,stabilizer_snapshot,legacy_intermediate,mg_mdps_cdeg,1,0x00,1,0,1100,1100
right_side_up,,244845,12352,0.002,1.0,-0.055,-0.08700000000000001,0.097,0.024,-94.06,1.04,-167.83,stabilizer_snapshot,legacy_intermediate,mg_mdps_cdeg,1,0x00,1,0,1100,1100
right_side_up,,244945,12357,0.002,1.0,-0.055,-0.025,-0.024,-0.025,-94.03,1.0,-167.83,stabilizer_snapshot,legacy_intermediate,mg_mdps_cdeg,1,0x00,1,0,1100,1100
right_side_up,,245065,12363,0.001,1.0,-0.055,0.051000000000000004,0.095,-0.07,-94.0,0.9500000000000001,-167.83,stabilizer_snapshot,legacy_intermediate,mg_mdps_cdeg,1,0x00,1,0,1100,1100
right_side_up,,245165,12368,0.004,0.999,-0.056,-0.108,0.186,-0.003,-93.98,0.91,-167.85,stabilizer_snapshot,legacy_intermediate,mg_mdps_cdeg,1,0x00,1,0,1100,1100
right_side_up,,245285,12374,0.007,0.999,-0.056,-0.039,-0.248,-0.094,-93.95,0.85,-167.84,stabilizer_snapshot,legacy_intermediate,mg_mdps_cdeg,1,0x00,1,0,1100,1100
right_side_up,,245385,12379,0.001,1.0,-0.055,-0.123,0.228,0.184,-93.92,0.8200000000000001,-167.84,stabilizer_snapshot,legacy_intermediate,mg_mdps_cdeg,1,0x00,1,0,1100,1100
right_side_up,,245505,12385,0.007,1.0,-0.055,-0.11800000000000001,0.2,0.116,-93.89,0.8,-167.88,stabilizer_snapshot,legacy_intermediate,mg_mdps_cdeg,1,0x00,1,0,1100,1100
right_side_up,,245625,12391,0.007,0.999,-0.055,-0.035,-0.23900000000000002,-0.129,-93.87,0.73,-167.86,stabilizer_snapshot,legacy_intermediate,mg_mdps_cdeg,1,0x00,1,0,1100,1100
right_side_up,,245705,12395,0.002,0.999,-0.054,-0.152,0.157,0.07,-93.84,0.71,-167.86,stabilizer_snapshot,legacy_intermediate,mg_mdps_cdeg,1,0x00,1,0,1100,1100
right_side_up,,245825,12401,0.002,0.999,-0.055,0.026000000000000002,0.579,0.149,-93.83,0.7000000000000001,-167.92000000000002,stabilizer_snapshot,legacy_intermediate,mg_mdps_cdeg,1,0x00,1,0,1100,1100
right_side_up,,245945,12407,0.01,0.999,-0.055,0.067,-0.115,-0.19,-93.8,0.64,-167.94,stabilizer_snapshot,legacy_intermediate,mg_mdps_cdeg,1,0x00,1,0,1100,1100
right_side_up,,246045,12412,0.007,0.999,-0.056,-0.037,-0.28,-0.194,-93.79,0.58,-167.91,stabilizer_snapshot,legacy_intermediate,mg_mdps_cdeg,1,0x00,1,0,1100,1100
right_side_up,,246165,12418,0.0,0.999,-0.054,-0.014,0.257,0.17200000000000001,-93.78,0.5700000000000001,-167.91,stabilizer_snapshot,legacy_intermediate,mg_mdps_cdeg,1,0x00,1,0,1100,1100
right_side_up,,246265,12423,0.001,1.0,-0.054,0.007,0.41100000000000003,0.20500000000000002,-93.76,0.5700000000000001,-167.95000000000002,stabilizer_snapshot,legacy_intermediate,mg_mdps_cdeg,1,0x00,1,0,1100,1100
right_side_up,,246365,12428,0.01,0.999,-0.055,-0.101,-0.221,-0.188,-93.75,0.54,-167.96,stabilizer_snapshot,legacy_intermediate,mg_mdps_cdeg,1,0x00,1,0,1100,1100
right_side_up,,246485,12434,0.004,1.0,-0.057,0.125,-0.17300000000000001,-0.10200000000000001,-93.75,0.48,-167.92000000000002,stabilizer_snapshot,legacy_intermediate,mg_mdps_cdeg,1,0x00,1,0,1100,1100
right_side_up,,246585,12439,-0.001,0.999,-0.054,0.061,0.596,0.257,-93.75,0.48,-167.95000000000002,stabilizer_snapshot,legacy_intermediate,mg_mdps_cdeg,1,0x00,1,0,1100,1100
right_side_up,,246685,12444,0.009000000000000001,0.999,-0.055,-0.113,0.28,0.06,-93.73,0.48,-168.01,stabilizer_snapshot,legacy_intermediate,mg_mdps_cdeg,1,0x00,1,0,1100,1100
right_side_up,,246805,12450,0.011,0.999,-0.056,-0.008,-0.47800000000000004,-0.395,-93.72,0.4,-167.98,stabilizer_snapshot,legacy_intermediate,mg_mdps_cdeg,1,0x00,1,0,1100,1100
right_side_up,,246905,12455,0.001,1.0,-0.055,0.169,0.041,0.018000000000000002,-93.72,0.36,-167.95000000000002,stabilizer_snapshot,legacy_intermediate,mg_mdps_cdeg,1,0x00,1,0,1100,1100
right_side_up,,247025,12461,0.0,0.999,-0.053,-0.17200000000000001,0.606,0.214,-93.7,0.39,-168.01,stabilizer_snapshot,legacy_intermediate,mg_mdps_cdeg,1,0x00,1,0,1100,1100
right_side_up,,247145,12467,0.011,0.999,-0.056,-0.022,-0.305,-0.23800000000000002,-93.68,0.36,-168.02,stabilizer_snapshot,legacy_intermediate,mg_mdps_cdeg,1,0x00,1,0,1100,1100
right_side_up,,247245,12472,0.008,0.999,-0.056,0.018000000000000002,-0.381,-0.294,-93.68,0.3,-167.97,stabilizer_snapshot,legacy_intermediate,mg_mdps_cdeg,1,0x00,1,0,1100,1100
right_side_up,,247365,12478,0.0,0.999,-0.055,-0.032,0.341,0.145,-93.67,0.29,-167.98,stabilizer_snapshot,legacy_intermediate,mg_mdps_cdeg,1,0x00,1,0,1100,1100
right_side_up,,247465,12483,0.005,0.999,-0.055,0.006,0.183,0.053,-93.67,0.3,-168.01,stabilizer_snapshot,legacy_intermediate,mg_mdps_cdeg,1,0x00,1,0,1100,1100
right_side_up,,247585,12489,0.007,1.0,-0.055,-0.007,-0.18,-0.13,-93.65,0.26,-168.0,stabilizer_snapshot,legacy_intermediate,mg_mdps_cdeg,1,0x00,1,0,1100,1100
right_side_up,,247685,12494,0.004,0.999,-0.055,-0.02,0.01,0.007,-93.65,0.25,-167.99,stabilizer_snapshot,legacy_intermediate,mg_mdps_cdeg,1,0x00,1,0,1100,1100
right_side_up,,247785,12499,0.004,0.999,-0.055,0.03,0.111,-0.01,-93.65,0.24,-168.0,stabilizer_snapshot,legacy_intermediate,mg_mdps_cdeg,1,0x00,1,0,1100,1100
right_side_up,,247905,12505,0.004,0.999,-0.055,-0.007,0.018000000000000002,-0.082,-93.64,0.22,-168.01,stabilizer_snapshot,legacy_intermediate,mg_mdps_cdeg,1,0x00,1,0,1100,1100
right_side_up,,248005,12510,0.003,1.0,-0.055,0.003,0.065,-0.001,-93.64,0.22,-168.01,stabilizer_snapshot,legacy_intermediate,mg_mdps_cdeg,1,0x00,1,0,1100,1100
right_side_up,,248125,12516,0.005,1.0,-0.056,-0.009000000000000001,0.091,0.005,-93.63,0.21,-168.02,stabilizer_snapshot,legacy_intermediate,mg_mdps_cdeg,1,0x00,1,0,1100,1100
right_side_up,,248285,12524,0.007,0.999,-0.055,0.012,-0.001,-0.07,-93.62,0.18,-168.03,stabilizer_snapshot,legacy_intermediate,mg_mdps_cdeg,1,0x00,1,0,1100,1100
right_side_up,,248405,12530,0.005,0.999,-0.056,0.009000000000000001,0.058,-0.009000000000000001,-93.62,0.17,-168.03,stabilizer_snapshot,legacy_intermediate,mg_mdps_cdeg,1,0x00,1,0,1100,1100
right_side_up,,248505,12535,0.005,0.999,-0.056,-0.064,0.11800000000000001,-0.02,-93.62,0.16,-168.05,stabilizer_snapshot,legacy_intermediate,mg_mdps_cdeg,1,0x00,1,0,1100,1100
right_side_up,,248645,12542,0.006,0.999,-0.055,0.021,-0.033,-0.076,-93.61,0.14,-168.04,stabilizer_snapshot,legacy_intermediate,mg_mdps_cdeg,1,0x00,1,0,1100,1100
right_side_up,,248765,12548,0.004,1.0,-0.055,-0.011,0.108,-0.001,-93.61,0.13,-168.05,stabilizer_snapshot,legacy_intermediate,mg_mdps_cdeg,1,0x00,1,0,1100,1100
right_side_up,,248865,12553,0.004,1.0,-0.055,-0.029,0.114,-0.017,-93.60000000000001,0.13,-168.06,stabilizer_snapshot,legacy_intermediate,mg_mdps_cdeg,1,0x00,1,0,1100,1100
right_side_up,,248985,12559,0.006,1.0,-0.055,-0.011,-0.049,-0.111,-93.60000000000001,0.11,-168.07,stabilizer_snapshot,legacy_intermediate,mg_mdps_cdeg,1,0x00,1,0,1100,1100
right_side_up,,249085,12564,0.002,1.0,-0.055,-0.002,-0.052000000000000005,-0.074,-93.60000000000001,0.1,-168.06,stabilizer_snapshot,legacy_intermediate,mg_mdps_cdeg,1,0x00,1,0,1100,1100
right_side_up,,249205,12570,0.003,0.999,-0.055,-0.011,0.311,0.08600000000000001,-93.59,0.12,-168.08,stabilizer_snapshot,legacy_intermediate,mg_mdps_cdeg,1,0x00,1,0,1100,1100
right_side_up,,249325,12576,0.008,0.999,-0.055,0.017,-0.23500000000000001,-0.183,-93.59,0.1,-168.08,stabilizer_snapshot,legacy_intermediate,mg_mdps_cdeg,1,0x00,1,0,1100,1100
right_side_up,,249425,12581,0.003,1.0,-0.055,0.012,-0.03,-0.031,-93.59,0.08,-168.07,stabilizer_snapshot,legacy_intermediate,mg_mdps_cdeg,1,0x00,1,0,1100,1100
right_side_up,,249545,12587,0.004,1.0,-0.056,-0.064,0.316,0.092,-93.59,0.1,-168.09,stabilizer_snapshot,legacy_intermediate,mg_mdps_cdeg,1,0x00,1,0,1100,1100
right_side_up,,249645,12592,0.009000000000000001,1.0,-0.056,0.008,-0.178,-0.198,-93.58,0.08,-168.1,stabilizer_snapshot,legacy_intermediate,mg_mdps_cdeg,1,0x00,1,0,1100,1100
right_side_up,,249765,12598,0.004,1.0,-0.056,-0.014,-0.027,-0.031,-93.58,0.06,-168.08,stabilizer_snapshot,legacy_intermediate,mg_mdps_cdeg,1,0x00,1,0,1100,1100
right_side_up,,249865,12603,0.004,1.0,-0.055,-0.02,0.34400000000000003,0.14400000000000002,-93.58,0.07,-168.1,stabilizer_snapshot,legacy_intermediate,mg_mdps_cdeg,1,0x00,1,0,1100,1100
right_side_up,,250045,12612,0.009000000000000001,1.0,-0.055,0.01,-0.313,-0.24,-93.58,0.04,-168.09,stabilizer_snapshot,legacy_intermediate,mg_mdps_cdeg,1,0x00,1,0,1100,1100
right_side_up,,250165,12618,0.0,1.0,-0.055,-0.037,0.163,0.098,-93.58,0.04,-168.09,stabilizer_snapshot,legacy_intermediate,mg_mdps_cdeg,1,0x00,1,0,1100,1100
right_side_up,,250285,12624,0.004,1.0,-0.055,-0.018000000000000002,0.169,0.051000000000000004,-93.57000000000001,0.07,-168.12,stabilizer_snapshot,legacy_intermediate,mg_mdps_cdeg,1,0x00,1,0,1100,1100
right_side_up,,250405,12630,0.007,1.0,-0.055,-0.036000000000000004,-0.274,-0.23700000000000002,-93.57000000000001,0.04,-168.1,stabilizer_snapshot,legacy_intermediate,mg_mdps_cdeg,1,0x00,1,0,1100,1100
right_side_up,,250525,12636,0.002,0.999,-0.055,-0.002,0.183,0.107,-93.57000000000001,0.04,-168.09,stabilizer_snapshot,legacy_intermediate,mg_mdps_cdeg,1,0x00,1,0,1100,1100
right_side_up,,250625,12641,0.006,1.0,-0.055,0.024,0.27,0.097,-93.57000000000001,0.05,-168.12,stabilizer_snapshot,legacy_intermediate,mg_mdps_cdeg,1,0x00,1,0,1100,1100
right_side_up,,250725,12646,0.008,1.0,-0.055,-0.009000000000000001,-0.11800000000000001,-0.108,-93.57000000000001,0.04,-168.13,stabilizer_snapshot,legacy_intermediate,mg_mdps_cdeg,1,0x00,1,0,1100,1100
right_side_up,,250905,12655,0.003,0.999,-0.055,-0.008,0.13,0.0,-93.57000000000001,0.03,-168.12,stabilizer_snapshot,legacy_intermediate,mg_mdps_cdeg,1,0x00,1,0,1100,1100
right_side_up,,251045,12662,0.005,1.0,-0.055,-0.025,-0.037,-0.10200000000000001,-93.56,0.03,-168.12,stabilizer_snapshot,legacy_intermediate,mg_mdps_cdeg,1,0x00,1,0,1100,1100
right_side_up,,251165,12668,0.006,1.0,-0.056,-0.011,-0.113,-0.13,-93.56,0.01,-168.11,stabilizer_snapshot,legacy_intermediate,mg_mdps_cdeg,1,0x00,1,0,1100,1100
right_side_up,,251285,12674,0.005,1.0,-0.057,0.056,0.014,-0.028,-93.57000000000001,0.0,-168.11,stabilizer_snapshot,legacy_intermediate,mg_mdps_cdeg,1,0x00,1,0,1100,1100
right_side_up,,251445,12682,0.004,1.0,-0.055,0.092,0.105,0.034,-93.59,0.01,-168.12,stabilizer_snapshot,legacy_intermediate,mg_mdps_cdeg,1,0x00,1,0,1100,1100
right_side_up,,251545,12687,0.005,1.0,-0.055,0.047,0.163,0.033,-93.59,0.02,-168.13,stabilizer_snapshot,legacy_intermediate,mg_mdps_cdeg,1,0x00,1,0,1100,1100
right_side_up,,251705,12695,0.005,0.999,-0.055,0.067,0.16,0.02,-93.60000000000001,0.02,-168.16,stabilizer_snapshot,legacy_intermediate,mg_mdps_cdeg,1,0x00,1,0,1100,1100
right_side_up,,251805,12700,0.005,0.999,-0.055,0.004,0.16,0.047,-93.61,0.02,-168.17000000000002,stabilizer_snapshot,legacy_intermediate,mg_mdps_cdeg,1,0x00,1,0,1100,1100
right_side_up,,251925,12706,0.006,0.999,-0.056,-0.001,0.041,0.027,-93.60000000000001,0.03,-168.19,stabilizer_snapshot,legacy_intermediate,mg_mdps_cdeg,1,0x00,1,0,1100,1100
inverted,,286685,14444,-0.042,0.017,-1.004,-0.052000000000000005,0.07,0.269,-179.24,2.68,-134.61,stabilizer_snapshot,legacy_intermediate,mg_mdps_cdeg,1,0x00,1,0,1100,1100
inverted,,286785,14449,-0.041,0.018000000000000002,-1.004,-0.047,-0.318,-0.493,-179.24,2.7,-134.59,stabilizer_snapshot,legacy_intermediate,mg_mdps_cdeg,1,0x00,1,0,1100,1100
inverted,,286905,14455,-0.044,0.018000000000000002,-1.0030000000000001,-0.052000000000000005,-0.552,-0.496,-179.24,2.77,-134.51,stabilizer_snapshot,legacy_intermediate,mg_mdps_cdeg,1,0x00,1,0,1100,1100
inverted,,287005,14460,-0.047,0.018000000000000002,-1.004,-0.05,0.129,-0.221,-179.23,2.79,-134.48,stabilizer_snapshot,legacy_intermediate,mg_mdps_cdeg,1,0x00,1,0,1100,1100
inverted,,287105,14465,-0.044,0.018000000000000002,-1.004,-0.033,0.29,0.183,-179.23,2.77,-134.48,stabilizer_snapshot,legacy_intermediate,mg_mdps_cdeg,1,0x00,1,0,1100,1100
inverted,,287205,14470,-0.041,0.018000000000000002,-1.004,-0.031,-0.383,0.165,-179.24,2.7800000000000002,-134.49,stabilizer_snapshot,legacy_intermediate,mg_mdps_cdeg,1,0x00,1,0,1100,1100
inverted,,287325,14476,-0.044,0.018000000000000002,-1.0030000000000001,-0.036000000000000004,-0.5720000000000001,-0.078,-179.24,2.85,-134.5,stabilizer_snapshot,legacy_intermediate,mg_mdps_cdeg,1,0x00,1,0,1100,1100
inverted,,287465,14483,-0.048,0.018000000000000002,-1.004,-0.038,-0.115,-0.28500000000000003,-179.23,2.91,-134.47,stabilizer_snapshot,legacy_intermediate,mg_mdps_cdeg,1,0x00,1,0,1100,1100
inverted,,287605,14490,-0.046,0.018000000000000002,-1.004,-0.027,-0.094,0.257,-179.24,2.93,-134.49,stabilizer_snapshot,legacy_intermediate,mg_mdps_cdeg,1,0x00,1,0,1100,1100
inverted,,287725,14496,-0.048,0.018000000000000002,-1.004,-0.038,0.233,0.0,-179.24,2.93,-134.5,stabilizer_snapshot,legacy_intermediate,mg_mdps_cdeg,1,0x00,1,0,1100,1100
inverted,,287845,14502,-0.046,0.019,-1.004,-0.02,0.521,0.215,-179.24,2.89,-134.51,stabilizer_snapshot,legacy_intermediate,mg_mdps_cdeg,1,0x00,1,0,1100,1100
inverted,,287965,14508,-0.043000000000000003,0.018000000000000002,-1.0030000000000001,-0.026000000000000002,0.429,0.983,-179.24,2.84,-134.59,stabilizer_snapshot,legacy_intermediate,mg_mdps_cdeg,1,0x00,1,0,1100,1100
inverted,,288085,14514,-0.041,0.018000000000000002,-1.004,-0.047,0.293,-0.421,-179.24,2.79,-134.63,stabilizer_snapshot,legacy_intermediate,mg_mdps_cdeg,1,0x00,1,0,1100,1100
inverted,,288245,14522,-0.042,0.018000000000000002,-1.004,-0.048,-0.45,-0.9520000000000001,-179.23,2.81,-134.52,stabilizer_snapshot,legacy_intermediate,mg_mdps_cdeg,1,0x00,1,0,1100,1100
inverted,,288345,14527,-0.043000000000000003,0.018000000000000002,-1.004,-0.027,-0.419,-0.614,-179.23,2.85,-134.44,stabilizer_snapshot,legacy_intermediate,mg_mdps_cdeg,1,0x00,1,0,1100,1100
inverted,,288465,14533,-0.047,0.018000000000000002,-1.004,-0.032,-0.337,-0.393,-179.23,2.91,-134.4,stabilizer_snapshot,legacy_intermediate,mg_mdps_cdeg,1,0x00,1,0,1100,1100
inverted,,288605,14540,-0.049,0.019,-1.004,-0.042,-0.076,0.28800000000000003,-179.23,2.95,-134.37,stabilizer_snapshot,legacy_intermediate,mg_mdps_cdeg,1,0x00,1,0,1100,1100
inverted,,288685,14544,-0.048,0.018000000000000002,-1.004,-0.012,-0.056,0.33,-179.23,2.96,-134.39000000000001,stabilizer_snapshot,legacy_intermediate,mg_mdps_cdeg,1,0x00,1,0,1100,1100
inverted,,288805,14550,-0.048,0.018000000000000002,-1.0030000000000001,-0.025,0.112,0.365,-179.23,2.96,-134.44,stabilizer_snapshot,legacy_intermediate,mg_mdps_cdeg,1,0x00,1,0,1100,1100
inverted,,288925,14556,-0.047,0.018000000000000002,-1.0030000000000001,-0.038,0.138,0.429,-179.24,2.96,-134.5,stabilizer_snapshot,legacy_intermediate,mg_mdps_cdeg,1,0x00,1,0,1100,1100
inverted,,289025,14561,-0.046,0.018000000000000002,-1.0030000000000001,-0.062,0.004,0.012,-179.24,2.95,-134.52,stabilizer_snapshot,legacy_intermediate,mg_mdps_cdeg,1,0x00,1,0,1100,1100
inverted,,289125,14566,-0.046,0.018000000000000002,-1.004,-0.053,-0.17,-0.596,-179.23,2.96,-134.47,stabilizer_snapshot,legacy_intermediate,mg_mdps_cdeg,1,0x00,1,0,1100,1100
inverted,,289245,14572,-0.046,0.017,-1.004,-0.033,-0.084,0.137,-179.23,2.98,-134.46,stabilizer_snapshot,legacy_intermediate,mg_mdps_cdeg,1,0x00,1,0,1100,1100
inverted,,289345,14577,-0.045,0.017,-1.004,-0.035,-0.255,-0.7020000000000001,-179.23,3.0,-134.43,stabilizer_snapshot,legacy_intermediate,mg_mdps_cdeg,1,0x00,1,0,1100,1100
inverted,,289465,14583,-0.047,0.018000000000000002,-1.004,-0.052000000000000005,-0.157,-0.656,-179.23,3.02,-134.33,stabilizer_snapshot,legacy_intermediate,mg_mdps_cdeg,1,0x00,1,0,1100,1100
inverted,,289585,14589,-0.05,0.017,-1.004,-0.001,0.388,1.409,-179.24,3.02,-134.38,stabilizer_snapshot,legacy_intermediate,mg_mdps_cdeg,1,0x00,1,0,1100,1100
inverted,,289685,14594,-0.05,0.018000000000000002,-1.004,-0.007,1.301,1.689,-179.25,2.94,-134.56,stabilizer_snapshot,legacy_intermediate,mg_mdps_cdeg,1,0x00,1,0,1100,1100
inverted,,289785,14599,-0.043000000000000003,0.018000000000000002,-1.004,-0.016,0.533,0.213,-179.26,2.85,-134.65,stabilizer_snapshot,legacy_intermediate,mg_mdps_cdeg,1,0x00,1,0,1100,1100
inverted,,289905,14605,-0.035,0.018000000000000002,-1.004,-0.047,-1.297,-1.673,-179.25,2.9,-134.54,stabilizer_snapshot,legacy_intermediate,mg_mdps_cdeg,1,0x00,1,0,1100,1100
inverted,,290005,14610,-0.045,0.018000000000000002,-1.004,-0.047,-1.006,-1.451,-179.24,3.0100000000000002,-134.37,stabilizer_snapshot,legacy_intermediate,mg_mdps_cdeg,1,0x00,1,0,1100,1100
inverted,,290105,14615,-0.054,0.018000000000000002,-1.004,-0.026000000000000002,0.07100000000000001,-0.111,-179.24,3.0500000000000003,-134.3,stabilizer_snapshot,legacy_intermediate,mg_mdps_cdeg,1,0x00,1,0,1100,1100
inverted,,290225,14621,-0.055,0.018000000000000002,-1.004,-0.014,1.089,1.177,-179.24,3.0,-134.39000000000001,stabilizer_snapshot,legacy_intermediate,mg_mdps_cdeg,1,0x00,1,0,1100,1100
inverted,,290345,14627,-0.045,0.018000000000000002,-1.004,0.008,0.255,0.5720000000000001,-179.25,2.93,-134.51,stabilizer_snapshot,legacy_intermediate,mg_mdps_cdeg,1,0x00,1,0,1100,1100
inverted,,290465,14633,-0.042,0.018000000000000002,-1.004,-0.045,-0.23800000000000002,-0.886,-179.25,2.93,-134.48,stabilizer_snapshot,legacy_intermediate,mg_mdps_cdeg,1,0x00,1,0,1100,1100
inverted,,290545,14637,-0.043000000000000003,0.017,-1.004,-0.042,-0.339,0.03,-179.25,2.95,-134.44,stabilizer_snapshot,legacy_intermediate,mg_mdps_cdeg,1,0x00,1,0,1100,1100
inverted,,290665,14643,-0.046,0.018000000000000002,-1.0030000000000001,-0.022,0.022,0.147,-179.25,2.96,-134.46,stabilizer_snapshot,legacy_intermediate,mg_mdps_cdeg,1,0x00,1,0,1100,1100
inverted,,290785,14649,-0.05,0.018000000000000002,-1.0030000000000001,-0.027,-0.002,0.489,-179.25,2.98,-134.51,stabilizer_snapshot,legacy_intermediate,mg_mdps_cdeg,1,0x00,1,0,1100,1100
inverted,,290885,14654,-0.049,0.018000000000000002,-1.004,-0.061,0.177,0.296,-179.25,2.98,-134.55,stabilizer_snapshot,legacy_intermediate,mg_mdps_cdeg,1,0x00,1,0,1100,1100
inverted,,291005,14660,-0.046,0.018000000000000002,-1.004,-0.038,-0.10200000000000001,-0.11900000000000001,-179.25,2.98,-134.56,stabilizer_snapshot,legacy_intermediate,mg_mdps_cdeg,1,0x00,1,0,1100,1100
inverted,,291105,14665,-0.048,0.018000000000000002,-1.004,-0.02,0.147,0.519,-179.25,2.98,-134.57,stabilizer_snapshot,legacy_intermediate,mg_mdps_cdeg,1,0x00,1,0,1100,1100
inverted,,291265,14673,-0.045,0.018000000000000002,-1.0030000000000001,-0.032,-0.28600000000000003,0.395,-179.25,2.98,-134.59,stabilizer_snapshot,legacy_intermediate,mg_mdps_cdeg,1,0x00,1,0,1100,1100
inverted,,291385,14679,-0.046,0.018000000000000002,-1.0030000000000001,0.015,-0.483,0.638,-179.26,3.04,-134.69,stabilizer_snapshot,legacy_intermediate,mg_mdps_cdeg,1,0x00,1,0,1100,1100
inverted,,291505,14685,-0.045,0.018000000000000002,-1.0030000000000001,-0.032,-0.678,-1.364,-179.26,3.1,-134.61,stabilizer_snapshot,legacy_intermediate,mg_mdps_cdeg,1,0x00,1,0,1100,1100
inverted,,291585,14689,-0.049,0.017,-1.0030000000000001,-0.028,-0.927,0.105,-179.26,3.16,-134.57,stabilizer_snapshot,legacy_intermediate,mg_mdps_cdeg,1,0x00,1,0,1100,1100
inverted,,291705,14695,-0.057,0.017,-1.0030000000000001,-0.054,-0.054,-0.47900000000000004,-179.25,3.24,-134.55,stabilizer_snapshot,legacy_intermediate,mg_mdps_cdeg,1,0x00,1,0,1100,1100
inverted,,291825,14701,-0.053,0.018000000000000002,-1.0030000000000001,-0.062,0.014,-1.468,-179.25,3.23,-134.45,stabilizer_snapshot,legacy_intermediate,mg_mdps_cdeg,1,0x00,1,0,1100,1100
inverted,,291925,14706,-0.05,0.018000000000000002,-1.0030000000000001,-0.045,-0.6990000000000001,-0.708,-179.24,3.2800000000000002,-134.34,stabilizer_snapshot,legacy_intermediate,mg_mdps_cdeg,1,0x00,1,0,1100,1100
inverted,,292025,14711,-0.053,0.018000000000000002,-1.004,-0.066,-0.453,-2.227,-179.23,3.34,-134.2,stabilizer_snapshot,legacy_intermediate,mg_mdps_cdeg,1,0x00,1,0,1100,1100
inverted,,292185,14719,-0.057,0.018000000000000002,-1.004,-0.131,0.342,-0.019,-179.21,3.35,-133.99,stabilizer_snapshot,legacy_intermediate,mg_mdps_cdeg,1,0x00,1,0,1100,1100
inverted,,292325,14726,-0.058,0.019,-1.004,0.003,0.884,1.3780000000000001,-179.21,3.29,-134.1,stabilizer_snapshot,legacy_intermediate,mg_mdps_cdeg,1,0x00,1,0,1100,1100
inverted,,292405,14730,-0.055,0.019,-1.0030000000000001,-0.014,1.0190000000000001,1.428,-179.22,3.22,-134.22,stabilizer_snapshot,legacy_intermediate,mg_mdps_cdeg,1,0x00,1,0,1100,1100
inverted,,292525,14736,-0.048,0.018000000000000002,-1.0030000000000001,-0.036000000000000004,1.045,1.5270000000000001,-179.23,3.1,-134.41,stabilizer_snapshot,legacy_intermediate,mg_mdps_cdeg,1,0x00,1,0,1100,1100
inverted,,292645,14742,-0.044,0.018000000000000002,-1.004,-0.007,0.243,0.6950000000000001,-179.24,3.0300000000000002,-134.55,stabilizer_snapshot,legacy_intermediate,mg_mdps_cdeg,1,0x00,1,0,1100,1100
inverted,,292745,14747,-0.048,0.018000000000000002,-1.004,-0.008,0.278,0.511,-179.24,3.0100000000000002,-134.6,stabilizer_snapshot,legacy_intermediate,mg_mdps_cdeg,1,0x00,1,0,1100,1100
inverted,,292845,14752,-0.049,0.018000000000000002,-1.004,-0.011,0.321,0.668,-179.25,2.99,-134.67000000000002,stabilizer_snapshot,legacy_intermediate,mg_mdps_cdeg,1,0x00,1,0,1100,1100
inverted,,292965,14758,-0.046,0.018000000000000002,-1.004,-0.046,0.20700000000000002,-0.624,-179.25,2.96,-134.65,stabilizer_snapshot,legacy_intermediate,mg_mdps_cdeg,1,0x00,1,0,1100,1100
inverted,,293065,14763,-0.044,0.018000000000000002,-1.004,-0.033,-0.39,-0.8180000000000001,-179.24,2.97,-134.57,stabilizer_snapshot,legacy_intermediate,mg_mdps_cdeg,1,0x00,1,0,1100,1100
inverted,,293185,14769,-0.047,0.018000000000000002,-1.004,-0.03,-0.624,-0.5750000000000001,-179.24,3.04,-134.48,stabilizer_snapshot,legacy_intermediate,mg_mdps_cdeg,1,0x00,1,0,1100,1100
inverted,,293305,14775,-0.05,0.018000000000000002,-1.004,-0.018000000000000002,-0.683,-0.089,-179.24,3.12,-134.45,stabilizer_snapshot,legacy_intermediate,mg_mdps_cdeg,1,0x00,1,0,1100,1100
inverted,,293405,14780,-0.053,0.018000000000000002,-1.004,-0.045,-0.145,-0.41000000000000003,-179.24,3.17,-134.45,stabilizer_snapshot,legacy_intermediate,mg_mdps_cdeg,1,0x00,1,0,1100,1100
inverted,,293525,14786,-0.055,0.017,-1.004,-0.007,0.633,1.1360000000000001,-179.24,3.16,-134.44,stabilizer_snapshot,legacy_intermediate,mg_mdps_cdeg,1,0x00,1,0,1100,1100
inverted,,293625,14791,-0.054,0.017,-1.0030000000000001,-0.01,1.191,1.814,-179.26,3.08,-134.63,stabilizer_snapshot,legacy_intermediate,mg_mdps_cdeg,1,0x00,1,0,1100,1100
inverted,,293725,14796,-0.044,0.018000000000000002,-1.0030000000000001,-0.045,0.525,0.5680000000000001,-179.26,3.0,-134.74,stabilizer_snapshot,legacy_intermediate,mg_mdps_cdeg,1,0x00,1,0,1100,1100
inverted,,293825,14801,-0.041,0.019,-1.004,-0.042,-0.291,-0.592,-179.26,2.98,-134.73,stabilizer_snapshot,legacy_intermediate,mg_mdps_cdeg,1,0x00,1,0,1100,1100
positive_roll,,337725,16996,0.1,0.219,0.972,2.576,-0.8230000000000001,-1.44,-12.76,-6.67,91.09,stabilizer_snapshot,legacy_intermediate,mg_mdps_cdeg,1,0x00,1,0,1100,1100
positive_roll,,337825,17001,0.10200000000000001,0.217,0.965,1.343,-0.64,-1.363,-12.96,-6.72,90.93,stabilizer_snapshot,legacy_intermediate,mg_mdps_cdeg,1,0x00,1,0,1100,1100
positive_roll,,337925,17006,0.10200000000000001,0.213,0.971,-1.266,-0.304,4.434,-12.950000000000001,-6.67,91.15,stabilizer_snapshot,legacy_intermediate,mg_mdps_cdeg,1,0x00,1,0,1100,1100
positive_roll,,338025,17011,0.112,0.234,0.969,-8.171,2.992,4.243,-12.56,-6.37,91.64,stabilizer_snapshot,legacy_intermediate,mg_mdps_cdeg,1,0x00,1,0,1100,1100
positive_roll,,338165,17018,0.10200000000000001,0.243,0.973,-28.082,4.124,6.1850000000000005,-10.1,-5.65,92.01,stabilizer_snapshot,legacy_intermediate,mg_mdps_cdeg,1,0x00,1,0,1100,1100
positive_roll,,338285,17024,0.083,0.14100000000000001,0.991,-20.055,2.221,13.602,-7.28,-5.05,93.32000000000001,stabilizer_snapshot,legacy_intermediate,mg_mdps_cdeg,1,0x00,1,0,1100,1100
positive_roll,,338405,17030,0.075,0.111,0.987,-12.974,-3.478,0.787,-5.87,-5.0,94.25,stabilizer_snapshot,legacy_intermediate,mg_mdps_cdeg,1,0x00,1,0,1100,1100
positive_roll,,338525,17036,0.13,0.078,0.971,-27.513,6.506,0.73,-3.22,-5.0,94.13,stabilizer_snapshot,legacy_intermediate,mg_mdps_cdeg,1,0x00,1,0,1100,1100
positive_roll,,338625,17041,0.131,0.034,0.984,-30.672,14.859,1.436,-0.33,-3.87,94.27,stabilizer_snapshot,legacy_intermediate,mg_mdps_cdeg,1,0x00,1,0,1100,1100
positive_roll,,338785,17049,0.031,-0.062,1.0050000000000001,-15.259,-3.77,1.26,3.3000000000000003,-2.7800000000000002,94.14,stabilizer_snapshot,legacy_intermediate,mg_mdps_cdeg,1,0x00,1,0,1100,1100
positive_roll,,338905,17055,0.04,-0.07200000000000001,0.974,-20.975,-17.885,-3.18,5.3,-4.33,94.05,stabilizer_snapshot,legacy_intermediate,mg_mdps_cdeg,1,0x00,1,0,1100,1100
positive_roll,,339005,17060,0.116,-0.091,0.932,-33.693,-7.027,-9.692,8.17,-5.5,93.10000000000001,stabilizer_snapshot,legacy_intermediate,mg_mdps_cdeg,1,0x00,1,0,1100,1100
positive_roll,,339125,17066,0.101,-0.139,0.882,-54.039,7.859,0.375,13.33,-5.0200000000000005,92.72,stabilizer_snapshot,legacy_intermediate,mg_mdps_cdeg,1,0x00,1,0,1100,1100
positive_roll,,339245,17072,0.088,-0.352,0.906,-37.799,-3.958,12.812,20.21,-5.68,93.23,stabilizer_snapshot,legacy_intermediate,mg_mdps_cdeg,1,0x00,1,0,1100,1100
positive_roll,,339345,17077,0.036000000000000004,-0.355,0.927,-25.01,-2.266,1.6620000000000001,22.400000000000002,-6.19,94.06,stabilizer_snapshot,legacy_intermediate,mg_mdps_cdeg,1,0x00,1,0,1100,1100
positive_roll,,339445,17082,0.05,-0.41200000000000003,0.907,-31.516000000000002,14.105,-1.744,25.48,-5.07,94.10000000000001,stabilizer_snapshot,legacy_intermediate,mg_mdps_cdeg,1,0x00,1,0,1100,1100
positive_roll,,339565,17088,0.056,-0.482,0.873,-24.693,6.194,11.776,28.45,-4.37,95.76,stabilizer_snapshot,legacy_intermediate,mg_mdps_cdeg,1,0x00,1,0,1100,1100
positive_roll,,339665,17093,0.069,-0.519,0.8180000000000001,-36.314,6.269,4.04,31.490000000000002,-4.16,96.56,stabilizer_snapshot,legacy_intermediate,mg_mdps_cdeg,1,0x00,1,0,1100,1100
positive_roll,,339785,17099,0.037,-0.588,0.774,-39.953,3.096,0.977,36.160000000000004,-3.75,97.11,stabilizer_snapshot,legacy_intermediate,mg_mdps_cdeg,1,0x00,1,0,1100,1100
positive_roll,,339905,17105,0.027,-0.659,0.745,-44.515,1.981,-8.149000000000001,41.44,-2.99,96.84,stabilizer_snapshot,legacy_intermediate,mg_mdps_cdeg,1,0x00,1,0,1100,1100
positive_roll,,339985,17109,0.03,-0.715,0.719,-40.973,2.573,-1.887,44.84,-2.5300000000000002,96.69,stabilizer_snapshot,legacy_intermediate,mg_mdps_cdeg,1,0x00,1,0,1100,1100
positive_roll,,340105,17115,0.032,-0.777,0.653,-38.309,-1.16,3.102,49.56,-2.59,96.96000000000001,stabilizer_snapshot,legacy_intermediate,mg_mdps_cdeg,1,0x00,1,0,1100,1100
positive_roll,,340225,17121,0.039,-0.812,0.577,-38.778,-6.916,2.499,54.19,-3.13,96.72,stabilizer_snapshot,legacy_intermediate,mg_mdps_cdeg,1,0x00,1,0,1100,1100
positive_roll,,340325,17126,0.044,-0.846,0.528,-43.939,-6.977,0.9510000000000001,58.39,-3.56,96.17,stabilizer_snapshot,legacy_intermediate,mg_mdps_cdeg,1,0x00,1,0,1100,1100
positive_roll,,340425,17131,0.044,-0.885,0.467,-51.505,-4.933,10.729000000000001,63.300000000000004,-4.43,95.96000000000001,stabilizer_snapshot,legacy_intermediate,mg_mdps_cdeg,1,0x00,1,0,1100,1100
positive_roll,,340545,17137,0.052000000000000005,-0.9440000000000001,0.374,-42.958,1.96,-12.18,69.02,-4.25,95.91,stabilizer_snapshot,legacy_intermediate,mg_mdps_cdeg,1,0x00,1,0,1100,1100
positive_roll,,340645,17142,0.067,-0.9570000000000001,0.318,-34.793,1.552,-18.397000000000002,72.75,-2.49,95.54,stabilizer_snapshot,legacy_intermediate,mg_mdps_cdeg,1,0x00,1,0,1100,1100
positive_roll,,340765,17148,0.081,-0.962,0.251,-28.438,1.8800000000000001,4.876,76.52,-1.71,95.44,stabilizer_snapshot,legacy_intermediate,mg_mdps_cdeg,1,0x00,1,0,1100,1100
positive_roll,,340885,17154,0.114,-0.963,0.199,-14.785,-1.699,-13.894,78.85000000000001,-1.6500000000000001,95.53,stabilizer_snapshot,legacy_intermediate,mg_mdps_cdeg,1,0x00,1,0,1100,1100
positive_roll,,340985,17159,0.106,-0.9570000000000001,0.158,-11.939,-5.998,-8.279,80.14,-0.77,94.89,stabilizer_snapshot,legacy_intermediate,mg_mdps_cdeg,1,0x00,1,0,1100,1100
positive_roll,,341085,17164,0.113,-0.9530000000000001,0.135,-11.605,-8.605,-3.152,81.36,-0.65,94.02,stabilizer_snapshot,legacy_intermediate,mg_mdps_cdeg,1,0x00,1,0,1100,1100
positive_roll,,341185,17169,0.12,-0.964,0.108,-9.081,-8.191,1.06,82.4,-1.0,93.19,stabilizer_snapshot,legacy_intermediate,mg_mdps_cdeg,1,0x00,1,0,1100,1100
positive_roll,,341325,17176,0.08,-0.991,0.075,-12.16,-10.093,17.072,83.89,-2.48,91.97,stabilizer_snapshot,legacy_intermediate,mg_mdps_cdeg,1,0x00,1,0,1100,1100
positive_roll,,341405,17180,0.10400000000000001,-0.984,0.063,-14.399000000000001,-7.0840000000000005,3.356,85.10000000000001,-3.64,91.41,stabilizer_snapshot,legacy_intermediate,mg_mdps_cdeg,1,0x00,1,0,1100,1100
positive_roll,,341525,17186,0.127,-0.981,0.042,-15.313,-9.225,-12.583,87.06,-2.7,90.24,stabilizer_snapshot,legacy_intermediate,mg_mdps_cdeg,1,0x00,1,0,1100,1100
positive_roll,,341645,17192,0.116,-0.99,0.008,-6.312,-4.941,-3.656,88.47,-2.07,89.41,stabilizer_snapshot,legacy_intermediate,mg_mdps_cdeg,1,0x00,1,0,1100,1100
positive_roll,,341745,17197,0.107,-1.0150000000000001,-0.007,14.758000000000001,-0.9390000000000001,-4.154,87.97,-1.93,89.17,stabilizer_snapshot,legacy_intermediate,mg_mdps_cdeg,1,0x00,1,0,1100,1100
positive_roll,,341845,17202,0.123,-1.032,0.011,33.432,1.199,-0.974,85.47,-1.96,89.13,stabilizer_snapshot,legacy_intermediate,mg_mdps_cdeg,1,0x00,1,0,1100,1100
positive_roll,,341965,17208,0.14200000000000002,-0.998,0.09,41.578,8.688,-0.329,80.93,-1.8800000000000001,89.76,stabilizer_snapshot,legacy_intermediate,mg_mdps_cdeg,1,0x00,1,0,1100,1100
positive_roll,,342065,17213,0.149,-0.989,0.152,46.608000000000004,17.857,6.023,76.55,-2.39,91.22,stabilizer_snapshot,legacy_intermediate,mg_mdps_cdeg,1,0x00,1,0,1100,1100
positive_roll,,342185,17219,0.11,-0.899,0.20500000000000002,18.067,13.572000000000001,0.917,72.52,-2.71,93.41,stabilizer_snapshot,legacy_intermediate,mg_mdps_cdeg,1,0x00,1,0,1100,1100
positive_roll,,342305,17225,0.078,-0.868,0.211,-14.465,-4.264,1.938,73.04,-2.38,93.61,stabilizer_snapshot,legacy_intermediate,mg_mdps_cdeg,1,0x00,1,0,1100,1100
positive_roll,,342405,17230,0.115,-0.921,0.198,-35.235,-5.5840000000000005,-0.603,75.91,-3.0700000000000003,93.09,stabilizer_snapshot,legacy_intermediate,mg_mdps_cdeg,1,0x00,1,0,1100,1100
positive_roll,,342505,17235,0.152,-0.986,0.159,-39.997,2.726,-16.116,80.08,-2.08,92.73,stabilizer_snapshot,legacy_intermediate,mg_mdps_cdeg,1,0x00,1,0,1100,1100
positive_roll,,342625,17241,0.169,-1.028,0.167,-6.487,19.221,-3.557,82.78,-1.04,94.06,stabilizer_snapshot,legacy_intermediate,mg_mdps_cdeg,1,0x00,1,0,1100,1100
positive_roll,,342725,17246,0.129,-1.04,0.199,17.027,16.62,8.63,81.56,-1.61,96.05,stabilizer_snapshot,legacy_intermediate,mg_mdps_cdeg,1,0x00,1,0,1100,1100
positive_roll,,342845,17252,0.077,-0.996,0.183,3.086,-4.9270000000000005,5.508,80.11,-2.42,96.68,stabilizer_snapshot,legacy_intermediate,mg_mdps_cdeg,1,0x00,1,0,1100,1100
positive_roll,,342965,17258,0.07100000000000001,-0.9470000000000001,0.147,-14.859,-26.487000000000002,-6.634,81.26,-2.5100000000000002,94.55,stabilizer_snapshot,legacy_intermediate,mg_mdps_cdeg,1,0x00,1,0,1100,1100
positive_roll,,343065,17263,0.121,-0.9380000000000001,0.117,-10.111,-32.786,2.887,82.77,-2.88,91.35000000000001,stabilizer_snapshot,legacy_intermediate,mg_mdps_cdeg,1,0x00,1,0,1100,1100
positive_roll,,343165,17268,0.18,-0.994,0.076,3.055,-18.992,1.719,83.14,-3.95,88.84,stabilizer_snapshot,legacy_intermediate,mg_mdps_cdeg,1,0x00,1,0,1100,1100
positive_roll,,343285,17274,0.202,-1.002,0.098,1.181,0.761,-9.887,83.09,-3.65,87.95,stabilizer_snapshot,legacy_intermediate,mg_mdps_cdeg,1,0x00,1,0,1100,1100
positive_roll,,343425,17281,0.179,-0.986,0.127,1.995,5.695,5.402,82.79,-4.05,88.62,stabilizer_snapshot,legacy_intermediate,mg_mdps_cdeg,1,0x00,1,0,1100,1100
positive_roll,,343585,17289,0.167,-0.976,0.115,-1.21,10.44,-2.2600000000000002,82.68,-4.4,89.93,stabilizer_snapshot,legacy_intermediate,mg_mdps_cdeg,1,0x00,1,0,1100,1100
positive_roll,,343745,17297,0.139,-0.979,0.111,-0.369,9.307,-0.094,82.68,-4.25,91.69,stabilizer_snapshot,legacy_intermediate,mg_mdps_cdeg,1,0x00,1,0,1100,1100
positive_roll,,343905,17305,0.131,-0.983,0.12,1.197,-2.172,-2.317,82.60000000000001,-4.3100000000000005,92.03,stabilizer_snapshot,legacy_intermediate,mg_mdps_cdeg,1,0x00,1,0,1100,1100
positive_roll,,344065,17313,0.154,-0.979,0.112,2.076,-3.197,-0.486,82.41,-4.58,91.44,stabilizer_snapshot,legacy_intermediate,mg_mdps_cdeg,1,0x00,1,0,1100,1100
positive_pitch,,349625,17591,0.15,0.161,0.964,-0.968,-1.222,-1.688,-9.700000000000001,-10.02,91.36,stabilizer_snapshot,legacy_intermediate,mg_mdps_cdeg,1,0x00,1,0,1100,1100
positive_pitch,,349745,17597,0.147,0.162,0.966,-0.401,-5.466,-2.356,-9.61,-10.43,91.15,stabilizer_snapshot,legacy_intermediate,mg_mdps_cdeg,1,0x00,1,0,1100,1100
positive_pitch,,349885,17604,0.131,0.176,0.9500000000000001,-5.213,-19.479,-3.886,-9.32,-11.92,90.95,stabilizer_snapshot,legacy_intermediate,mg_mdps_cdeg,1,0x00,1,0,1100,1100
positive_pitch,,350005,17610,0.149,0.159,0.9480000000000001,-12.597,-38.584,-3.829,-8.2,-15.38,90.95,stabilizer_snapshot,legacy_intermediate,mg_mdps_cdeg,1,0x00,1,0,1100,1100
positive_pitch,,350105,17615,0.23900000000000002,0.093,0.9520000000000001,0.20700000000000002,-38.312,7.306,-7.74,-19.06,91.83,stabilizer_snapshot,legacy_intermediate,mg_mdps_cdeg,1,0x00,1,0,1100,1100
positive_pitch,,350225,17621,0.404,0.146,0.921,-5.586,-8.289,14.778,-8.74,-21.68,93.82000000000001,stabilizer_snapshot,legacy_intermediate,mg_mdps_cdeg,1,0x00,1,0,1100,1100
positive_pitch,,350345,17627,0.432,0.11800000000000001,0.919,-8.646,11.763,14.516,-7.92,-20.7,95.75,stabilizer_snapshot,legacy_intermediate,mg_mdps_cdeg,1,0x00,1,0,1100,1100
positive_pitch,,350465,17633,0.35000000000000003,0.066,0.9390000000000001,12.786,-10.13,5.814,-8.870000000000001,-20.6,96.83,stabilizer_snapshot,legacy_intermediate,mg_mdps_cdeg,1,0x00,1,0,1100,1100
positive_pitch,,350585,17639,0.332,0.10300000000000001,0.916,12.985,-20.243000000000002,4.741,-10.71,-22.46,97.46000000000001,stabilizer_snapshot,legacy_intermediate,mg_mdps_cdeg,1,0x00,1,0,1100,1100
positive_pitch,,350725,17646,0.423,0.164,0.869,-8.376,-9.82,9.084,-11.52,-24.35,99.25,stabilizer_snapshot,legacy_intermediate,mg_mdps_cdeg,1,0x00,1,0,1100,1100
positive_pitch,,350845,17652,0.468,0.133,0.872,-12.826,-7.729,2.636,-10.17,-25.150000000000002,100.05,stabilizer_snapshot,legacy_intermediate,mg_mdps_cdeg,1,0x00,1,0,1100,1100
positive_pitch,,350965,17658,0.47000000000000003,0.07100000000000001,0.865,-1.101,-26.934,-1.083,-9.68,-27.38,100.56,stabilizer_snapshot,legacy_intermediate,mg_mdps_cdeg,1,0x00,1,0,1100,1100
positive_pitch,,351085,17664,0.5,0.065,0.8250000000000001,1.793,-38.327,3.442,-9.73,-31.6,101.12,stabilizer_snapshot,legacy_intermediate,mg_mdps_cdeg,1,0x00,1,0,1100,1100
positive_pitch,,351185,17669,0.5750000000000001,0.07,0.789,2.238,-32.841,5.176,-10.6,-35.07,102.4,stabilizer_snapshot,legacy_intermediate,mg_mdps_cdeg,1,0x00,1,0,1100,1100
positive_pitch,,351285,17674,0.638,0.077,0.771,-10.881,-12.217,1.563,-10.23,-37.34,102.88,stabilizer_snapshot,legacy_intermediate,mg_mdps_cdeg,1,0x00,1,0,1100,1100
positive_pitch,,351405,17680,0.584,0.007,0.784,-10.431000000000001,-13.98,17.47,-9.31,-37.84,104.71000000000001,stabilizer_snapshot,legacy_intermediate,mg_mdps_cdeg,1,0x00,1,0,1100,1100
positive_pitch,,351505,17685,0.625,-0.026000000000000002,0.758,4.914,-16.882,4.517,-9.9,-39.68,105.83,stabilizer_snapshot,legacy_intermediate,mg_mdps_cdeg,1,0x00,1,0,1100,1100
positive_pitch,,351625,17691,0.653,-0.008,0.733,8.714,-32.581,4.25,-10.88,-42.35,106.92,stabilizer_snapshot,legacy_intermediate,mg_mdps_cdeg,1,0x00,1,0,1100,1100
positive_pitch,,351745,17697,0.711,0.042,0.65,1.046,-49.353,1.899,-12.31,-47.76,108.24000000000001,stabilizer_snapshot,legacy_intermediate,mg_mdps_cdeg,1,0x00,1,0,1100,1100
positive_pitch,,351845,17702,0.812,0.037,0.581,-8.262,-37.053,9.134,-13.280000000000001,-51.94,110.45,stabilizer_snapshot,legacy_intermediate,mg_mdps_cdeg,1,0x00,1,0,1100,1100
positive_pitch,,351945,17707,0.863,-0.007,0.547,-6.025,-24.644000000000002,9.882,-14.21,-54.67,112.74000000000001,stabilizer_snapshot,legacy_intermediate,mg_mdps_cdeg,1,0x00,1,0,1100,1100
positive_pitch,,352045,17712,0.875,-0.031,0.523,-2.907,-24.088,4.8870000000000005,-14.97,-57.0,114.43,stabilizer_snapshot,legacy_intermediate,mg_mdps_cdeg,1,0x00,1,0,1100,1100
positive_pitch,,352185,17719,0.862,-0.031,0.466,-4.282,-25.473,4.8580000000000005,-15.540000000000001,-60.410000000000004,115.97,stabilizer_snapshot,legacy_intermediate,mg_mdps_cdeg,1,0x00,1,0,1100,1100
positive_pitch,,352265,17723,0.875,-0.041,0.432,-0.596,-25.232,2.987,-16.22,-62.410000000000004,117.13,stabilizer_snapshot,legacy_intermediate,mg_mdps_cdeg,1,0x00,1,0,1100,1100
positive_pitch,,352385,17729,0.925,-0.033,0.383,-0.20500000000000002,-20.985,0.751,-17.06,-65.35,118.24000000000001,stabilizer_snapshot,legacy_intermediate,mg_mdps_cdeg,1,0x00,1,0,1100,1100
positive_pitch,,352505,17735,0.965,-0.038,0.34600000000000003,-3.482,-11.627,3.234,-17.56,-67.18,119.35000000000001,stabilizer_snapshot,legacy_intermediate,mg_mdps_cdeg,1,0x00,1,0,1100,1100
positive_pitch,,352605,17740,0.9380000000000001,-0.049,0.326,-0.93,-17.743000000000002,-5.2090000000000005,-16.89,-68.78,118.96000000000001,stabilizer_snapshot,legacy_intermediate,mg_mdps_cdeg,1,0x00,1,0,1100,1100
positive_pitch,,352705,17745,0.926,-0.044,0.293,-0.897,-22.605,-6.47,-15.52,-71.2,117.73,stabilizer_snapshot,legacy_intermediate,mg_mdps_cdeg,1,0x00,1,0,1100,1100
positive_pitch,,352825,17751,0.9450000000000001,-0.037,0.248,-5.479,-19.25,-0.258,-14.88,-73.81,117.57000000000001,stabilizer_snapshot,legacy_intermediate,mg_mdps_cdeg,1,0x00,1,0,1100,1100
positive_pitch,,352945,17757,0.97,-0.047,0.214,-6.79,-17.527,0.541,-15.13,-76.09,118.76,stabilizer_snapshot,legacy_intermediate,mg_mdps_cdeg,1,0x00,1,0,1100,1100
positive_pitch,,353045,17762,0.975,-0.055,0.199,-1.965,-14.778,-0.443,-14.82,-77.78,118.97,stabilizer_snapshot,legacy_intermediate,mg_mdps_cdeg,1,0x00,1,0,1100,1100
positive_pitch,,353145,17767,0.984,-0.065,0.194,9.974,-5.508,12.894,-18.36,-78.64,122.13,stabilizer_snapshot,legacy_intermediate,mg_mdps_cdeg,1,0x00,1,0,1100,1100
positive_pitch,,353265,17773,0.996,-0.079,0.17200000000000001,11.901,-6.38,-3.352,-23.94,-78.82000000000001,126.33,stabilizer_snapshot,legacy_intermediate,mg_mdps_cdeg,1,0x00,1,0,1100,1100
positive_pitch,,353365,17778,0.99,-0.058,0.123,9.725,-9.397,-11.534,-18.13,-80.34,119.45,stabilizer_snapshot,legacy_intermediate,mg_mdps_cdeg,1,0x00,1,0,1100,1100
positive_pitch,,353485,17784,0.973,-0.013000000000000001,0.065,-4.212,-2.654,3.763,-17.92,-81.31,118.86,stabilizer_snapshot,legacy_intermediate,mg_mdps_cdeg,1,0x00,1,0,1100,1100
positive_pitch,,353585,17789,0.98,-0.019,0.063,-9.415000000000001,-2.544,-0.509,-17.16,-81.75,118.97,stabilizer_snapshot,legacy_intermediate,mg_mdps_cdeg,1,0x00,1,0,1100,1100
positive_pitch,,353705,17795,1.0010000000000001,-0.036000000000000004,0.10200000000000001,-5.242,-8.847,-10.787,-11.18,-82.83,113.8,stabilizer_snapshot,legacy_intermediate,mg_mdps_cdeg,1,0x00,1,0,1100,1100
positive_pitch,,353805,17800,1.0,-0.033,0.115,-0.839,-9.49,-7.995,-0.8,-83.96000000000001,103.56,stabilizer_snapshot,legacy_intermediate,mg_mdps_cdeg,1,0x00,1,0,1100,1100
positive_pitch,,353905,17805,0.988,-0.035,0.1,-0.501,-5.444,6.687,-2.31,-84.64,105.12,stabilizer_snapshot,legacy_intermediate,mg_mdps_cdeg,1,0x00,1,0,1100,1100
positive_pitch,,354025,17811,0.986,-0.054,0.069,0.203,-4.649,-3.442,-2.63,-85.21000000000001,105.47,stabilizer_snapshot,legacy_intermediate,mg_mdps_cdeg,1,0x00,1,0,1100,1100
positive_pitch,,354125,17816,0.984,-0.031,0.06,-1.145,-3.158,-7.774,9.08,-85.62,93.74,stabilizer_snapshot,legacy_intermediate,mg_mdps_cdeg,1,0x00,1,0,1100,1100
positive_pitch,,354245,17822,0.979,-0.001,0.058,5.513,1.219,1.232,15.64,-85.62,86.86,stabilizer_snapshot,legacy_intermediate,mg_mdps_cdeg,1,0x00,1,0,1100,1100
positive_pitch,,354365,17828,0.998,-0.005,0.049,6.603,-0.76,0.101,8.55,-85.66,93.12,stabilizer_snapshot,legacy_intermediate,mg_mdps_cdeg,1,0x00,1,0,1100,1100
positive_pitch,,354485,17834,1.0050000000000001,0.014,0.048,-1.851,-5.978,-9.772,26.67,-85.91,74.63,stabilizer_snapshot,legacy_intermediate,mg_mdps_cdeg,1,0x00,1,0,1100,1100
positive_pitch,,354605,17840,0.976,0.022,0.034,-3.517,-0.353,10.036,24.900000000000002,-86.52,76.87,stabilizer_snapshot,legacy_intermediate,mg_mdps_cdeg,1,0x00,1,0,1100,1100
positive_pitch,,354705,17845,0.977,0.005,0.03,-6.522,3.14,14.553,-1.34,-86.71000000000001,103.73,stabilizer_snapshot,legacy_intermediate,mg_mdps_cdeg,1,0x00,1,0,1100,1100
positive_pitch,,354825,17851,0.999,-0.025,0.041,-5.599,0.5640000000000001,12.831,-25.67,-86.10000000000001,129.05,stabilizer_snapshot,legacy_intermediate,mg_mdps_cdeg,1,0x00,1,0,1100,1100
positive_pitch,,354945,17857,1.0030000000000001,-0.053,0.049,-2.681,-4.22,-1.645,-32.8,-86.23,136.71,stabilizer_snapshot,legacy_intermediate,mg_mdps_cdeg,1,0x00,1,0,1100,1100
positive_pitch,,355045,17862,0.987,-0.054,0.041,0.153,-2.219,-5.013,-23.32,-86.99,127.25,stabilizer_snapshot,legacy_intermediate,mg_mdps_cdeg,1,0x00,1,0,1100,1100
positive_pitch,,355145,17867,0.978,-0.044,0.035,1.33,1.655,1.8820000000000001,-19.85,-87.05,123.65,stabilizer_snapshot,legacy_intermediate,mg_mdps_cdeg,1,0x00,1,0,1100,1100
positive_pitch,,355305,17875,0.989,-0.051000000000000004,0.035,-0.338,0.999,0.10400000000000001,-15.74,-86.9,119.5,stabilizer_snapshot,legacy_intermediate,mg_mdps_cdeg,1,0x00,1,0,1100,1100
positive_pitch,,355465,17883,0.995,-0.051000000000000004,0.032,0.592,0.02,-0.08,-10.56,-87.0,114.19,stabilizer_snapshot,legacy_intermediate,mg_mdps_cdeg,1,0x00,1,0,1100,1100
positive_pitch,,355645,17892,0.99,-0.042,0.035,2.158,0.397,0.095,-3.16,-87.11,106.53,stabilizer_snapshot,legacy_intermediate,mg_mdps_cdeg,1,0x00,1,0,1100,1100
positive_pitch,,355765,17898,0.994,-0.047,0.039,0.14400000000000002,-0.5640000000000001,-1.818,1.59,-87.17,101.58,stabilizer_snapshot,legacy_intermediate,mg_mdps_cdeg,1,0x00,1,0,1100,1100
positive_pitch,,355885,17904,0.991,-0.047,0.037,-0.155,-0.16,-0.5650000000000001,8.6,-87.23,94.56,stabilizer_snapshot,legacy_intermediate,mg_mdps_cdeg,1,0x00,1,0,1100,1100
positive_pitch,,355985,17909,0.989,-0.046,0.036000000000000004,-0.727,0.763,2.31,7.890000000000001,-87.22,95.33,stabilizer_snapshot,legacy_intermediate,mg_mdps_cdeg,1,0x00,1,0,1100,1100
positive_pitch,,356085,17914,0.99,-0.049,0.033,-0.07200000000000001,0.298,0.782,8.46,-87.2,94.82000000000001,stabilizer_snapshot,legacy_intermediate,mg_mdps_cdeg,1,0x00,1,0,1100,1100
positive_pitch,,356205,17920,0.993,-0.042,0.036000000000000004,0.483,-0.23,0.455,9.91,-87.24,93.28,stabilizer_snapshot,legacy_intermediate,mg_mdps_cdeg,1,0x00,1,0,1100,1100
positive_yaw,,361265,18173,0.276,0.041,0.9480000000000001,-1.064,-0.932,-0.79,-3.43,-16.39,93.69,stabilizer_snapshot,legacy_intermediate,mg_mdps_cdeg,1,0x00,1,0,1100,1100
positive_yaw,,361365,18178,0.278,0.033,0.9500000000000001,0.047,1.506,-1.336,-3.3000000000000003,-16.34,93.51,stabilizer_snapshot,legacy_intermediate,mg_mdps_cdeg,1,0x00,1,0,1100,1100
positive_yaw,,361465,18183,0.271,0.034,0.9460000000000001,-1.8,1.848,4.128,-3.23,-16.12,93.7,stabilizer_snapshot,legacy_intermediate,mg_mdps_cdeg,1,0x00,1,0,1100,1100
positive_yaw,,361585,18189,0.271,0.03,0.9580000000000001,-4.71,3.1470000000000002,7.969,-2.9,-15.77,94.39,stabilizer_snapshot,legacy_intermediate,mg_mdps_cdeg,1,0x00,1,0,1100,1100
positive_yaw,,361685,18194,0.26,0.029,0.9420000000000001,8.03,7.344,9.877,-3.3200000000000003,-15.1,95.26,stabilizer_snapshot,legacy_intermediate,mg_mdps_cdeg,1,0x00,1,0,1100,1100
positive_yaw,,361785,18199,0.264,0.034,0.933,10.229000000000001,9.107,9.24,-4.42,-14.36,96.34,stabilizer_snapshot,legacy_intermediate,mg_mdps_cdeg,1,0x00,1,0,1100,1100
positive_yaw,,361925,18206,0.241,0.035,0.9500000000000001,-0.193,11.394,8.132,-5.55,-12.67,97.77,stabilizer_snapshot,legacy_intermediate,mg_mdps_cdeg,1,0x00,1,0,1100,1100
positive_yaw,,362005,18210,0.222,0.032,0.973,-4.973,12.485,0.503,-5.08,-11.75,97.83,stabilizer_snapshot,legacy_intermediate,mg_mdps_cdeg,1,0x00,1,0,1100,1100
positive_yaw,,362125,18216,0.20600000000000002,0.033,0.97,0.089,14.019,-2.653,-4.76,-10.18,97.78,stabilizer_snapshot,legacy_intermediate,mg_mdps_cdeg,1,0x00,1,0,1100,1100
positive_yaw,,362245,18222,0.189,0.054,0.9420000000000001,-12.419,13.698,-4.9430000000000005,-3.66,-8.76,97.05,stabilizer_snapshot,legacy_intermediate,mg_mdps_cdeg,1,0x00,1,0,1100,1100
positive_yaw,,362345,18227,0.191,0.028,0.9490000000000001,-17.056,17.865000000000002,-16.575,-1.85,-7.4,96.03,stabilizer_snapshot,legacy_intermediate,mg_mdps_cdeg,1,0x00,1,0,1100,1100
positive_yaw,,362465,18233,0.06,-0.015,1.03,4.438,-6.49,-14.421000000000001,-0.66,-6.22,93.69,stabilizer_snapshot,legacy_intermediate,mg_mdps_cdeg,1,0x00,1,0,1100,1100
positive_yaw,,362585,18239,0.092,-0.001,1.004,3.246,-2.603,11.163,-1.1400000000000001,-7.09,93.47,stabilizer_snapshot,legacy_intermediate,mg_mdps_cdeg,1,0x00,1,0,1100,1100
positive_yaw,,362705,18245,0.083,-0.012,1.002,6.472,6.7620000000000005,46.133,-2.2,-6.45,97.67,stabilizer_snapshot,legacy_intermediate,mg_mdps_cdeg,1,0x00,1,0,1100,1100
positive_yaw,,362845,18252,0.059000000000000004,-0.008,0.987,0.748,8.396,44.986000000000004,-3.0500000000000003,-4.97,103.46000000000001,stabilizer_snapshot,legacy_intermediate,mg_mdps_cdeg,1,0x00,1,0,1100,1100
positive_yaw,,362925,18256,0.047,-0.006,0.993,2.9330000000000003,15.141,77.288,-3.47,-3.66,108.59,stabilizer_snapshot,legacy_intermediate,mg_mdps_cdeg,1,0x00,1,0,1100,1100
positive_yaw,,363025,18261,0.035,-0.017,0.999,6.92,19.924,89.923,-4.3100000000000005,-1.16,117.44,stabilizer_snapshot,legacy_intermediate,mg_mdps_cdeg,1,0x00,1,0,1100,1100
positive_yaw,,363145,18267,0.048,-0.019,0.985,6.665,6.463,29.592000000000002,-4.8100000000000005,0.73,123.87,stabilizer_snapshot,legacy_intermediate,mg_mdps_cdeg,1,0x00,1,0,1100,1100
positive_yaw,,363265,18273,0.031,-0.015,0.993,6.473,2.474,30.66,-5.26,1.21,127.18,stabilizer_snapshot,legacy_intermediate,mg_mdps_cdeg,1,0x00,1,0,1100,1100
positive_yaw,,363365,18278,0.018000000000000002,-0.003,0.991,3.218,3.833,40.379,-5.41,1.68,130.51,stabilizer_snapshot,legacy_intermediate,mg_mdps_cdeg,1,0x00,1,0,1100,1100
positive_yaw,,363485,18284,-0.024,0.005,0.966,0.549,4.182,81.974,-5.04,2.81,138.5,stabilizer_snapshot,legacy_intermediate,mg_mdps_cdeg,1,0x00,1,0,1100,1100
positive_yaw,,363585,18289,-0.032,0.009000000000000001,0.963,-5.93,2.995,76.857,-4.16,3.66,146.49,stabilizer_snapshot,legacy_intermediate,mg_mdps_cdeg,1,0x00,1,0,1100,1100
positive_yaw,,363705,18295,-0.003,-0.008,1.002,-7.898000000000001,2.164,75.637,-2.32,4.38,155.76,stabilizer_snapshot,legacy_intermediate,mg_mdps_cdeg,1,0x00,1,0,1100,1100
positive_yaw,,363805,18300,0.011,0.0,1.0070000000000001,-1.589,-4.9590000000000005,57.166000000000004,-1.3900000000000001,4.11,162.27,stabilizer_snapshot,legacy_intermediate,mg_mdps_cdeg,1,0x00,1,0,1100,1100
positive_yaw,,363925,18306,0.01,-0.004,0.997,2.021,-11.088000000000001,34.517,-1.1300000000000001,2.85,167.69,stabilizer_snapshot,legacy_intermediate,mg_mdps_cdeg,1,0x00,1,0,1100,1100
positive_yaw,,364025,18311,0.013000000000000001,-0.009000000000000001,0.988,1.4060000000000001,-5.961,37.7,-1.17,1.86,170.89000000000001,stabilizer_snapshot,legacy_intermediate,mg_mdps_cdeg,1,0x00,1,0,1100,1100
positive_yaw,,364185,18319,0.015,-0.015,0.982,-2.437,-0.018000000000000002,41.779,-0.6,1.92,179.39000000000001,stabilizer_snapshot,legacy_intermediate,mg_mdps_cdeg,1,0x00,1,0,1100,1100
positive_yaw,,364285,18324,0.042,-0.006,0.973,-3.753,-7.119,14.319,-0.22,1.19,-178.56,stabilizer_snapshot,legacy_intermediate,mg_mdps_cdeg,1,0x00,1,0,1100,1100
positive_yaw,,364405,18330,0.051000000000000004,-0.018000000000000002,1.002,-1.7910000000000001,-3.6710000000000003,11.927,0.17,0.31,-177.63,stabilizer_snapshot,legacy_intermediate,mg_mdps_cdeg,1,0x00,1,0,1100,1100
positive_yaw,,364505,18335,0.054,-0.038,1.006,-2.995,-3.588,19.383,0.4,-0.09,-175.63,stabilizer_snapshot,legacy_intermediate,mg_mdps_cdeg,1,0x00,1,0,1100,1100
positive_yaw,,364625,18341,0.03,-0.039,0.996,-5.453,-5.268,40.938,1.07,-1.02,-172.36,stabilizer_snapshot,legacy_intermediate,mg_mdps_cdeg,1,0x00,1,0,1100,1100
positive_yaw,,364725,18346,0.025,-0.041,0.992,1.283,-4.74,36.582,1.1300000000000001,-1.47,-167.77,stabilizer_snapshot,legacy_intermediate,mg_mdps_cdeg,1,0x00,1,0,1100,1100
positive_yaw,,364825,18351,0.043000000000000003,-0.038,1.002,1.712,-1.954,24.005,0.88,-2.02,-165.59,stabilizer_snapshot,legacy_intermediate,mg_mdps_cdeg,1,0x00,1,0,1100,1100
positive_yaw,,364945,18357,0.034,-0.036000000000000004,1.006,1.312,9.334,64.422,0.62,-1.45,-159.0,stabilizer_snapshot,legacy_intermediate,mg_mdps_cdeg,1,0x00,1,0,1100,1100
positive_yaw,,365065,18363,0.03,-0.044,0.994,-3.365,6.211,46.97,0.66,-0.71,-152.35,stabilizer_snapshot,legacy_intermediate,mg_mdps_cdeg,1,0x00,1,0,1100,1100
positive_yaw,,365165,18368,0.017,-0.07200000000000001,0.977,2.291,6.823,7.062,0.8200000000000001,-0.07,-150.12,stabilizer_snapshot,legacy_intermediate,mg_mdps_cdeg,1,0x00,1,0,1100,1100
positive_yaw,,365265,18373,-0.001,-0.045,0.976,4.758,9.509,27.942,0.46,0.71,-148.56,stabilizer_snapshot,legacy_intermediate,mg_mdps_cdeg,1,0x00,1,0,1100,1100
positive_yaw,,365385,18379,0.0,-0.037,0.984,-5.979,7.692,40.056,0.76,1.78,-143.81,stabilizer_snapshot,legacy_intermediate,mg_mdps_cdeg,1,0x00,1,0,1100,1100
positive_yaw,,365485,18384,-0.037,-0.088,0.974,-12.977,-17.174,-9.05,2.04,1.08,-142.59,stabilizer_snapshot,legacy_intermediate,mg_mdps_cdeg,1,0x00,1,0,1100,1100
positive_yaw,,365605,18390,0.0,-0.137,0.968,6.104,-12.438,-36.887,2.81,-0.9,-146.31,stabilizer_snapshot,legacy_intermediate,mg_mdps_cdeg,1,0x00,1,0,1100,1100
positive_yaw,,365705,18395,0.047,-0.095,0.9520000000000001,22.919,20.37,-28.073,1.34,-0.12,-149.61,stabilizer_snapshot,legacy_intermediate,mg_mdps_cdeg,1,0x00,1,0,1100,1100
positive_yaw,,365825,18401,-0.006,0.013000000000000001,0.964,11.252,45.643,-12.248000000000001,-0.85,4.36,-151.68,stabilizer_snapshot,legacy_intermediate,mg_mdps_cdeg,1,0x00,1,0,1100,1100
positive_yaw,,365945,18407,-0.188,0.067,0.996,-15.122,9.642,-2.621,-0.64,7.8,-152.75,stabilizer_snapshot,legacy_intermediate,mg_mdps_cdeg,1,0x00,1,0,1100,1100
positive_yaw,,366045,18412,-0.194,0.011,1.0050000000000001,-23.275000000000002,-21.253,-1.497,1.45,6.8500000000000005,-152.75,stabilizer_snapshot,legacy_intermediate,mg_mdps_cdeg,1,0x00,1,0,1100,1100
positive_yaw,,366145,18417,-0.07200000000000001,-0.083,1.035,-3.168,-4.474,-11.02,2.6,5.44,-153.62,stabilizer_snapshot,legacy_intermediate,mg_mdps_cdeg,1,0x00,1,0,1100,1100
positive_yaw,,366265,18423,-0.079,-0.096,1.0150000000000001,6.557,6.744,-2.843,1.98,6.32,-154.34,stabilizer_snapshot,legacy_intermediate,mg_mdps_cdeg,1,0x00,1,0,1100,1100
positive_yaw,,366365,18428,-0.099,-0.058,0.975,-9.46,-14.334,-7.255,2.3000000000000003,5.61,-154.95000000000002,stabilizer_snapshot,legacy_intermediate,mg_mdps_cdeg,1,0x00,1,0,1100,1100
positive_yaw,,366485,18434,-0.041,-0.131,1.002,9.4,-5.133,-8.849,2.77,4.2700000000000005,-155.78,stabilizer_snapshot,legacy_intermediate,mg_mdps_cdeg,1,0x00,1,0,1100,1100
positive_yaw,,366605,18440,-0.02,-0.08600000000000001,0.988,21.274,6.917,-23.06,0.22,4.54,-158.01,stabilizer_snapshot,legacy_intermediate,mg_mdps_cdeg,1,0x00,1,0,1100,1100
positive_yaw,,366745,18447,-0.092,0.05,0.966,-14.439,-5.054,5.381,0.02,4.71,-159.28,stabilizer_snapshot,legacy_intermediate,mg_mdps_cdeg,1,0x00,1,0,1100,1100
positive_yaw,,366905,18455,-0.041,-0.096,0.971,1.421,6.354,3.838,2.04,4.34,-157.51,stabilizer_snapshot,legacy_intermediate,mg_mdps_cdeg,1,0x00,1,0,1100,1100
positive_yaw,,367065,18463,-0.085,-0.08700000000000001,0.984,7.827,7.9190000000000005,-8.609,0.65,6.0,-158.59,stabilizer_snapshot,legacy_intermediate,mg_mdps_cdeg,1,0x00,1,0,1100,1100
positive_yaw,,367165,18468,-0.11,-0.037,0.995,-4.413,-3.156,-2.0020000000000002,0.72,6.11,-159.07,stabilizer_snapshot,legacy_intermediate,mg_mdps_cdeg,1,0x00,1,0,1100,1100
