Time [s],Channel 0,Channel 1,Channel 2,Channel 3,Channel 4
0.000000000,1,0,0,1,1
0.000256000,1,1,1,1,1
0.042147000,0,1,1,1,1
0.042147250,1,1,1,1,1
0.044449000,1,0,1,1,1
0.044750125,1,1,1,1,1
0.044750250,1,1,0,1,1
0.045051125,1,0,0,1,1
0.045353125,1,1,1,1,1
0.045354125,0,1,1,1,1
0.045655125,0,0,1,1,1
0.045956250,0,1,1,1,1
0.045956375,0,1,0,1,1
0.046258250,0,0,0,1,1
0.046263750,1,1,0,1,1
0.046263875,1,1,1,1,1
0.046559750,1,0,0,1,1
0.046560000,1,1,0,1,1
0.046560125,1,1,1,1,1
0.046560375,1,1,1,0,1
0.046861125,1,0,1,0,1
0.047163000,1,1,1,1,1
0.047777375,1,1,1,0,1
0.048078000,1,0,1,0,1
0.048380000,1,1,1,1,1
0.124137125,0,1,1,1,1
0.124137375,1,1,1,1,1
0.126439000,1,0,1,1,1
0.126740125,1,1,1,1,1
0.126740250,1,1,0,1,1
0.127041125,1,0,0,1,1
0.127343125,1,1,1,1,1
0.127344125,0,1,1,1,1
0.127655750,0,0,1,1,1
0.127957000,0,1,1,1,1
0.127957125,0,1,0,1,1
0.128259125,0,0,0,1,1
0.128263500,1,1,1,1,1
0.128560875,1,0,0,1,1
0.128561000,1,1,0,1,1
0.128561250,1,1,1,1,1
0.128561375,1,1,1,0,1
0.128862125,1,0,1,0,1
0.129164000,1,1,1,1,1
0.129767500,1,1,1,0,1
0.130068125,1,0,1,0,1
0.130370000,1,1,1,1,1
0.206127125,0,1,1,1,1
0.206127375,1,1,1,1,1
0.208429750,1,0,1,1,1
0.208730875,1,1,1,1,1
0.208731000,1,1,0,1,1
0.209031875,1,0,0,1,1
0.209334000,1,1,1,1,1
0.209334875,0,1,1,1,1
0.209635875,0,0,1,1,1
0.209937000,0,1,1,1,1
0.209937250,0,1,0,1,1
0.210239125,0,0,0,1,1
0.210243500,1,1,0,1,1
0.210243625,1,1,1,1,1
0.210540625,1,0,0,1,1
0.210540750,1,1,0,1,1
0.210541000,1,1,1,1,1
0.210541250,1,1,1,0,1
0.210841875,1,0,1,0,1
0.211143750,1,1,1,1,1
0.211747375,1,1,1,0,1
0.212048000,1,0,1,0,1
0.212349875,1,1,1,1,1
0.288117500,0,1,1,1,1
0.288117625,1,1,1,1,1
0.290419250,1,0,1,1,1
0.290720250,1,1,1,1,1
0.290720500,1,1,0,1,1
0.291021375,1,0,0,1,1
0.291323625,1,1,1,1,1
0.291324500,0,1,1,1,1
0.291625625,0,0,1,1,1
0.291926750,0,1,1,1,1
0.291927000,0,1,0,1,1
0.292228875,0,0,0,1,1
0.292233375,1,1,1,1,1
0.292530375,1,0,0,1,1
0.292530625,1,1,0,1,1
0.292530750,1,1,1,1,1
0.292531000,1,1,1,0,1
0.292831750,1,0,1,0,1
0.293133625,1,1,1,1,1
0.293737125,1,1,1,0,1
0.294037750,1,0,1,0,1
0.294339500,1,1,1,1,1
0.370107500,0,1,1,1,1
0.370107750,1,1,1,1,1
0.372409375,1,0,1,1,1
0.372710375,1,1,1,1,1
0.372710625,1,1,0,1,1
0.373011500,1,0,0,1,1
0.373313500,1,1,1,1,1
0.373314375,0,1,1,1,1
0.373615500,0,0,1,1,1
0.373916500,0,1,1,1,1
0.373916750,0,1,0,1,1
0.374218625,0,0,0,1,1
0.374222375,0,1,0,1,1
0.374222500,1,1,1,1,1
0.374520125,1,0,0,1,1
0.374520375,1,1,0,1,1
0.374520500,1,1,1,1,1
0.374520750,1,1,1,0,1
0.374821500,1,0,1,0,1
0.375123375,1,1,1,1,1
0.375726750,1,1,1,0,1
0.376027375,1,0,1,0,1
0.376329250,1,1,1,1,1
0.452097375,0,1,1,1,1
0.452097625,1,1,1,1,1
0.454399375,1,0,1,1,1
0.454700500,1,1,1,1,1
0.454700750,1,1,0,1,1
0.455001625,1,0,0,1,1
0.455303500,1,1,1,1,1
0.455304375,0,1,1,1,1
0.455605500,0,0,1,1,1
0.455906625,0,1,1,1,1
0.455906875,0,1,0,1,1
0.456208625,0,0,0,1,1
0.456212875,1,1,0,1,1
0.456213000,1,1,1,1,1
0.456510250,1,0,0,1,1
0.456510375,1,1,0,1,1
0.456510625,1,1,1,1,1
0.456510750,1,1,1,0,1
0.456811500,1,0,1,0,1
0.457113500,1,1,1,1,1
0.457716875,1,1,1,0,1
0.458017500,1,0,1,0,1
0.458319375,1,1,1,1,1
0.534087500,0,1,1,1,1
0.534087625,1,1,1,1,1
0.536389500,1,0,1,1,1
0.536690625,1,1,1,1,1
0.536690750,1,1,0,1,1
0.536991625,1,0,0,1,1
0.537293625,1,1,1,1,1
0.537294500,0,1,1,1,1
0.537595625,0,0,1,1,1
0.537896750,0,1,1,1,1
0.537897000,0,1,0,1,1
0.538198750,0,0,0,1,1
0.538203250,1,1,1,1,1
0.538500375,1,0,0,1,1
0.538500500,1,1,0,1,1
0.538500750,1,1,1,1,1
0.538500875,1,1,1,0,1
0.538801625,1,0,1,0,1
0.539103500,1,1,1,1,1
0.539707000,1,1,1,0,1
0.540007625,1,0,1,0,1
0.540309625,1,1,1,1,1
0.616077500,0,1,1,1,1
0.616077625,1,1,1,1,1
0.618379625,1,0,1,1,1
0.618680625,1,1,1,1,1
0.618680875,1,1,0,1,1
0.618981750,1,0,0,1,1
0.619283750,1,1,1,1,1
0.619284625,0,1,1,1,1
0.619585750,0,0,1,1,1
0.619886750,0,1,1,1,1
0.619887000,0,1,0,1,1
0.620188875,0,0,0,1,1
0.620193750,1,1,1,1,1
0.620490375,1,0,0,1,1
0.620490625,1,1,0,1,1
0.620490750,1,1,1,1,1
0.620491000,1,1,1,0,1
0.620791750,1,0,1,0,1
0.621093625,1,1,1,1,1
0.621697125,1,1,1,0,1
0.621997625,1,0,1,0,1
0.622299750,1,1,1,1,1
0.698067625,0,1,1,1,1
0.698067875,1,1,1,1,1
0.700369750,1,0,1,1,1
0.700670750,1,1,1,1,1
0.700671000,1,1,0,1,1
0.700971875,1,0,0,1,1
0.701273750,1,1,1,1,1
0.701274750,0,1,1,1,1
0.701575875,0,0,1,1,1
0.701876875,0,1,1,1,1
0.701877125,0,1,0,1,1
0.702179000,0,0,0,1,1
0.702182875,1,1,0,1,1
0.702183250,1,1,1,1,1
0.702480500,1,0,0,1,1
0.702480750,1,1,0,1,1
0.702480875,1,1,1,1,1
0.702481125,1,1,1,0,1
0.702781875,1,0,1,0,1
0.703083750,1,1,1,1,1
0.703687250,1,1,1,0,1
0.703987875,1,0,1,0,1
0.704289750,1,1,1,1,1
0.780057750,0,1,1,1,1
0.780058000,1,1,1,1,1
0.782359750,1,0,1,1,1
0.782660875,1,1,1,1,1
0.782661000,1,1,0,1,1
0.782961875,1,0,0,1,1
0.783263875,1,1,1,1,1
0.783264875,0,1,1,1,1
0.783565875,0,0,1,1,1
0.783867000,0,1,1,1,1
0.783867125,0,1,0,1,1
0.784169000,0,0,0,1,1
0.784173875,1,1,1,1,1
0.784470500,1,0,0,1,1
0.784470750,1,1,0,1,1
0.784470875,1,1,1,1,1
0.784471125,1,1,1,0,1
0.784771875,1,0,1,0,1
0.785073750,1,1,1,1,1
0.785677250,1,1,1,0,1
0.785977875,1,0,1,0,1
0.786279750,1,1,1,1,1
0.862047750,0,1,1,1,1
0.862048125,1,1,1,1,1
0.864349875,1,0,1,1,1
0.864651000,1,1,1,1,1
0.864651125,1,1,0,1,1
0.864952000,1,0,0,1,1
0.865253875,1,1,1,1,1
0.865255000,0,1,1,1,1
0.865556000,0,0,1,1,1
0.865857000,0,1,1,1,1
0.865857250,0,1,0,1,1
0.866159125,0,0,0,1,1
0.866164750,1,1,1,1,1
0.866460625,1,0,0,1,1
0.866460875,1,1,0,1,1
0.866461000,1,1,1,1,1
0.866461250,1,1,1,0,1
0.866762000,1,0,1,0,1
0.867063875,1,1,1,1,1
0.867678250,1,1,1,0,1
0.867978875,1,0,1,0,1
0.868280875,1,1,1,1,1
0.944037875,0,1,1,1,1
0.944038000,1,1,1,1,1
0.946339875,1,0,1,1,1
0.946640875,1,1,1,1,1
0.946641125,1,1,0,1,1
0.946942000,1,0,0,1,1
0.947244000,1,1,1,1,1
0.947245000,0,1,1,1,1
0.947556875,0,0,1,1,1
0.947858000,0,1,1,1,1
0.947858250,0,1,0,1,1
0.948160125,0,0,0,1,1
0.948163875,1,1,0,1,1
0.948164125,1,1,1,1,1
0.948461875,1,0,0,1,1
0.948462000,1,1,0,1,1
0.948462250,1,1,1,1,1
0.948462500,1,1,1,0,1
0.948763125,1,0,1,0,1
0.949065000,1,1,1,1,1
0.949668500,1,1,1,0,1
0.949969125,1,0,1,0,1
0.950271250,1,1,1,1,1
1.026028000,0,1,1,1,1
1.026028250,1,1,1,1,1
1.028330625,1,0,1,1,1
1.028631625,1,1,1,1,1
1.028631875,1,1,0,1,1
1.028932750,1,0,0,1,1
1.029234625,1,1,1,1,1
1.029235500,0,1,1,1,1
1.029536625,0,0,1,1,1
1.029837750,0,1,1,1,1
1.029837875,0,1,0,1,1
1.030139750,0,0,0,1,1
1.030144000,1,1,1,1,1
1.030441375,1,0,0,1,1
1.030441500,1,1,0,1,1
1.030441750,1,1,1,1,1
1.030441875,1,1,1,0,1
1.030742625,1,0,1,0,1
1.031044500,1,1,1,1,1
1.031648000,1,1,1,0,1
1.031948750,1,0,1,0,1
1.032250500,1,1,1,1,1
1.108018375,0,1,1,1,1
1.108018500,1,1,1,1,1
1.110320125,1,0,1,1,1
1.110621125,1,1,1,1,1
1.110621375,1,1,0,1,1
1.110922250,1,0,0,1,1
1.111224250,1,1,1,1,1
1.111225125,0,1,1,1,1
1.111526250,0,0,1,1,1
1.111827375,0,1,1,1,1
1.111827625,0,1,0,1,1
1.112129375,0,0,0,1,1
1.112133875,1,1,1,1,1
1.112430875,1,0,0,1,1
1.112431125,1,1,0,1,1
1.112431250,1,1,1,1,1
1.112431500,1,1,1,0,1
1.112732250,1,0,1,0,1
1.113034125,1,1,1,1,1
1.113637500,1,1,1,0,1
1.113938125,1,0,1,0,1
1.114240000,1,1,1,1,1
1.190008250,0,1,1,1,1
1.190008500,1,1,1,1,1
1.192310125,1,0,1,1,1
1.192611125,1,1,1,1,1
1.192611375,1,1,0,1,1
1.192912250,1,0,0,1,1
1.193214250,1,1,1,1,1
1.193215250,0,1,1,1,1
1.193516250,0,0,1,1,1
1.193817250,0,1,1,1,1
1.193817500,0,1,0,1,1
1.194119375,0,0,0,1,1
1.194125500,1,1,1,1,1
1.194420875,1,0,0,1,1
1.194421125,1,1,0,1,1
1.194421250,1,1,1,1,1
1.194421500,1,1,1,0,1
1.194722250,1,0,1,0,1
1.195024125,1,1,1,1,1
1.195627625,1,1,1,0,1
1.195928125,1,0,1,0,1
1.196230250,1,1,1,1,1
1.271998125,0,1,1,1,1
1.271998375,1,1,1,1,1
1.274300125,1,0,1,1,1
1.274601250,1,1,1,1,1
1.274601500,1,1,0,1,1
1.274902375,1,0,0,1,1
1.275204250,1,1,1,1,1
1.275205125,0,1,1,1,1
1.275506250,0,0,1,1,1
1.275807375,0,1,1,1,1
1.275807625,0,1,0,1,1
1.276109375,0,0,0,1,1
1.276115875,1,1,1,1,1
1.276411000,1,0,0,1,1
1.276411125,1,1,0,1,1
1.276411375,1,1,1,1,1
1.276411500,1,1,1,0,1
1.276712250,1,0,1,0,1
1.277014125,1,1,1,1,1
1.277617750,1,1,1,0,1
1.277918250,1,0,1,0,1
1.278220125,1,1,1,1,1
1.353988375,0,1,1,1,1
1.353988500,1,1,1,1,1
1.356290375,1,0,1,1,1
1.356591375,1,1,1,1,1
1.356591625,1,1,0,1,1
1.356892500,1,0,0,1,1
1.357194500,1,1,1,1,1
1.357195375,0,1,1,1,1
1.357496500,0,0,1,1,1
1.357797625,0,1,1,1,1
1.357797875,0,1,0,1,1
1.358099625,0,0,0,1,1
1.358104125,1,1,0,1,1
1.358104500,1,1,1,1,1
1.358401250,1,0,0,1,1
1.358401375,1,1,0,1,1
1.358401500,1,1,1,1,1
1.358401750,1,1,1,0,1
1.358702500,1,0,1,0,1
1.359004500,1,1,1,1,1
1.359607875,1,1,1,0,1
1.359908625,1,0,1,0,1
1.360210500,1,1,1,1,1
1.435978375,0,1,1,1,1
1.435978625,1,1,1,1,1
1.438280375,1,0,1,1,1
1.438581500,1,1,1,1,1
1.438581625,1,1,0,1,1
1.438882625,1,0,0,1,1
1.439184500,1,1,1,1,1
1.439185500,0,1,1,1,1
1.439486500,0,0,1,1,1
1.439787625,0,1,1,1,1
1.439787875,0,1,0,1,1
1.440089750,0,0,0,1,1
1.440095750,1,1,1,1,1
1.440391250,1,0,0,1,1
1.440391500,1,1,0,1,1
1.440391625,1,1,1,1,1
1.440391875,1,1,1,0,1
1.440692625,1,0,1,0,1
1.440994375,1,1,1,1,1
1.441598000,1,1,1,0,1
1.441898500,1,0,1,0,1
1.442200375,1,1,1,1,1
1.517968375,0,1,1,1,1
1.517968625,1,1,1,1,1
1.520270500,1,0,1,1,1
1.520571625,1,1,1,1,1
1.520571750,1,1,0,1,1
1.520872750,1,0,0,1,1
1.521174625,1,1,1,1,1
1.521175625,0,1,1,1,1
1.521476625,0,0,1,1,1
1.521777750,0,1,1,1,1
1.521777875,0,1,0,1,1
1.522079750,0,0,0,1,1
1.522083250,1,1,1,1,1
1.522381375,1,0,0,1,1
1.522381500,1,1,0,1,1
1.522381750,1,1,1,1,1
1.522381875,1,1,1,0,1
1.522682625,1,0,1,0,1
1.522984625,1,1,1,1,1
1.523588125,1,1,1,0,1
1.523888625,1,0,1,0,1
1.524190625,1,1,1,1,1
1.599958500,0,1,1,1,1
1.599958750,1,1,1,1,1
1.602260625,1,0,1,1,1
1.602561625,1,1,1,1,1
1.602561875,1,1,0,1,1
1.602862750,1,0,0,1,1
1.603164750,1,1,1,1,1
1.603165625,0,1,1,1,1
1.603466750,0,0,1,1,1
1.603767875,0,1,1,1,1
1.603768125,0,1,0,1,1
1.604069875,0,0,0,1,1
1.604074375,1,1,1,1,1
1.604371500,1,0,0,1,1
1.604371625,1,1,0,1,1
1.604371750,1,1,1,1,1
1.604372000,1,1,1,0,1
1.604672750,1,0,1,0,1
1.604974625,1,1,1,1,1
1.605578125,1,1,1,0,1
1.605878750,1,0,1,0,1
1.606180625,1,1,1,1,1
1.681948500,0,1,1,1,1
1.681948750,1,1,1,1,1
1.684250625,1,0,1,1,1
1.684551750,1,1,1,1,1
1.684551875,1,1,0,1,1
1.684852750,1,0,0,1,1
1.685154750,1,1,1,1,1
1.685155625,0,1,1,1,1
1.685456750,0,0,1,1,1
1.685757875,0,1,1,1,1
1.685758000,0,1,0,1,1
1.686059875,0,0,0,1,1
1.686064250,1,1,1,1,1
1.686361375,1,0,0,1,1
1.686361625,1,1,0,1,1
1.686361750,1,1,1,1,1
1.686362000,1,1,1,0,1
1.686662750,1,0,1,0,1
1.686964625,1,1,1,1,1
1.687579000,1,1,1,0,1
1.687879625,1,0,1,0,1
1.688181750,1,1,1,1,1
1.763938625,0,1,1,1,1
1.763938875,1,1,1,1,1
1.766240625,1,0,1,1,1
1.766541750,1,1,1,1,1
1.766542000,1,1,0,1,1
1.766842875,1,0,0,1,1
1.767144750,1,1,1,1,1
1.767145625,0,1,1,1,1
1.767457500,0,0,1,1,1
1.767758625,0,1,1,1,1
1.767758875,0,1,0,1,1
1.768060875,0,0,0,1,1
1.768065125,0,1,0,1,1
1.768065250,1,1,1,1,1
1.768362625,1,0,0,1,1
1.768362750,1,1,0,1,1
1.768362875,1,1,1,1,1
1.768363125,1,1,1,0,1
1.768663875,1,0,1,0,1
1.768965750,1,1,1,1,1
1.769569250,1,1,1,0,1
1.769869875,1,0,1,0,1
1.770171750,1,1,1,1,1
1.845928875,0,1,1,1,1
1.845929125,1,1,1,1,1
1.848231125,1,0,1,1,1
1.848532125,1,1,1,1,1
1.848532375,1,1,0,1,1
1.848833250,1,0,0,1,1
1.849135125,1,1,1,1,1
1.849136000,0,1,1,1,1
1.849437125,0,0,1,1,1
1.849738250,0,1,1,1,1
1.849738375,0,1,0,1,1
1.850040250,0,0,0,1,1
1.850044250,0,1,0,1,1
1.850044375,1,1,1,1,1
1.850341750,1,0,0,1,1
1.850342000,1,1,0,1,1
1.850342125,1,1,1,1,1
1.850342375,1,1,1,0,1
1.850643125,1,0,1,0,1
1.850945000,1,1,1,1,1
1.851548500,1,1,1,0,1
1.851849250,1,0,1,0,1
1.852151125,1,1,1,1,1
1.927919125,0,1,1,1,1
1.927919250,1,1,1,1,1
1.930220875,1,0,1,1,1
1.930521875,1,1,1,1,1
1.930522125,1,1,0,1,1
1.930823000,1,0,0,1,1
1.931125125,1,1,1,1,1
1.931125875,0,1,1,1,1
1.931427125,0,0,1,1,1
1.931728125,0,1,1,1,1
1.931728375,0,1,0,1,1
1.932030250,0,0,0,1,1
1.932034375,1,1,0,1,1
1.932034500,1,1,1,1,1
1.932331875,1,0,0,1,1
1.932332000,1,1,0,1,1
1.932332125,1,1,1,1,1
1.932332375,1,1,1,0,1
1.932633125,1,0,1,0,1
1.932935000,1,1,1,1,1
1.933538375,1,1,1,0,1
1.933839125,1,0,1,0,1
1.934140875,1,1,1,1,1
2.009909000,0,1,1,1,1
2.009909250,1,1,1,1,1
2.012211000,1,0,1,1,1
2.012512125,1,1,1,1,1
2.012512375,1,1,0,1,1
2.012813250,1,0,0,1,1
2.013115250,1,1,1,1,1
2.013116125,0,1,1,1,1
2.013417250,0,0,1,1,1
2.013718250,0,1,1,1,1
2.013718500,0,1,0,1,1
2.014020375,0,0,0,1,1
2.014024750,1,1,0,1,1
2.014024875,1,1,1,1,1
2.014321875,1,0,0,1,1
2.014322125,1,1,0,1,1
2.014322250,1,1,1,1,1
2.014322500,1,1,1,0,1
2.014623250,1,0,1,0,1
2.014925125,1,1,1,1,1
2.015528625,1,1,1,0,1
2.015829250,1,0,1,0,1
2.016131125,1,1,1,1,1
2.091899125,0,1,1,1,1
2.091899375,1,1,1,1,1
2.094201000,1,0,1,1,1
2.094502125,1,1,1,1,1
2.094502250,1,1,0,1,1
2.094803125,1,0,0,1,1
2.095105250,1,1,1,1,1
2.095106125,0,1,1,1,1
2.095407250,0,0,1,1,1
2.095708375,0,1,1,1,1
2.095708500,0,1,0,1,1
2.096010500,0,0,0,1,1
2.096014875,0,1,0,1,1
2.096015000,1,1,1,1,1
2.096312125,1,0,0,1,1
2.096312250,1,1,0,1,1
2.096312375,1,1,1,1,1
2.096312625,1,1,1,0,1
2.096613375,1,0,1,0,1
2.096915250,1,1,1,1,1
2.097518750,1,1,1,0,1
2.097819375,1,0,1,0,1
2.098121250,1,1,1,1,1
2.173889000,0,1,1,1,1
2.173889250,1,1,1,1,1
2.176191125,1,0,1,1,1
2.176492250,1,1,1,1,1
2.176492500,1,1,0,1,1
2.176793375,1,0,0,1,1
2.177095250,1,1,1,1,1
2.177096125,0,1,1,1,1
2.177397375,0,0,1,1,1
2.177698500,0,1,1,1,1
2.177698625,0,1,0,1,1
2.178000625,0,0,0,1,1
2.178002125,1,1,0,1,1
2.178002375,0,0,0,1,1
2.178004625,1,1,0,1,1
2.178004750,1,1,1,1,1
2.178302125,1,0,0,1,1
2.178302250,1,1,0,1,1
2.178302500,1,1,1,1,1
2.178302750,1,1,1,0,1
2.178603375,1,0,1,0,1
2.178905250,1,1,1,1,1
2.179508750,1,1,1,0,1
2.179809375,1,0,1,0,1
2.180111250,1,1,1,1,1
2.255879125,0,1,1,1,1
2.255879375,1,1,1,1,1
2.258181125,1,0,1,1,1
2.258482250,1,1,1,1,1
2.258482500,1,1,0,1,1
2.258783375,1,0,0,1,1
2.259085250,1,1,1,1,1
2.259086250,0,1,1,1,1
2.259387375,0,0,1,1,1
2.259688500,0,1,1,1,1
2.259688625,0,1,0,1,1
2.259990500,0,0,0,1,1
2.259992875,1,1,1,1,1
2.259993125,0,0,0,1,1
2.259995750,1,1,1,1,1
2.260292125,1,0,0,1,1
2.260292250,1,1,0,1,1
2.260292500,1,1,1,1,1
2.260292625,1,1,1,0,1
2.260593375,1,0,1,0,1
2.260895375,1,1,1,1,1
2.261498875,1,1,1,0,1
2.261799375,1,0,1,0,1
2.262101250,1,1,1,1,1
2.337869250,0,1,1,1,1
2.337869375,1,1,1,1,1
2.340171375,1,0,1,1,1
2.340472500,1,1,1,1,1
2.340472750,1,1,0,1,1
2.340773625,1,0,0,1,1
2.341075625,1,1,1,1,1
2.341076375,0,1,1,1,1
2.341377625,0,0,1,1,1
2.341678625,0,1,1,1,1
2.341678875,0,1,0,1,1
2.341980750,0,0,0,1,1
2.341983625,1,1,1,1,1
2.341983875,0,0,0,1,1
2.341984250,1,1,0,1,1
2.341984500,1,1,1,1,1
2.342282250,1,0,0,1,1
2.342282500,1,1,0,1,1
2.342282625,1,1,1,1,1
2.342282875,1,1,1,0,1
2.342583625,1,0,1,0,1
2.342885500,1,1,1,1,1
2.343488875,1,1,1,0,1
2.343789625,1,0,1,0,1
2.344091500,1,1,1,1,1
2.419859250,0,1,1,1,1
2.419859500,0,0,1,1,1
2.419859625,1,1,1,1,1
2.422161375,1,0,1,1,1
2.422462500,1,1,1,1,1
2.422462750,1,1,0,1,1
2.422763625,1,0,0,1,1
2.423065500,1,1,1,1,1
2.423066375,0,1,1,1,1
2.423367500,0,0,1,1,1
2.423668625,0,1,1,1,1
2.423668875,0,1,0,1,1
2.423970750,0,0,0,1,1
2.423974375,1,1,1,1,1
2.424272250,1,0,0,1,1
2.424272375,1,1,0,1,1
2.424272625,1,1,1,1,1
2.424272875,1,1,1,0,1
2.424573500,1,0,1,0,1
2.424875500,1,1,1,1,1
2.425478875,1,1,1,0,1
2.425779500,1,0,1,0,1
2.426081375,1,1,1,1,1
2.501849375,0,1,1,1,1
2.501849500,1,1,1,1,1
2.504151375,1,0,1,1,1
2.504452500,1,1,1,1,1
2.504452750,1,1,0,1,1
2.504753625,1,0,0,1,1
2.505055500,1,1,1,1,1
2.505056375,0,1,1,1,1
2.505357500,0,0,1,1,1
2.505658625,0,1,1,1,1
2.505658875,0,1,0,1,1
2.505960625,0,0,0,1,1
2.505964250,1,1,0,1,1
2.505964375,1,1,1,1,1
2.506262250,1,0,0,1,1
2.506262375,1,1,0,1,1
2.506262625,1,1,1,1,1
2.506262750,1,1,1,0,1
2.506563500,1,0,1,0,1
2.506865500,1,1,1,1,1
2.507479625,1,1,1,0,1
2.507780250,1,0,1,0,1
2.508082375,1,1,1,1,1
2.583839500,0,1,1,1,1
2.583839625,1,1,1,1,1
2.586141500,1,0,1,1,1
2.586442625,1,1,1,1,1
2.586442875,1,1,0,1,1
2.586743750,1,0,0,1,1
2.587045625,1,1,1,1,1
2.587046625,0,1,1,1,1
2.587358250,0,0,1,1,1
2.587659375,0,1,1,1,1
2.587659500,0,1,0,1,1
2.587961625,0,0,0,1,1
2.587966000,1,1,0,1,1
2.587966125,1,1,1,1,1
2.588263250,1,0,0,1,1
2.588263375,1,1,0,1,1
2.588263625,1,1,1,1,1
2.588263750,1,1,1,0,1
2.588564500,1,0,1,0,1
2.588866375,1,1,1,1,1
2.589469750,1,1,1,0,1
2.589770500,1,0,1,0,1
2.590072375,1,1,1,1,1
2.665829625,0,1,1,1,1
2.665829750,1,1,1,1,1
2.668132000,1,0,1,1,1
2.668433000,1,1,1,1,1
2.668433250,1,1,0,1,1
2.668734125,1,0,0,1,1
2.669036000,1,1,1,1,1
2.669037000,0,1,1,1,1
2.669338000,0,0,1,1,1
2.669639125,0,1,1,1,1
2.669639250,0,1,0,1,1
2.669941250,0,0,0,1,1
2.669945125,0,1,0,1,1
2.669945250,1,1,1,1,1
2.670242750,1,0,0,1,1
2.670243000,1,1,0,1,1
2.670243125,1,1,1,1,1
2.670243375,1,1,1,0,1
2.670544000,1,0,1,0,1
2.670846000,1,1,1,1,1
2.671449500,1,1,1,0,1
2.671750125,1,0,1,0,1
2.672052000,1,1,1,1,1
2.747819875,0,1,1,1,1
2.747820125,1,1,1,1,1
2.750121750,1,0,1,1,1
2.750422750,1,1,1,1,1
2.750422875,1,1,0,1,1
2.750723875,1,0,0,1,1
2.751025875,1,1,1,1,1
2.751026750,0,1,1,1,1
2.751327875,0,0,1,1,1
2.751629000,0,1,1,1,1
2.751629250,0,1,0,1,1
2.751931000,0,0,0,1,1
2.751934000,0,1,0,1,1
2.751934625,1,1,0,1,1
2.751934750,1,1,1,1,1
2.752232625,1,0,0,1,1
2.752232750,1,1,0,1,1
2.752233000,1,1,1,1,1
2.752233125,1,1,1,0,1
2.752533875,1,0,1,0,1
2.752835875,1,1,1,1,1
2.753439250,1,1,1,0,1
2.753739875,1,0,1,0,1
2.754041875,1,1,1,1,1
2.829809750,0,1,1,1,1
2.829810000,1,1,1,1,1
2.832111750,1,0,1,1,1
2.832412750,1,1,1,1,1
2.832413000,1,1,0,1,1
2.832713875,1,0,0,1,1
2.833016000,1,1,1,1,1
2.833016875,0,1,1,1,1
2.833317875,0,0,1,1,1
2.833619000,0,1,1,1,1
2.833619250,0,1,0,1,1
2.833921125,0,0,0,1,1
2.833926750,0,1,0,1,1
2.833927000,1,1,0,1,1
2.833927125,1,1,1,1,1
2.834222625,1,0,0,1,1
2.834222875,1,1,0,1,1
2.834223000,1,1,1,1,1
2.834223250,1,1,1,0,1
2.834524000,1,0,1,0,1
2.834825875,1,1,1,1,1
2.835429375,1,1,1,0,1
2.835729875,1,0,1,0,1
2.836031750,1,1,1,1,1
2.911799750,0,1,1,1,1
2.911800000,1,1,1,1,1
2.914101875,1,0,1,1,1
2.914403000,1,1,1,1,1
2.914403250,1,1,0,1,1
2.914704125,1,0,0,1,1
2.915006000,1,1,1,1,1
2.915006875,0,1,1,1,1
2.915308000,0,0,1,1,1
2.915609125,0,1,1,1,1
2.915609250,0,1,0,1,1
2.915911125,0,0,0,1,1
2.915915125,1,1,0,1,1
2.915915250,1,1,1,1,1
2.916212625,1,0,0,1,1
2.916212875,1,1,0,1,1
2.916213000,1,1,1,1,1
2.916213250,1,1,1,0,1
2.916514000,1,0,1,0,1
2.916815875,1,1,1,1,1
2.917419250,1,1,1,0,1
2.917720000,1,0,1,0,1
2.918021875,1,1,1,1,1
2.993790000,0,1,1,1,1
2.993790125,1,1,1,1,1
2.995790375,1,1,1,0,1
2.995790500,1,1,1,1,1
2.996092000,1,0,1,1,1
2.996393000,1,1,1,1,1
2.996393250,1,1,0,1,1
2.996694125,1,0,0,1,1
2.996996250,1,1,1,1,1
2.996997000,0,1,1,1,1
2.997298250,0,0,1,1,1
2.997599250,0,1,1,1,1
2.997599500,0,1,0,1,1
2.997901375,0,0,0,1,1
2.997905625,1,1,0,1,1
2.997905750,1,1,1,1,1
2.998203000,1,0,0,1,1
2.998203250,1,1,0,1,1
2.998203375,1,1,1,1,1
2.998203625,1,1,1,0,1
2.998504375,1,0,1,0,1
2.998806250,1,1,1,1,1
2.999409750,1,1,1,0,1
2.999710375,1,0,1,0,1
3.000012250,1,1,1,1,1
3.075780125,0,1,1,1,1
3.075780250,1,1,1,1,1
3.078082000,1,0,1,1,1
3.078383125,1,1,1,1,1
3.078383375,1,1,0,1,1
3.078684250,1,0,0,1,1
3.078986125,1,1,1,1,1
3.078987125,0,1,1,1,1
3.079288125,0,0,1,1,1
3.079589250,0,1,1,1,1
3.079589500,0,1,0,1,1
3.079891250,0,0,0,1,1
3.079895875,1,1,1,1,1
3.080192875,1,0,0,1,1
3.080193000,1,1,0,1,1
3.080193250,1,1,1,1,1
3.080193375,1,1,1,0,1
3.080494125,1,0,1,0,1
3.080796000,1,1,1,1,1
3.081399500,1,1,1,0,1
3.081700125,1,0,1,0,1
3.082002000,1,1,1,1,1
3.157770000,0,1,1,1,1
3.157770250,1,1,1,1,1
3.160072125,1,0,1,1,1
3.160373125,1,1,1,1,1
3.160373375,1,1,0,1,1
3.160674250,1,0,0,1,1
3.160976250,1,1,1,1,1
3.160977125,0,1,1,1,1
3.161278250,0,0,1,1,1
3.161579250,0,1,1,1,1
3.161579500,0,1,0,1,1
3.161881375,0,0,0,1,1
3.161884250,0,1,0,1,1
3.161885750,1,1,0,1,1
3.161885875,1,1,1,1,1
3.162182875,1,0,0,1,1
3.162183125,1,1,0,1,1
3.162183250,1,1,1,1,1
3.162183500,1,1,1,0,1
3.162484250,1,0,1,0,1
3.162786125,1,1,1,1,1
3.163389625,1,1,1,0,1
3.163690125,1,0,1,0,1
3.163992125,1,1,1,1,1
3.239760250,0,1,1,1,1
3.239760375,1,1,1,1,1
3.239760500,0,0,1,1,1
3.239760625,1,1,1,1,1
3.242062125,1,0,1,1,1
3.242363250,1,1,1,1,1
3.242363500,1,1,0,1,1
3.242664375,1,0,0,1,1
3.242966250,1,1,1,1,1
3.242967250,0,1,1,1,1
3.243268250,0,0,1,1,1
3.243569375,0,1,1,1,1
3.243569625,0,1,0,1,1
3.243871375,0,0,0,1,1
3.243874750,1,1,1,1,1
3.244173000,1,0,0,1,1
3.244173125,1,1,0,1,1
3.244173375,1,1,1,1,1
3.244173500,1,1,1,0,1
3.244474250,1,0,1,0,1
3.244776125,1,1,1,1,1
3.245379750,1,1,1,0,1
3.245680250,1,0,1,0,1
3.245982125,1,1,1,1,1
3.321750250,0,1,1,1,1
3.321750625,1,1,1,1,1
3.324052250,1,0,1,1,1
3.324353375,1,1,1,1,1
3.324353625,1,1,0,1,1
3.324654500,1,0,0,1,1
3.324956375,1,1,1,1,1
3.324957375,0,1,1,1,1
3.325258375,0,0,1,1,1
3.325559500,0,1,1,1,1
3.325559750,0,1,0,1,1
3.325861500,0,0,0,1,1
3.325864750,0,1,0,1,1
3.325864875,1,1,1,1,1
3.326163125,1,0,0,1,1
3.326163250,1,1,0,1,1
3.326163500,1,1,1,1,1
3.326163625,1,1,1,0,1
3.326464375,1,0,1,0,1
3.326766375,1,1,1,1,1
3.327380750,1,1,1,0,1
3.327681375,1,0,1,0,1
3.327983250,1,1,1,1,1
3.403740375,0,1,1,1,1
3.403740625,1,1,1,1,1
3.406042375,1,0,1,1,1
3.406343500,1,1,1,1,1
3.406343625,1,1,0,1,1
3.406644500,1,0,0,1,1
3.406946500,1,1,1,1,1
3.406947375,0,1,1,1,1
3.407259125,0,0,1,1,1
3.407560250,0,1,1,1,1
3.407560500,0,1,0,1,1
3.407862500,0,0,0,1,1
3.407863375,0,1,0,1,1
3.407863625,0,0,0,1,1
3.407866000,1,1,1,1,1
3.408164125,1,0,0,1,1
3.408164375,1,1,0,1,1
3.408164500,1,1,1,1,1
3.408164750,1,1,1,0,1
3.408465500,1,0,1,0,1
3.408767250,1,1,1,1,1
3.409370875,1,1,1,0,1
3.409671375,1,0,1,0,1
3.409973250,1,1,1,1,1
3.485730500,0,1,1,1,1
3.485730625,1,1,1,1,1
3.488032750,1,0,1,1,1
3.488333875,1,1,1,1,1
3.488334000,1,1,0,1,1
3.488634875,1,0,0,1,1
3.488936875,1,1,1,1,1
3.488937750,0,1,1,1,1
3.489238875,0,0,1,1,1
3.489539875,0,1,1,1,1
3.489540125,0,1,0,1,1
3.489842000,0,0,0,1,1
3.489845375,1,1,0,1,1
3.489845750,1,1,1,1,1
3.490143625,1,0,0,1,1
3.490143750,1,1,0,1,1
3.490144000,1,1,1,1,1
3.490144125,1,1,1,0,1
3.490444875,1,0,1,0,1
3.490746750,1,1,1,1,1
3.491350250,1,1,1,0,1
3.491650875,1,0,1,0,1
3.491952750,1,1,1,1,1
3.567720750,0,1,1,1,1
3.567720875,1,1,1,1,1
3.570022625,1,0,1,1,1
3.570323625,1,1,1,1,1
3.570323750,1,1,0,1,1
3.570624750,1,0,0,1,1
3.570926750,1,1,1,1,1
3.570927875,0,1,1,1,1
3.571228750,0,0,1,1,1
3.571529875,0,1,1,1,1
3.571530125,0,1,0,1,1
3.571831875,0,0,0,1,1
3.571837625,1,1,0,1,1
3.571837750,1,1,1,1,1
3.572133500,1,0,0,1,1
3.572133625,1,1,0,1,1
3.572133875,1,1,1,1,1
3.572134000,1,1,1,0,1
3.572434750,1,0,1,0,1
3.572736625,1,1,1,1,1
3.573340125,1,1,1,0,1
3.573640750,1,0,1,0,1
3.573942500,1,1,1,1,1
3.649710750,0,1,1,1,1
3.649711000,1,1,1,1,1
3.652012625,1,0,1,1,1
3.652313750,1,1,1,1,1
3.652313875,1,1,0,1,1
3.652614875,1,0,0,1,1
3.652916750,1,1,1,1,1
3.652917625,0,1,1,1,1
3.653218625,0,0,1,1,1
3.653519750,0,1,1,1,1
3.653520000,0,1,0,1,1
3.653821875,0,0,0,1,1
3.653825375,1,1,1,1,1
3.654123375,1,0,0,1,1
3.654123500,1,1,0,1,1
3.654123750,1,1,1,1,1
3.654124000,1,1,1,0,1
3.654424625,1,0,1,0,1
3.654726500,1,1,1,1,1
3.655329875,1,1,1,0,1
3.655630625,1,0,1,0,1
3.655932625,1,1,1,1,1
3.731700625,0,1,1,1,1
3.731701000,1,1,1,1,1
3.734002625,1,0,1,1,1
3.734303750,1,1,1,1,1
3.734304000,1,1,0,1,1
3.734604875,1,0,0,1,1
3.734906750,1,1,1,1,1
3.734907750,0,1,1,1,1
3.735208750,0,0,1,1,1
3.735509875,0,1,1,1,1
3.735510125,0,1,0,1,1
3.735812000,0,0,0,1,1
3.735817250,1,1,1,1,1
3.736113500,1,0,0,1,1
3.736113625,1,1,0,1,1
3.736113875,1,1,1,1,1
3.736114000,1,1,1,0,1
3.736414750,1,0,1,0,1
3.736716750,1,1,1,1,1
3.737320250,1,1,1,0,1
3.737620750,1,0,1,0,1
3.737922750,1,1,1,1,1
3.813690750,0,1,1,1,1
3.813690875,1,1,1,1,1
3.815992750,1,0,1,1,1
3.816293875,1,1,1,1,1
3.816294000,1,1,0,1,1
3.816595000,1,0,0,1,1
3.816896875,1,1,1,1,1
3.816897750,0,1,1,1,1
3.817199000,0,0,1,1,1
3.817500000,0,1,1,1,1
3.817500250,0,1,0,1,1
3.817802125,0,0,0,1,1
3.817806250,1,1,1,1,1
3.818103625,1,0,0,1,1
3.818103750,1,1,0,1,1
3.818104000,1,1,1,1,1
3.818104125,1,1,1,0,1
3.818404875,1,0,1,0,1
3.818706875,1,1,1,1,1
3.819310250,1,1,1,0,1
3.819610875,1,0,1,0,1
3.819912875,1,1,1,1,1
3.895680875,0,1,1,1,1
3.895681125,1,1,1,1,1
3.897982875,1,0,1,1,1
3.898284000,1,1,1,1,1
3.898284125,1,1,0,1,1
3.898585000,1,0,0,1,1
3.898887125,1,1,1,1,1
3.898888000,0,1,1,1,1
3.899189125,0,0,1,1,1
3.899490125,0,1,1,1,1
3.899490375,0,1,0,1,1
3.899792250,0,0,0,1,1
3.899796250,1,1,0,1,1
3.899796375,1,1,1,1,1
3.900093750,1,0,0,1,1
3.900094000,1,1,0,1,1
3.900094125,1,1,1,1,1
3.900094375,1,1,1,0,1
3.900395125,1,0,1,0,1
3.900697000,1,1,1,1,1
3.901300500,1,1,1,0,1
3.901601125,1,0,1,0,1
3.901903000,1,1,1,1,1
3.977671000,0,1,1,1,1
3.977671250,1,1,1,1,1
3.979973000,1,0,1,1,1
3.980274000,1,1,1,1,1
3.980274250,1,1,0,1,1
3.980575125,1,0,0,1,1
3.980877000,1,1,1,1,1
3.980878000,0,1,1,1,1
3.981179000,0,0,1,1,1
3.981480125,0,1,1,1,1
3.981480375,0,1,0,1,1
3.981782250,0,0,0,1,1
3.981787625,1,1,1,1,1
3.982083750,1,0,0,1,1
3.982083875,1,1,0,1,1
3.982084125,1,1,1,1,1
3.982084250,1,1,1,0,1
3.982385000,1,0,1,0,1
3.982686875,1,1,1,1,1
3.983290500,1,1,1,0,1
3.983591000,1,0,1,0,1
3.983892875,1,1,1,1,1
4.059661000,0,1,1,1,1
4.059661125,1,1,1,1,1
4.061963000,1,0,1,1,1
4.062264125,1,1,1,1,1
4.062264375,1,1,0,1,1
4.062565250,1,0,0,1,1
4.062867125,1,1,1,1,1
4.062868000,0,1,1,1,1
4.063169125,0,0,1,1,1
4.063470250,0,1,1,1,1
4.063470375,0,1,0,1,1
4.063772250,0,0,0,1,1
4.063776125,1,1,1,1,1
4.064073875,1,0,0,1,1
4.064074000,1,1,0,1,1
4.064074125,1,1,1,1,1
4.064074375,1,1,1,0,1
4.064375125,1,0,1,0,1
4.064677000,1,1,1,1,1
4.065280375,1,1,1,0,1
4.065581000,1,0,1,0,1
4.065882875,1,1,1,1,1
4.141651125,0,1,1,1,1
4.141651250,1,1,1,1,1
4.143953000,1,0,1,1,1
4.144254125,1,1,1,1,1
4.144254375,1,1,0,1,1
4.144555250,1,0,0,1,1
4.144857125,1,1,1,1,1
4.144858125,0,1,1,1,1
4.145159125,0,0,1,1,1
4.145460250,0,1,1,1,1
4.145460375,0,1,0,1,1
4.145762250,0,0,0,1,1
4.145767375,1,1,1,1,1
4.146063875,1,0,0,1,1
4.146064000,1,1,0,1,1
4.146064125,1,1,1,1,1
4.146064375,1,1,1,0,1
4.146365125,1,0,1,0,1
4.146667000,1,1,1,1,1
4.147281250,1,1,1,0,1
4.147581875,1,0,1,0,1
4.147884000,1,1,1,1,1
4.223641250,0,1,1,1,1
4.223641375,1,1,1,1,1
4.225943125,1,0,1,1,1
4.226244250,1,1,1,1,1
4.226244500,1,1,0,1,1
4.226545375,1,0,0,1,1
4.226847250,1,1,1,1,1
4.226848250,0,1,1,1,1
4.227160125,0,0,1,1,1
4.227461375,0,1,1,1,1
4.227461500,0,1,0,1,1
4.227763625,0,0,0,1,1
4.227767750,1,1,0,1,1
4.227767875,1,1,1,1,1
4.228065250,1,0,0,1,1
4.228065500,1,1,0,1,1
4.228065625,1,1,1,1,1
4.228065875,1,1,1,0,1
4.228366500,1,0,1,0,1
4.228668375,1,1,1,1,1
4.229271875,1,1,1,0,1
4.229572500,1,0,1,0,1
4.229874500,1,1,1,1,1
4.305631250,0,1,1,1,1
4.305631375,1,1,1,1,1
4.307933625,1,0,1,1,1
4.308234625,1,1,1,1,1
4.308234875,1,1,0,1,1
4.308535750,1,0,0,1,1
4.308837625,1,1,1,1,1
4.308838625,0,1,1,1,1
4.309139625,0,0,1,1,1
4.309440625,0,1,1,1,1
4.309440875,0,1,0,1,1
4.309742750,0,0,0,1,1
4.309747500,1,1,1,1,1
4.310044375,1,0,0,1,1
4.310044500,1,1,0,1,1
4.310044625,1,1,1,1,1
4.310044875,1,1,1,0,1
4.310345625,1,0,1,0,1
4.310647500,1,1,1,1,1
4.311251125,1,1,1,0,1
4.311551625,1,0,1,0,1
4.311853625,1,1,1,1,1
4.387621500,0,1,1,1,1
4.387621750,1,1,1,1,1
4.389923375,1,0,1,1,1
4.390224500,1,1,1,1,1
4.390224625,1,1,0,1,1
4.390525500,1,0,0,1,1
4.390827625,1,1,1,1,1
4.390828625,0,1,1,1,1
4.391129625,0,0,1,1,1
4.391430750,0,1,1,1,1
4.391431000,0,1,0,1,1
4.391732875,0,0,0,1,1
4.391736625,1,1,0,1,1
4.391736750,1,1,1,1,1
4.392034375,1,0,0,1,1
4.392034625,1,1,0,1,1
4.392034750,1,1,1,1,1
4.392035000,1,1,1,0,1
4.392335625,1,0,1,0,1
4.392637625,1,1,1,1,1
4.393241000,1,1,1,0,1
4.393541625,1,0,1,0,1
4.393843500,1,1,1,1,1
4.469611375,0,1,1,1,1
4.469611875,1,1,1,1,1
4.471913375,1,0,1,1,1
4.472214500,1,1,1,1,1
4.472214750,1,1,0,1,1
4.472515625,1,0,0,1,1
4.472817750,1,1,1,1,1
4.472818750,0,1,1,1,1
4.473119625,0,0,1,1,1
4.473420750,0,1,1,1,1
4.473421000,0,1,0,1,1
4.473722875,0,0,0,1,1
4.473728750,1,1,0,1,1
4.473728875,1,1,1,1,1
4.474024500,1,0,0,1,1
4.474024625,1,1,0,1,1
4.474024875,1,1,1,1,1
4.474025000,1,1,1,0,1
4.474325750,1,0,1,0,1
4.474627750,1,1,1,1,1
4.475231250,1,1,1,0,1
4.475531875,1,0,1,0,1
4.475833750,1,1,1,1,1
4.551601375,0,1,1,1,1
4.551601625,1,1,1,1,1
4.553903500,1,0,1,1,1
4.554204625,1,1,1,1,1
4.554204875,1,1,0,1,1
4.554505750,1,0,0,1,1
4.554807750,1,1,1,1,1
4.554808625,0,1,1,1,1
4.555109750,0,0,1,1,1
4.555410750,0,1,1,1,1
4.555411000,0,1,0,1,1
4.555712875,0,0,0,1,1
4.555718125,1,1,1,1,1
4.556014375,1,0,0,1,1
4.556014625,1,1,0,1,1
4.556014750,1,1,1,1,1
4.556015000,1,1,1,0,1
4.556315750,1,0,1,0,1
4.556617625,1,1,1,1,1
4.557221125,1,1,1,0,1
4.557521625,1,0,1,0,1
4.557823625,1,1,1,1,1
4.633591500,0,1,1,1,1
4.633591750,1,1,1,1,1
4.635893500,1,0,1,1,1
4.636194625,1,1,1,1,1
4.636194875,1,1,0,1,1
4.636495750,1,0,0,1,1
4.636797625,1,1,1,1,1
4.636798625,0,1,1,1,1
4.637099750,0,0,1,1,1
4.637400750,0,1,1,1,1
4.637401000,0,1,0,1,1
4.637702875,0,0,0,1,1
4.637706625,1,1,0,1,1
4.637707750,1,1,1,1,1
4.638004375,1,0,0,1,1
4.638004625,1,1,0,1,1
4.638004750,1,1,1,1,1
4.638005000,1,1,1,0,1
4.638305750,1,0,1,0,1
4.638607625,1,1,1,1,1
4.639211250,1,1,1,0,1
4.639511750,1,0,1,0,1
4.639813625,1,1,1,1,1
4.715581625,0,1,1,1,1
4.715581875,1,1,1,1,1
4.717883750,1,0,1,1,1
4.718184875,1,1,1,1,1
4.718185000,1,1,0,1,1
4.718485875,1,0,0,1,1
4.718787750,1,1,1,1,1
4.718788750,0,1,1,1,1
4.719089875,0,0,1,1,1
4.719390875,0,1,1,1,1
4.719391125,0,1,0,1,1
4.719693000,0,0,0,1,1
4.719698750,1,1,1,1,1
4.719994500,1,0,0,1,1
4.719994750,1,1,0,1,1
4.719994875,1,1,1,1,1
4.719995125,1,1,1,0,1
4.720295875,1,0,1,0,1
4.720597750,1,1,1,1,1
4.721201250,1,1,1,0,1
4.721501875,1,0,1,0,1
4.721803750,1,1,1,1,1
4.797571625,0,1,1,1,1
4.797571875,1,1,1,1,1
4.799873750,1,0,1,1,1
4.800174875,1,1,1,1,1
4.800175125,1,1,0,1,1
4.800476000,1,0,0,1,1
4.800777875,1,1,1,1,1
4.800778750,0,1,1,1,1
4.801079875,0,0,1,1,1
4.801381000,0,1,1,1,1
4.801381250,0,1,0,1,1
4.801683000,0,0,0,1,1
4.801689375,1,1,1,1,1
4.801984625,1,0,0,1,1
4.801984750,1,1,0,1,1
4.801985000,1,1,1,1,1
4.801985125,1,1,1,0,1
4.802285875,1,0,1,0,1
4.802587750,1,1,1,1,1
4.803191375,1,1,1,0,1
4.803491875,1,0,1,0,1
4.803793875,1,1,1,1,1
4.879561750,0,1,1,1,1
4.879561875,1,1,1,1,1
4.881863750,1,0,1,1,1
4.882164875,1,1,1,1,1
4.882165125,1,1,0,1,1
4.882466000,1,0,0,1,1
4.882767875,1,1,1,1,1
4.882768750,0,1,1,1,1
4.883069875,0,0,1,1,1
4.883371000,0,1,1,1,1
4.883371250,0,1,0,1,1
4.883673000,0,0,0,1,1
4.883677750,1,1,0,1,1
4.883677875,1,1,1,1,1
4.883974625,1,0,0,1,1
4.883974750,1,1,0,1,1
4.883975000,1,1,1,1,1
4.883975125,1,1,1,0,1
4.884275875,1,0,1,0,1
4.884577750,1,1,1,1,1
4.885181250,1,1,1,0,1
4.885481875,1,0,1,0,1
4.885783750,1,1,1,1,1
4.961551750,0,1,1,1,1
4.961552000,0,0,1,1,1
4.961552125,1,1,1,1,1
4.963853875,1,0,1,1,1
4.964155000,1,1,1,1,1
4.964155250,1,1,0,1,1
4.964456125,1,0,0,1,1
4.964758000,1,1,1,1,1
4.964759000,0,1,1,1,1
4.965060000,0,0,1,1,1
4.965361125,0,1,1,1,1
4.965361375,0,1,0,1,1
4.965663250,0,0,0,1,1
4.965669250,1,1,1,1,1
4.965964750,1,0,0,1,1
4.965964875,1,1,0,1,1
4.965965125,1,1,1,1,1
4.965965250,1,1,1,0,1
4.966266000,1,0,1,0,1
4.966567875,1,1,1,1,1
4.967182125,1,1,1,0,1
4.967482750,1,0,1,0,1
4.967784875,1,1,1,1,1
5.043541875,0,1,1,1,1
5.043542250,1,1,1,1,1
5.045844000,1,0,1,1,1
5.046145125,1,1,1,1,1
5.046145250,1,1,0,1,1
5.046446125,1,0,0,1,1
5.046748125,1,1,1,1,1
5.046749125,0,1,1,1,1
5.047061000,0,0,1,1,1
5.047362125,0,1,1,1,1
5.047362375,0,1,0,1,1
5.047664375,0,0,0,1,1
5.047668875,1,1,1,1,1
5.047966125,1,0,0,1,1
5.047966250,1,1,0,1,1
5.047966500,1,1,1,1,1
5.047966625,1,1,1,0,1
5.048267375,1,0,1,0,1
5.048569125,1,1,1,0,1
5.048569250,1,1,1,1,1
5.049172750,1,1,1,0,1
5.049473375,1,0,1,0,1
5.049775500,1,1,1,1,1
5.101056000,1,1,1,1,1
