t_us,run_id,gap,gx,gy,gz,omega_sp,alpha_ff,tilt_x,tilt_y,thrust,angle,erpm,torque,angle_sp,offset_us,erpm_lower,servo_tilt
821887183,3,0,0.006,-0.002,0.004,0.0,0.0,0.0,0.0,7.390000000000001,0.0653,42856.0,0.0,0.0653,0.0,42252.0,0.0
821891590,3,0,0.014,-0.14,0.008,0.0,0.0,0.0,0.0,7.390000000000001,0.065,42856.0,0.0,0.065,4407.0,42612.0,0.0
821896533,3,0,-0.012,0.011,-0.004,0.0,0.0,0.0,0.0,7.390000000000001,0.0646,42736.0,0.0,0.0646,9350.0,42372.0,0.0
821899237,3,0,0.017,-0.08700000000000001,-0.003,0.0,0.0,0.0,0.0,7.390000000000001,0.0646,42980.0,0.0,0.0646,12054.0,42252.0,0.0
821903533,3,0,-0.015,-0.07200000000000001,0.002,0.0,0.0,0.0,0.0,7.390000000000001,0.0641,42980.0,0.0,0.0641,16350.0,42372.0,0.0
821907570,3,0,0.007,0.005,-0.002,0.0,0.0,0.0,0.0,7.390000000000001,0.06420000000000001,42856.0,0.0,0.06420000000000001,20387.0,42372.0,0.0
821912200,3,0,0.003,-0.109,0.006,0.0,0.0,0.0,0.0,7.390000000000001,0.0637,42980.0,0.0,0.0637,25017.0,42372.0,0.0
821916574,3,0,-0.008,0.013000000000000001,0.008,0.0,0.0,0.0,0.0,7.390000000000001,0.0636,42856.0,0.0,0.0636,0.0,42372.0,0.0
821919266,3,0,0.018000000000000002,-0.097,-0.004,0.0,0.0,0.0,0.0,7.390000000000001,0.0637,42856.0,0.0,0.0637,2692.0,42492.0,0.0
821923533,3,0,-0.022,-0.048,-0.007,0.0,0.0,0.0,0.0,7.390000000000001,0.0632,42980.0,0.0,0.0632,6959.0,42492.0,0.0
821927534,3,0,0.008,-0.009000000000000001,0.007,0.0,0.0,0.0,0.0,7.390000000000001,0.06330000000000001,43104.0,0.0,0.06330000000000001,10960.0,42136.0,0.0
821932214,3,0,-0.008,-0.08600000000000001,0.008,0.0,0.0,0.0,0.0,7.390000000000001,0.0629,43104.0,0.0,0.0629,15640.0,42372.0,0.0
821936533,3,0,0.002,0.015,-0.006,0.0,0.0,0.0,0.0,7.390000000000001,0.0629,42980.0,0.0,0.0629,19959.0,42252.0,0.0
821941221,3,0,-0.002,-0.106,-0.005,0.0,0.0,0.0,0.0,7.390000000000001,0.0626,43104.0,0.0,0.0626,24647.0,42136.0,0.0
821943221,3,0,-0.018000000000000002,-0.028,-0.007,0.0,0.0,0.0,0.0,7.390000000000001,0.062400000000000004,42612.0,0.0,0.062400000000000004,0.0,42372.0,0.0
821947225,3,0,0.01,-0.023,-0.003,0.0,0.0,0.0,0.0,7.390000000000001,0.0625,42856.0,0.0,0.0625,4004.0,42252.0,0.0
821951533,3,0,-0.001,-0.096,0.011,0.0,0.0,0.0,0.0,7.390000000000001,0.062200000000000005,42612.0,0.0,0.062200000000000005,8312.0,42372.0,0.0
821956533,3,0,0.013000000000000001,0.018000000000000002,-0.006,0.0,0.0,0.0,0.0,7.390000000000001,0.062200000000000005,42612.0,0.0,0.062200000000000005,13312.0,42372.0,0.0
821960533,3,0,0.003,-0.109,-0.007,0.0,0.0,0.0,0.0,7.390000000000001,0.061900000000000004,42856.0,0.0,0.061900000000000004,17312.0,42136.0,0.0
821965685,3,0,-0.006,0.029,0.003,0.0,0.0,0.0,0.0,7.390000000000001,0.0618,42856.0,0.0,0.0618,22464.0,42372.0,0.0
821968241,3,0,0.014,-0.065,0.005,0.0,0.0,0.0,0.0,7.390000000000001,0.0618,42980.0,0.0,0.0618,25020.0,42372.0,0.0
821973243,3,0,-0.01,0.001,0.004,0.0,0.0,0.0,0.0,7.390000000000001,0.0614,42736.0,0.0,0.0614,0.0,42252.0,0.0
821975260,3,0,0.003,0.032,0.005,0.0,0.0,0.0,0.0,7.390000000000001,0.061500000000000006,42980.0,0.0,0.061500000000000006,2017.0,42372.0,0.0
821980573,3,0,0.007,-0.093,0.002,0.0,0.0,0.0,0.0,7.390000000000001,0.0614,42980.0,0.0,0.0614,7330.0,42372.0,0.0
821983249,3,0,-0.01,-0.001,-0.004,0.0,0.0,0.0,0.0,7.390000000000001,0.0611,42612.0,0.0,0.0611,10006.0,42372.0,0.0
821987254,3,0,0.014,-0.025,-0.002,0.0,0.0,0.0,0.0,7.390000000000001,0.0613,42980.0,0.0,0.0613,14011.0,42372.0,0.0
821991532,3,0,-0.011,-0.064,0.01,0.0,0.0,0.0,0.0,7.390000000000001,0.0609,43104.0,0.0,0.0609,18289.0,42372.0,0.0
821995534,3,0,0.005,0.033,0.003,0.0,0.0,0.0,0.0,7.390000000000001,0.0609,42980.0,0.0,0.0609,22291.0,42492.0,0.0
822000271,3,0,-0.004,-0.075,-0.014,0.0,0.0,0.0,0.0,7.390000000000001,0.0608,43228.0,0.0,0.0608,0.0,42372.0,0.0
822004532,3,0,-0.006,0.032,0.003,0.0,0.0,0.0,0.0,7.390000000000001,0.060700000000000004,43104.0,0.0,0.060700000000000004,4261.0,42372.0,0.0
822008532,3,0,0.012,-0.065,0.008,0.0,0.0,0.0,0.0,7.390000000000001,0.0608,42980.0,0.0,0.0608,8261.0,42372.0,0.0
822011269,3,0,-0.008,-0.056,-0.003,0.0,0.0,0.0,0.0,7.390000000000001,0.060500000000000005,42612.0,0.0,0.060500000000000005,10998.0,42372.0,0.0
822015686,3,0,0.007,0.031,-0.002,0.0,0.0,0.0,0.0,7.390000000000001,0.0606,42736.0,0.0,0.0606,15415.0,42252.0,0.0
822020292,3,0,-0.006,-0.065,-0.002,0.0,0.0,0.0,0.0,7.390000000000001,0.0604,42736.0,0.0,0.0604,20021.0,42492.0,0.0
822025276,3,0,0.007,0.036000000000000004,-0.007,0.0,0.0,0.0,0.0,7.390000000000001,0.060500000000000005,42980.0,0.0,0.060500000000000005,25005.0,42372.0,0.0
822027281,3,0,0.009000000000000001,-0.025,0.002,0.0,0.0,0.0,0.0,7.390000000000001,0.060500000000000005,42980.0,0.0,0.060500000000000005,0.0,42372.0,0.0
822031532,3,0,-0.005,-0.043000000000000003,0.014,0.0,0.0,0.0,0.0,7.390000000000001,0.060200000000000004,42736.0,0.0,0.060200000000000004,4251.0,42372.0,0.0
822035532,3,0,0.011,0.038,-0.003,0.0,0.0,0.0,0.0,7.390000000000001,0.0604,42856.0,0.0,0.0604,8251.0,42372.0,0.0
822040290,3,0,-0.006,-0.064,-0.003,0.0,0.0,0.0,0.0,7.390000000000001,0.060200000000000004,42856.0,0.0,0.060200000000000004,13009.0,42492.0,0.0
822044570,3,0,-0.007,0.036000000000000004,0.003,0.0,0.0,0.0,0.0,7.390000000000001,0.0601,42856.0,0.0,0.0601,17289.0,42492.0,0.0
822047296,3,0,0.008,-0.025,0.0,0.0,0.0,0.0,0.0,7.390000000000001,0.0604,42856.0,0.0,0.0604,20015.0,42372.0,0.0
822051532,3,0,-0.003,-0.028,0.003,0.0,0.0,0.0,0.0,7.390000000000001,0.0601,42980.0,0.0,0.0601,24251.0,42372.0,0.0
822055532,3,0,0.007,0.047,-0.001,0.0,0.0,0.0,0.0,7.390000000000001,0.0603,42856.0,0.0,0.0603,0.0,42372.0,0.0
822060305,3,0,-0.002,-0.06,-0.004,0.0,0.0,0.0,0.0,7.390000000000001,0.0601,42980.0,0.0,0.0601,4773.0,42252.0,0.0
822064351,3,0,0.002,0.058,-0.001,0.0,0.0,0.0,0.0,7.390000000000001,0.060200000000000004,42856.0,0.0,0.060200000000000004,8819.0,42372.0,0.0
822068531,3,0,0.007,-0.052000000000000005,0.007,0.0,0.0,0.0,0.0,7.390000000000001,0.0603,42980.0,0.0,0.0603,12999.0,42492.0,0.0
822072531,3,0,0.01,0.025,0.001,0.0,0.0,0.0,0.0,7.390000000000001,0.060200000000000004,42856.0,0.0,0.060200000000000004,16999.0,42372.0,0.0
822076575,3,0,0.007,0.047,-0.003,0.0,0.0,0.0,0.0,7.390000000000001,0.0604,42856.0,0.0,0.0604,21043.0,42372.0,0.0
822079365,3,0,-0.003,-0.066,-0.004,0.0,0.0,0.0,0.0,7.390000000000001,0.0603,42736.0,0.0,0.0603,23833.0,42492.0,0.0
822083531,3,0,-0.003,0.059000000000000004,0.002,0.0,0.0,0.0,0.0,7.390000000000001,0.0603,42856.0,0.0,0.0603,0.0,42136.0,0.0
822087556,3,0,0.011,-0.025,0.007,0.0,0.0,0.0,0.0,7.390000000000001,0.060500000000000005,42612.0,0.0,0.060500000000000005,4025.0,42372.0,0.0
822092327,3,0,0.004,0.039,0.006,0.0,0.0,0.0,0.0,7.390000000000001,0.0603,42736.0,0.0,0.0603,8796.0,42252.0,0.0
822096530,3,0,-0.001,0.012,0.001,0.0,0.0,0.0,0.0,7.390000000000001,0.060700000000000004,42736.0,0.0,0.060700000000000004,12999.0,42372.0,0.0
822100532,3,0,0.004,-0.036000000000000004,-0.005,0.0,0.0,0.0,0.0,7.390000000000001,0.060500000000000005,42856.0,0.0,0.060500000000000005,17001.0,42372.0,0.0
822103334,3,0,-0.003,0.07200000000000001,-0.016,0.0,0.0,0.0,0.0,7.390000000000001,0.060500000000000005,42980.0,0.0,0.060500000000000005,19803.0,42372.0,0.0
822107338,3,0,0.01,-0.036000000000000004,0.007,0.0,0.0,0.0,0.0,7.390000000000001,0.0608,42612.0,0.0,0.0608,23807.0,42372.0,0.0
822111532,3,0,0.004,0.015,0.005,0.0,0.0,0.0,0.0,7.390000000000001,0.060500000000000005,42736.0,0.0,0.060500000000000005,0.0,42372.0,0.0
822116531,3,0,0.003,0.009000000000000001,-0.004,0.0,0.0,0.0,0.0,7.390000000000001,0.061000000000000006,42736.0,0.0,0.061000000000000006,4999.0,42372.0,0.0
822119391,3,0,0.005,-0.061,-0.004,0.0,0.0,0.0,0.0,7.390000000000001,0.0608,42736.0,0.0,0.0608,7859.0,42252.0,0.0
822124395,3,0,-0.008,0.077,-0.008,0.0,0.0,0.0,0.0,7.390000000000001,0.061000000000000006,42856.0,0.0,0.061000000000000006,12863.0,42372.0,0.0
822128531,3,0,0.013000000000000001,-0.063,0.006,0.0,0.0,0.0,0.0,7.390000000000001,0.061000000000000006,42736.0,0.0,0.061000000000000006,16999.0,42372.0,0.0
822133357,3,0,-0.016,0.096,0.001,0.0,0.0,0.0,0.0,7.390000000000001,0.061000000000000006,42612.0,0.0,0.061000000000000006,21825.0,42372.0,0.0
822135357,3,0,-0.005,0.049,-0.001,0.0,0.0,0.0,0.0,7.390000000000001,0.061200000000000004,43104.0,0.0,0.061200000000000004,23825.0,42252.0,0.0
822139406,3,0,0.012,-0.049,-0.009000000000000001,0.0,0.0,0.0,0.0,7.390000000000001,0.0611,42856.0,0.0,0.0611,0.0,42252.0,0.0
822143532,3,0,-0.017,0.107,-0.007,0.0,0.0,0.0,0.0,7.390000000000001,0.061200000000000004,42736.0,0.0,0.061200000000000004,4126.0,42136.0,0.0
822148364,3,0,0.013000000000000001,-0.07200000000000001,0.015,0.0,0.0,0.0,0.0,7.390000000000001,0.0614,42856.0,0.0,0.0614,8958.0,42372.0,0.0
822152531,3,0,-0.014,0.091,-0.003,0.0,0.0,0.0,0.0,7.390000000000001,0.0613,42856.0,0.0,0.0613,13125.0,42252.0,0.0
822157373,3,0,0.011,-0.053,-0.006,0.0,0.0,0.0,0.0,7.390000000000001,0.061700000000000005,42980.0,0.0,0.061700000000000005,17967.0,42372.0,0.0
822159420,3,0,0.006,-0.04,-0.005,0.0,0.0,0.0,0.0,7.390000000000001,0.061500000000000006,42736.0,0.0,0.061500000000000006,20014.0,42492.0,0.0
822163530,3,0,-0.014,0.11800000000000001,-0.001,0.0,0.0,0.0,0.0,7.390000000000001,0.0618,42612.0,0.0,0.0618,24124.0,42252.0,0.0
822168380,3,0,0.017,-0.061,0.009000000000000001,0.0,0.0,0.0,0.0,7.390000000000001,0.062,42736.0,0.0,0.062,0.0,42492.0,0.0
822172570,3,0,-0.007,0.073,0.012,0.0,0.0,0.0,0.0,7.390000000000001,0.061900000000000004,42736.0,0.0,0.061900000000000004,4190.0,42372.0,0.0
822175398,3,0,-0.001,0.026000000000000002,-0.003,0.0,0.0,0.0,0.0,7.390000000000001,0.0625,42856.0,0.0,0.0625,7018.0,42252.0,0.0
822179531,3,0,0.005,-0.028,-0.012,0.0,0.0,0.0,0.0,7.390000000000001,0.062200000000000005,42980.0,0.0,0.062200000000000005,11151.0,42612.0,0.0
822183531,3,0,-0.018000000000000002,0.12,0.001,0.0,0.0,0.0,0.0,7.390000000000001,0.0625,42980.0,0.0,0.0625,15151.0,42372.0,0.0
822187554,3,0,0.016,-0.057,0.015,0.0,0.0,0.0,0.0,7.390000000000001,0.0627,43104.0,0.0,0.0627,19174.0,42372.0,0.0
822192397,3,0,-0.011,0.127,-0.012,0.0,0.0,0.0,0.0,7.390000000000001,0.0627,42980.0,0.0,0.0627,24017.0,42372.0,0.0
822196528,3,0,0.01,-0.039,-0.005,0.0,0.0,0.0,0.0,7.390000000000001,0.0631,42856.0,0.0,0.0631,0.0,42372.0,0.0
822200530,3,0,-0.007,0.046,0.002,0.0,0.0,0.0,0.0,7.390000000000001,0.0629,42980.0,0.0,0.0629,4002.0,42252.0,0.0
822204573,3,0,-0.018000000000000002,0.116,0.001,0.0,0.0,0.0,0.0,7.390000000000001,0.06330000000000001,42980.0,0.0,0.06330000000000001,8045.0,42372.0,0.0
822207407,3,0,0.025,-0.065,0.008,0.0,0.0,0.0,0.0,7.390000000000001,0.0634,42736.0,0.0,0.0634,10879.0,42492.0,0.0
822211530,3,0,-0.007,0.11900000000000001,0.002,0.0,0.0,0.0,0.0,7.390000000000001,0.0634,42736.0,0.0,0.0634,15002.0,42372.0,0.0
822215686,3,0,0.009000000000000001,0.002,-0.003,0.0,0.0,0.0,0.0,7.390000000000001,0.0639,42856.0,0.0,0.0639,19158.0,42372.0,0.0
822220417,3,0,-0.006,0.083,-0.006,0.0,0.0,0.0,0.0,7.390000000000001,0.0637,42856.0,0.0,0.0637,23889.0,42372.0,0.0
822224466,3,0,0.002,0.052000000000000005,0.01,0.0,0.0,0.0,0.0,7.390000000000001,0.06430000000000001,42736.0,0.0,0.06430000000000001,0.0,42372.0,0.0
822228585,3,0,0.019,-0.033,0.006,0.0,0.0,0.0,0.0,7.390000000000001,0.0641,42856.0,0.0,0.0641,4119.0,42252.0,0.0
822231425,3,0,-0.017,0.14100000000000001,-0.005,0.0,0.0,0.0,0.0,7.390000000000001,0.06430000000000001,42612.0,0.0,0.06430000000000001,6959.0,42252.0,0.0
822235427,3,0,0.013000000000000001,-0.019,-0.002,0.0,0.0,0.0,0.0,7.390000000000001,0.06470000000000001,42736.0,0.0,0.06470000000000001,10961.0,42372.0,0.0
822240432,3,0,-0.011,0.106,-0.004,0.0,0.0,0.0,0.0,7.390000000000001,0.0646,42856.0,0.0,0.0646,15966.0,42372.0,0.0
822244481,3,0,0.006,0.038,0.002,0.0,0.0,0.0,0.0,7.390000000000001,0.0651,42980.0,0.0,0.0651,20015.0,42372.0,0.0
822249485,3,0,0.001,0.064,0.0,0.0,0.0,0.0,0.0,7.390000000000001,0.0649,42856.0,0.0,0.0649,25019.0,42252.0,0.0
822251530,3,0,-0.018000000000000002,0.165,0.003,0.0,0.0,0.0,0.0,7.390000000000001,0.06520000000000001,42980.0,0.0,0.06520000000000001,0.0,42372.0,0.0
822256530,3,0,0.03,-0.065,0.0,0.0,0.0,0.0,0.0,7.390000000000001,0.0656,42736.0,0.0,0.0656,5000.0,42372.0,0.0
822261447,3,0,-0.02,0.164,-0.006,0.0,0.0,0.0,0.0,7.390000000000001,0.0658,42856.0,0.0,0.0658,9917.0,42252.0,0.0
822263449,3,0,-0.005,0.084,0.001,0.0,0.0,0.0,0.0,7.390000000000001,0.06620000000000001,42856.0,0.0,0.06620000000000001,11919.0,42372.0,0.0
822268573,3,0,0.018000000000000002,-0.048,0.004,0.0,0.0,0.0,0.0,7.390000000000001,0.066,42736.0,0.0,0.066,17043.0,42492.0,0.0
822271453,3,0,-0.019,0.168,0.003,0.0,0.0,0.0,0.0,7.390000000000001,0.0663,42736.0,0.0,0.0663,19923.0,42252.0,0.0
822275530,3,0,0.027,-0.05,-0.005,0.0,0.0,0.0,0.0,7.390000000000001,0.06670000000000001,42736.0,0.0,0.06670000000000001,24000.0,42372.0,0.0
822280465,3,0,-0.02,0.158,0.0,0.0,0.0,0.0,0.0,7.390000000000001,0.06670000000000001,42736.0,0.0,0.06670000000000001,0.0,42372.0,0.0
822285466,3,0,0.028,-0.058,0.0,0.0,0.0,0.0,0.0,7.390000000000001,0.06720000000000001,42612.0,0.0,0.06720000000000001,5001.0,42372.0,0.0
822287466,3,0,0.015,-0.029,0.0,0.0,0.0,0.0,0.0,7.390000000000001,0.067,42980.0,0.0,0.067,7001.0,42372.0,0.0
822291529,3,0,-0.022,0.166,0.013000000000000001,0.0,0.0,0.0,0.0,7.390000000000001,0.0675,42736.0,0.0,0.0675,11064.0,42372.0,0.0
822296528,3,0,0.025,-0.062,-0.011,0.0,0.0,0.0,0.0,7.390000000000001,0.0675,42980.0,0.0,0.0675,16063.0,42372.0,0.0
822300577,3,0,-0.019,0.129,-0.017,0.0,0.0,0.0,0.0,7.390000000000001,0.06760000000000001,42856.0,0.0,0.06760000000000001,20112.0,42252.0,0.0
822303476,3,0,0.004,0.038,0.008,0.0,0.0,0.0,0.0,7.390000000000001,0.0683,42980.0,0.0,0.0683,23011.0,42252.0,0.0
822307529,3,0,0.009000000000000001,0.0,0.008,0.0,0.0,0.0,0.0,7.390000000000001,0.068,42612.0,0.0,0.068,0.0,42252.0,0.0
822311529,3,0,-0.011,0.162,-0.006,0.0,0.0,0.0,0.0,7.390000000000001,0.0685,42856.0,0.0,0.0685,4000.0,42372.0,0.0
822315689,3,0,0.036000000000000004,-0.074,-0.005,0.0,0.0,0.0,0.0,7.390000000000001,0.0687,42612.0,0.0,0.0687,8160.0,42372.0,0.0
822320491,3,0,-0.028,0.18,-0.004,0.0,0.0,0.0,0.0,7.390000000000001,0.069,42612.0,0.0,0.069,12962.0,42252.0,0.0
822324555,3,0,0.031,-0.05,0.0,0.0,0.0,0.0,0.0,7.390000000000001,0.0693,42736.0,0.0,0.0693,17026.0,42136.0,0.0
822327492,3,0,0.001,0.032,0.0,0.0,0.0,0.0,0.0,7.390000000000001,0.06910000000000001,42980.0,0.0,0.06910000000000001,19963.0,42252.0,0.0
822332577,3,0,-0.015,0.149,0.013000000000000001,0.0,0.0,0.0,0.0,7.390000000000001,0.0697,42980.0,0.0,0.0697,25048.0,42252.0,0.0
822335500,3,0,0.029,-0.068,-0.003,0.0,0.0,0.0,0.0,7.390000000000001,0.0697,42612.0,0.0,0.0697,0.0,42372.0,0.0
822339554,3,0,-0.021,0.17500000000000002,-0.011,0.0,0.0,0.0,0.0,7.390000000000001,0.0699,42612.0,0.0,0.0699,4054.0,42372.0,0.0
822344556,3,0,0.02,-0.062,0.009000000000000001,0.0,0.0,0.0,0.0,7.390000000000001,0.0704,42856.0,0.0,0.0704,9056.0,42492.0,0.0
822347513,3,0,-0.01,0.058,0.008,0.0,0.0,0.0,0.0,7.390000000000001,0.07010000000000001,42736.0,0.0,0.07010000000000001,12013.0,42372.0,0.0
822352516,3,0,0.012,0.052000000000000005,0.006,0.0,0.0,0.0,0.0,7.390000000000001,0.07100000000000001,42980.0,0.0,0.07100000000000001,17016.0,42372.0,0.0
822357519,3,0,-0.013000000000000001,0.07100000000000001,-0.005,0.0,0.0,0.0,0.0,7.390000000000001,0.0708,42736.0,0.0,0.0708,22019.0,42372.0,0.0
822359567,3,0,-0.027,0.181,-0.006,0.0,0.0,0.0,0.0,7.390000000000001,0.0711,43104.0,0.0,0.0711,24067.0,42372.0,0.0
822364576,3,0,0.02,-0.026000000000000002,-0.002,0.0,0.0,0.0,0.0,7.390000000000001,0.0716,42980.0,0.0,0.0716,0.0,42612.0,0.0
822369574,3,0,-0.02,0.186,0.008,0.0,0.0,0.0,0.0,7.390000000000001,0.0718,42980.0,0.0,0.0718,4998.0,42252.0,0.0
822372530,3,0,0.016,0.032,0.013000000000000001,0.0,0.0,0.0,0.0,7.390000000000001,0.0721,42612.0,0.0,0.0721,7954.0,42372.0,0.0
822377533,3,0,-0.015,0.101,-0.016,0.0,0.0,0.0,0.0,7.390000000000001,0.07200000000000001,42856.0,0.0,0.07200000000000001,12957.0,42492.0,0.0
822379581,3,0,-0.023,0.183,-0.018000000000000002,0.0,0.0,0.0,0.0,7.390000000000001,0.0724,42856.0,0.0,0.0724,15005.0,42252.0,0.0
822384584,3,0,0.022,-0.058,0.005,0.0,0.0,0.0,0.0,7.390000000000001,0.0728,42736.0,0.0,0.0728,20008.0,42372.0,0.0
822387541,3,0,-0.014,0.109,0.003,0.0,0.0,0.0,0.0,7.390000000000001,0.0727,42856.0,0.0,0.0727,22965.0,42372.0,0.0
