pc_elapsed_s,pc_unix_s,frame_index,roll_deg,pitch_deg,yaw_deg,range_height_m,fc_time_s,vel_est_x_m_s,vel_est_y_m_s,coax_roll_rate_kd,coax_pitch_rate_kd,coax_yaw_angle_kp,coax_yaw_rate_kd,vel_loop_x_kp,vel_loop_y_kp,vel_loop_x_ki,vel_loop_y_ki,vel_loop_x_kd,vel_loop_y_kd,vel_loop_enable
0.142611,1784371005.745117,1,-3.00754547,-3.23615122,-3.4109745,0.440624774,251.443008,0,0,0.5,0.5,1,0.150000006,4.94999981,4.80999994,0,0,0,0,1
0.142611,1784371005.745117,2,-3.00745773,-3.23333549,-3.41106606,0.440406114,251.468018,0,0,0.5,0.5,1,0.150000006,4.94999981,4.80999994,0,0,0,0,1
0.173614,1784371005.776120,3,-3.00858665,-3.22868061,-3.41142082,0.443763971,251.493011,0,0,0.5,0.5,1,0.150000006,4.94999981,4.80999994,0,0,0,0,1
0.204610,1784371005.807116,4,-3.01026821,-3.22522593,-3.41236496,0.445946574,251.518005,0,0,0.5,0.5,1,0.150000006,4.94999981,4.80999994,0,0,0,0,1
0.236604,1784371005.839110,5,-3.00873733,-3.223176,-3.41231155,0.447365284,251.543015,0,0,0.5,0.5,1,0.150000006,4.94999981,4.80999994,0,0,0,0,1
0.267603,1784371005.870109,6,-3.00971699,-3.21851063,-3.41297531,0.448886812,251.568008,0,0,0.5,0.5,1,0.150000006,4.94999981,4.80999994,0,0,0,0,1
0.267603,1784371005.870109,7,-3.00893903,-3.21935225,-3.41275215,0.449276417,251.593018,0,0,0.5,0.5,1,0.150000006,4.94999981,4.80999994,0,0,0,0,1
0.298603,1784371005.901109,8,-3.00792074,-3.22610664,-3.41317177,0.449529678,251.618011,0,0,0.5,0.5,1,0.150000006,4.94999981,4.80999994,0,0,0,0,1
0.330602,1784371005.933108,9,-3.00512052,-3.22778702,-3.41337395,0.449694276,251.643005,0,0,0.5,0.5,1,0.150000006,4.94999981,4.80999994,0,0,0,0,1
0.361611,1784371005.964117,10,-3.00884295,-3.23106813,-3.41346741,0.449870825,251.668015,0,0,0.5,0.5,1,0.150000006,4.94999981,4.80999994,0,0,0,0,1
0.393610,1784371005.996116,11,-3.00930452,-3.23362064,-3.41433716,0.449916035,251.693008,0,0,0.5,0.5,1,0.150000006,4.94999981,4.80999994,0,0,0,0,1
0.393610,1784371005.996116,12,-3.01102638,-3.23899269,-3.41502953,0.44994542,251.718018,0,0,0.5,0.5,1,0.150000006,4.94999981,4.80999994,0,0,0,0,1
0.424611,1784371006.027117,13,-3.0096705,-3.24351549,-3.41530228,0.449964523,251.743011,0,0,0.5,0.5,1,0.150000006,4.94999981,4.80999994,0,0,0,0,1
0.455612,1784371006.058118,14,-3.01010537,-3.24377298,-3.41557693,0.449976921,251.768005,0,0,0.5,0.5,1,0.150000006,4.94999981,4.80999994,0,0,0,0,1
0.487603,1784371006.090109,15,-3.0085144,-3.24632692,-3.41579056,0.449990243,251.793015,0,0,0.5,0.5,1,0.150000006,4.94999981,4.80999994,0,0,0,0,1
0.487603,1784371006.090109,16,-3.00643229,-3.24811077,-3.41649246,0.44999364,251.818008,0,0,0.5,0.5,1,0.150000006,4.94999981,4.80999994,0,0,0,0,1
0.517611,1784371006.120116,17,-3.00763106,-3.25033331,-3.4168663,0.449995875,251.843018,0,0,0.5,0.5,1,0.150000006,4.94999981,4.80999994,0,0,0,0,1
0.549611,1784371006.152117,18,-3.00783157,-3.25242853,-3.4168129,0.449997306,251.868011,0,0,0.5,0.5,1,0.150000006,4.94999981,4.80999994,0,0,0,0,1
0.580611,1784371006.183117,19,-3.01015663,-3.25279522,-3.41684151,0.449998856,251.893005,0,0,0.5,0.5,1,0.150000006,4.94999981,4.80999994,0,0,0,0,1
0.611613,1784371006.214119,20,-3.01176262,-3.25158834,-3.41729927,0.449999243,251.918015,0,0,0.5,0.5,1,0.150000006,4.94999981,4.80999994,0,0,0,0,1
0.643613,1784371006.246119,21,-3.01020765,-3.24526787,-3.41736984,0.449999511,251.943008,0,0,0.5,0.5,1,0.150000006,4.94999981,4.80999994,0,0,0,0,1
0.643613,1784371006.246119,22,-3.00920343,-3.24130535,-3.41724968,0.44999969,251.968018,0,0,0.5,0.5,1,0.150000006,4.94999981,4.80999994,0,0,0,0,1
0.675728,1784371006.278234,23,-3.00932407,-3.24291706,-3.416996,0.449999809,251.993011,0,0,0.5,0.5,1,0.150000006,4.94999981,4.80999994,0,0,0,0,1
0.706603,1784371006.309109,24,-3.00930953,-3.24480009,-3.4170475,0.449999899,252.018005,0,0,0.5,0.5,1,0.150000006,4.94999981,4.80999994,0,0,0,0,1
0.737617,1784371006.340123,25,-3.00937843,-3.24551487,-3.41697884,0.449999928,252.043015,0,0,0.5,0.5,1,0.150000006,4.94999981,4.80999994,0,0,0,0,1
0.769605,1784371006.372111,26,-3.01047444,-3.245368,-3.41737366,0.449999958,252.068008,0,0,0.5,0.5,1,0.150000006,4.94999981,4.80999994,0,0,0,0,1
0.769605,1784371006.372111,27,-3.01442552,-3.24151707,-3.41802025,0.449999958,252.093018,0,0,0.5,0.5,1,0.150000006,4.94999981,4.80999994,0,0,0,0,1
0.799817,1784371006.402323,28,-3.01728415,-3.23856592,-3.41830635,0.449999958,252.118011,0,0,0.5,0.5,1,0.150000006,4.94999981,4.80999994,0,0,0,0,1
0.831370,1784371006.433876,29,-3.01892567,-3.23961163,-3.41859436,0.449999958,252.143005,0,0,0.5,0.5,1,0.150000006,4.94999981,4.80999994,0,0,0,0,1
0.862671,1784371006.465177,30,-3.02046895,-3.24089575,-3.41882515,0.449999958,252.168015,0,0,0.5,0.5,1,0.150000006,4.94999981,4.80999994,0,0,0,0,1
0.894270,1784371006.496776,31,-3.0183363,-3.24285269,-3.41917038,0.449999958,252.193008,0,0,0.5,0.5,1,0.150000006,4.94999981,4.80999994,0,0,0,0,1
0.894270,1784371006.496776,32,-3.01767993,-3.24781084,-3.41910934,0.449999958,252.218018,0,0,0.5,0.5,1,0.150000006,4.94999981,4.80999994,0,0,0,0,1
0.924270,1784371006.526776,33,-3.01729679,-3.24964571,-3.41937637,0.449999958,252.243011,0,0,0.5,0.5,1,0.150000006,4.94999981,4.80999994,0,0,0,0,1
0.954988,1784371006.557494,34,-3.01761937,-3.25096512,-3.41977501,0.449999958,252.268005,0,0,0.5,0.5,1,0.150000006,4.94999981,4.80999994,0,0,0,0,1
0.987111,1784371006.589617,35,-3.01620197,-3.24472761,-3.42030144,0.449999958,252.293015,0,0,0.5,0.5,1,0.150000006,4.94999981,4.80999994,0,0,0,0,1
1.019024,1784371006.621530,36,-3.01610279,-3.23734236,-3.42055511,0.449999958,252.318008,0,0,0.5,0.5,1,0.150000006,4.94999981,4.80999994,0,0,0,0,1
1.019024,1784371006.621530,37,-3.01654911,-3.23596001,-3.42048645,0.449999958,252.343018,0,0,0.5,0.5,1,0.150000006,4.94999981,4.80999994,0,0,0,0,1
1.049493,1784371006.651999,38,-3.01695824,-3.23698568,-3.42050743,0.449999958,252.368011,0,0,0.5,0.5,1,0.150000006,4.94999981,4.80999994,0,0,0,0,1
1.081495,1784371006.684001,39,-3.01550412,-3.24077606,-3.420784,0.449999958,252.393005,0,0,0.5,0.5,1,0.150000006,4.94999981,4.80999994,0,0,0,0,1
1.113579,1784371006.716085,40,-3.01626539,-3.25197124,-3.42082405,0.449999958,252.418015,0,0,0.5,0.5,1,0.150000006,4.94999981,4.80999994,0,0,0,0,1
1.113579,1784371006.716085,41,-3.01402307,-3.25674057,-3.42102623,0.449999958,252.443008,0,0,0.5,0.5,1,0.150000006,4.94999981,4.80999994,0,0,0,0,1
1.144503,1784371006.747009,42,-3.01215553,-3.25755835,-3.42106819,0.449999958,252.468018,0,0,0.5,0.5,1,0.150000006,4.94999981,4.80999994,0,0,0,0,1
1.175506,1784371006.778012,43,-3.01115489,-3.25568962,-3.42177391,0.449999958,252.493011,0,0,0.5,0.5,1,0.150000006,4.94999981,4.80999994,0,0,0,0,1
1.206495,1784371006.809001,44,-3.01198173,-3.25388765,-3.42203903,0.449999958,252.518005,0,0,0.5,0.5,1,0.150000006,4.94999981,4.80999994,0,0,0,0,1
1.237493,1784371006.839999,45,-3.01443195,-3.25106668,-3.42232895,0.449999958,252.543015,0,0,0.5,0.5,1,0.150000006,4.94999981,4.80999994,0,0,0,0,1
1.267707,1784371006.870213,46,-3.01625967,-3.25332737,-3.42273331,0.449999958,252.568008,0,0,0.5,0.5,1,0.150000006,4.94999981,4.80999994,0,0,0,0,1
1.267707,1784371006.870213,47,-3.01763892,-3.25595093,-3.42312813,0.449999958,252.593018,0,0,0.5,0.5,1,0.150000006,4.94999981,4.80999994,0,0,0,0,1
1.298699,1784371006.901205,48,-3.01606655,-3.25912666,-3.42384338,0.449999958,252.618011,0,0,0.5,0.5,1,0.150000006,4.94999981,4.80999994,0,0,0,0,1
1.329584,1784371006.932090,49,-3.01394844,-3.26410198,-3.42409134,0.449999958,252.643005,0,0,0.5,0.5,1,0.150000006,4.94999981,4.80999994,0,0,0,0,1
1.360427,1784371006.962933,50,-3.01111364,-3.26391697,-3.42471123,0.449999958,252.668015,0,0,0.5,0.5,1,0.150000006,4.94999981,4.80999994,0,0,0,0,1
1.391511,1784371006.994017,51,-3.00829363,-3.25733995,-3.42487526,0.449999958,252.693008,0,0,0.5,0.5,1,0.150000006,4.94999981,4.80999994,0,0,0,0,1
1.391511,1784371006.994017,52,-3.01209641,-3.25402308,-3.42547989,0.449999958,252.718018,0,0,0.5,0.5,1,0.150000006,4.94999981,4.80999994,0,0,0,0,1
1.422301,1784371007.024807,53,-3.01448107,-3.25497627,-3.42506409,0.449999958,252.743011,0,0,0.5,0.5,1,0.150000006,4.94999981,4.80999994,0,0,0,0,1
1.454294,1784371007.056800,54,-3.0162437,-3.26237822,-3.42503548,0.449999958,252.768005,0,0,0.5,0.5,1,0.150000006,4.94999981,4.80999994,0,0,0,0,1
1.485643,1784371007.088149,55,-3.01691675,-3.26861954,-3.42547417,0.449999958,252.793015,0,0,0.5,0.5,1,0.150000006,4.94999981,4.80999994,0,0,0,0,1
1.516648,1784371007.119153,56,-3.0156765,-3.27253771,-3.42605782,0.449999958,252.818008,0,0,0.5,0.5,1,0.150000006,4.94999981,4.80999994,0,0,0,0,1
1.516648,1784371007.119153,57,-3.01507902,-3.27479362,-3.42630959,0.449999958,252.843018,0,0,0.5,0.5,1,0.150000006,4.94999981,4.80999994,0,0,0,0,1
1.548662,1784371007.151168,58,-3.01438427,-3.27806282,-3.42702103,0.449999958,252.868011,0,0,0.5,0.5,1,0.150000006,4.94999981,4.80999994,0,0,0,0,1
1.580128,1784371007.182634,59,-3.01316166,-3.27457619,-3.42755127,0.449999958,252.893005,0,0,0.5,0.5,1,0.150000006,4.94999981,4.80999994,0,0,0,0,1
1.612128,1784371007.214634,60,-3.01355124,-3.27438831,-3.42780876,0.449999958,252.918015,0,0,0.5,0.5,1,0.150000006,4.94999981,4.80999994,0,0,0,0,1
1.644197,1784371007.246703,61,-3.01725864,-3.27453709,-3.42837334,0.449999958,252.943008,0,0,0.5,0.5,1,0.150000006,4.94999981,4.80999994,0,0,0,0,1
1.644197,1784371007.246703,62,-3.01707649,-3.27754688,-3.42891121,0.449999958,252.968018,0,0,0.5,0.5,1,0.150000006,4.94999981,4.80999994,0,0,0,0,1
1.675130,1784371007.277636,63,-3.01692653,-3.27580023,-3.42926407,0.449999958,252.993011,0,0,0.5,0.5,1,0.150000006,4.94999981,4.80999994,0,0,0,0,1
1.706195,1784371007.308701,64,-3.01495671,-3.27278185,-3.4291172,0.449999958,253.018005,0,0,0.5,0.5,1,0.150000006,4.94999981,4.80999994,0,0,0,0,1
1.737119,1784371007.339625,65,-3.01304841,-3.26999283,-3.42919159,0.449999958,253.043015,0,0,0.5,0.5,1,0.150000006,4.94999981,4.80999994,0,0,0,0,1
1.768126,1784371007.370632,66,-3.01229143,-3.26774073,-3.4298954,0.449999958,253.068008,0,0,0.5,0.5,1,0.150000006,4.94999981,4.80999994,0,0,0,0,1
1.768126,1784371007.370632,67,-3.01123905,-3.26680231,-3.43029022,0.449999958,253.093018,0,0,0.5,0.5,1,0.150000006,4.94999981,4.80999994,0,0,0,0,1
1.799514,1784371007.402020,68,-3.01324511,-3.26962423,-3.43063545,0.449999958,253.118011,0,0,0.5,0.5,1,0.150000006,4.94999981,4.80999994,0,0,0,0,1
1.831527,1784371007.434032,69,-3.01387548,-3.27281189,-3.43118858,0.449999958,253.143005,0,0,0.5,0.5,1,0.150000006,4.94999981,4.80999994,0,0,0,0,1
1.863048,1784371007.465554,70,-3.01291418,-3.2727108,-3.43161583,0.449999958,253.168015,0,0,0.5,0.5,1,0.150000006,4.94999981,4.80999994,0,0,0,0,1
1.895124,1784371007.497630,71,-3.01170182,-3.27404833,-3.43194008,0.449999958,253.193008,0,0,0.5,0.5,1,0.150000006,4.94999981,4.80999994,0,0,0,0,1
1.895124,1784371007.497630,72,-3.00995421,-3.27263355,-3.43220139,0.449999958,253.218018,0,0,0.5,0.5,1,0.150000006,4.94999981,4.80999994,0,0,0,0,1
1.927243,1784371007.529749,73,-3.00707603,-3.27181625,-3.43200111,0.449999958,253.243011,0,0,0.5,0.5,1,0.150000006,4.94999981,4.80999994,0,0,0,0,1
1.958513,1784371007.561019,74,-3.00681734,-3.27407789,-3.43230057,0.449999958,253.268005,0,0,0.5,0.5,1,0.150000006,4.94999981,4.80999994,0,0,0,0,1
1.990515,1784371007.593021,75,-3.00784874,-3.27657986,-3.43318939,0.449999958,253.293015,0,0,0.5,0.5,1,0.150000006,4.94999981,4.80999994,0,0,0,0,1
1.990515,1784371007.593021,76,-3.01048756,-3.27870226,-3.43374062,0.449999958,253.318008,0,0,0.5,0.5,1,0.150000006,4.94999981,4.80999994,0,0,0,0,1
2.022063,1784371007.624568,77,-3.01217413,-3.27364874,-3.43418884,0.449999958,253.343018,0,0,0.5,0.5,1,0.150000006,4.94999981,4.80999994,0,0,0,0,1
2.052541,1784371007.655046,78,-3.01305246,-3.2699337,-3.43400574,0.449999958,253.368011,0,0,0.5,0.5,1,0.150000006,4.94999981,4.80999994,0,0,0,0,1
2.083581,1784371007.686087,79,-3.014256,-3.26460886,-3.43401527,0.449999958,253.393005,0,0,0.5,0.5,1,0.150000006,4.94999981,4.80999994,0,0,0,0,1
2.114537,1784371007.717043,80,-3.0128324,-3.25941944,-3.43418312,0.449999958,253.418015,0,0,0.5,0.5,1,0.150000006,4.94999981,4.80999994,0,0,0,0,1
2.114537,1784371007.717043,81,-3.00925088,-3.26179743,-3.43483543,0.449999958,253.443008,0,0,0.5,0.5,1,0.150000006,4.94999981,4.80999994,0,0,0,0,1
2.145549,1784371007.748055,82,-3.0080862,-3.25584459,-3.43539047,0.449999958,253.468018,0,0,0.5,0.5,1,0.150000006,4.94999981,4.80999994,0,0,0,0,1
2.176544,1784371007.779050,83,-3.0076859,-3.25513029,-3.43578148,0.449999958,253.493011,0,0,0.5,0.5,1,0.150000006,4.94999981,4.80999994,0,0,0,0,1
2.207536,1784371007.810042,84,-3.00670242,-3.25097418,-3.43622971,0.449999958,253.518005,0,0,0.5,0.5,1,0.150000006,4.94999981,4.80999994,0,0,0,0,1
2.239666,1784371007.842172,85,-3.0067749,-3.24838781,-3.4366951,0.449999958,253.543015,0,0,0.5,0.5,1,0.150000006,4.94999981,4.80999994,0,0,0,0,1
2.270764,1784371007.873270,86,-3.0090425,-3.25037527,-3.43687057,0.449999958,253.568008,0,0,0.5,0.5,1,0.150000006,4.94999981,4.80999994,0,0,0,0,1
2.270764,1784371007.873270,87,-3.0116086,-3.24920654,-3.43721962,0.449999958,253.593018,0,0,0.5,0.5,1,0.150000006,4.94999981,4.80999994,0,0,0,0,1
2.302537,1784371007.905043,88,-3.01107502,-3.24489355,-3.43755341,0.449999958,253.618011,0,0,0.5,0.5,1,0.150000006,4.94999981,4.80999994,0,0,0,0,1
2.333131,1784371007.935637,89,-3.00979614,-3.24894953,-3.43819809,0.447724968,253.643005,0,0,0.5,0.5,1,0.150000006,4.94999981,4.80999994,0,0,0,0,1
2.365208,1784371007.967714,90,-3.00980616,-3.25334406,-3.43831825,0.448521227,253.668015,0,0,0.5,0.5,1,0.150000006,4.94999981,4.80999994,0,0,0,0,1
2.397201,1784371007.999707,91,-3.01101685,-3.25540972,-3.43875122,0.449038804,253.693008,0,0,0.5,0.5,1,0.150000006,4.94999981,4.80999994,0,0,0,0,1
2.397201,1784371007.999707,92,-3.01127934,-3.25806522,-3.43924332,0.449375212,253.718018,0,0,0.5,0.5,1,0.150000006,4.94999981,4.80999994,0,0,0,0,1
2.428405,1784371008.030911,93,-3.01241946,-3.25948858,-3.43971062,0.449593872,253.743011,0,0,0.5,0.5,1,0.150000006,4.94999981,4.80999994,0,0,0,0,1
2.459273,1784371008.061779,94,-3.01458359,-3.25493002,-3.4402504,0.449828386,253.768005,0,0,0.5,0.5,1,0.150000006,4.94999981,4.80999994,0,0,0,0,1
2.491272,1784371008.093778,95,-3.01837063,-3.24723768,-3.44024467,0.449888438,253.793015,0,0,0.5,0.5,1,0.150000006,4.94999981,4.80999994,0,0,0,0,1
2.491272,1784371008.093778,96,-3.01420975,-3.24764299,-3.4402523,0.449927479,253.818008,0,0,0.5,0.5,1,0.150000006,4.94999981,4.80999994,0,0,0,0,1
2.523273,1784371008.125779,97,-3.01261282,-3.25098467,-3.44036674,0.449952871,253.843018,0,0,0.5,0.5,1,0.150000006,4.94999981,4.80999994,0,0,0,0,1
2.554266,1784371008.156772,98,-3.01230383,-3.25338888,-3.44093132,0.44998008,253.868011,0,0,0.5,0.5,1,0.150000006,4.94999981,4.80999994,0,0,0,0,1
2.586392,1784371008.188898,99,-3.01281166,-3.25531673,-3.44156456,0.449987054,253.893005,0,0,0.5,0.5,1,0.150000006,4.94999981,4.80999994,0,0,0,0,1
2.618269,1784371008.220775,100,-3.01116371,-3.25462055,-3.44223404,0.449991584,253.918015,0,0,0.5,0.5,1,0.150000006,4.94999981,4.80999994,0,0,0,0,1
2.618269,1784371008.220775,101,-3.01112986,-3.25166035,-3.44252205,0.449994534,253.943008,0,0,0.5,0.5,1,0.150000006,4.94999981,4.80999994,0,0,0,0,1
2.650393,1784371008.252899,102,-3.01247072,-3.24616861,-3.44257736,0.449997693,253.968018,0,0,0.5,0.5,1,0.150000006,4.94999981,4.80999994,0,0,0,0,1
2.681339,1784371008.283845,103,-3.0129447,-3.24925375,-3.44278526,0.449998498,253.993011,0,0,0.5,0.5,1,0.150000006,4.94999981,4.80999994,0,0,0,0,1
2.713342,1784371008.315848,104,-3.01106024,-3.2568512,-3.44294548,0.449999034,254.018005,0,0,0.5,0.5,1,0.150000006,4.94999981,4.80999994,0,0,0,0,1
2.744352,1784371008.346858,105,-3.01160669,-3.26168633,-3.44324493,0.449999362,254.043015,0,0,0.5,0.5,1,0.150000006,4.94999981,4.80999994,0,0,0,0,1
2.744352,1784371008.346858,106,-3.01321077,-3.26309729,-3.44363403,0.449999571,254.068008,0,0,0.5,0.5,1,0.150000006,4.94999981,4.80999994,0,0,0,0,1
2.776271,1784371008.378777,107,-3.01242542,-3.26181936,-3.44456482,0.449999809,254.093018,0,0,0.5,0.5,1,0.150000006,4.94999981,4.80999994,0,0,0,0,1
2.807705,1784371008.410211,108,-3.0120275,-3.25829697,-3.44490814,0.449999869,254.118011,0,0,0.5,0.5,1,0.150000006,4.94999981,4.80999994,0,0,0,0,1
2.839050,1784371008.441556,109,-3.01431537,-3.25795603,-3.44555283,0.449999899,254.143005,0,0,0.5,0.5,1,0.150000006,4.94999981,4.80999994,0,0,0,0,1
2.869839,1784371008.472345,110,-3.01407671,-3.25923443,-3.44605637,0.449999928,254.168015,0,0,0.5,0.5,1,0.150000006,4.94999981,4.80999994,0,0,0,0,1
2.869839,1784371008.472345,111,-3.01394176,-3.25742245,-3.44633293,0.449999958,254.193008,0,0,0.5,0.5,1,0.150000006,4.94999981,4.80999994,0,0,0,0,1
2.901076,1784371008.503582,112,-3.01359534,-3.25614119,-3.44656563,0.449999958,254.218018,0,0,0.5,0.5,1,0.150000006,4.94999981,4.80999994,0,0,0,0,1
2.933075,1784371008.535581,113,-3.01481724,-3.25573874,-3.44651794,0.449999958,254.243011,0,0,0.5,0.5,1,0.150000006,4.94999981,4.80999994,0,0,0,0,1
2.964469,1784371008.566975,114,-3.01599932,-3.25371742,-3.44669342,0.449999958,254.268005,0,0,0.5,0.5,1,0.150000006,4.94999981,4.80999994,0,0,0,0,1
2.964469,1784371008.566975,115,-3.01440716,-3.25083685,-3.4470005,0.449999958,254.293015,0,0,0.5,0.5,1,0.150000006,4.94999981,4.80999994,0,0,0,0,1
2.995878,1784371008.598384,116,-3.01182199,-3.24892378,-3.44748116,0.449999958,254.318008,0,0,0.5,0.5,1,0.150000006,4.94999981,4.80999994,0,0,0,0,1
3.027215,1784371008.629721,117,-3.01381326,-3.24702072,-3.44784355,0.449999958,254.343018,0,0,0.5,0.5,1,0.150000006,4.94999981,4.80999994,0,0,0,0,1
3.058441,1784371008.660947,118,-3.01306415,-3.24078083,-3.44837761,0.449999958,254.368011,0,0,0.5,0.5,1,0.150000006,4.94999981,4.80999994,0,0,0,0,1
3.088705,1784371008.691211,119,-3.01420546,-3.23860455,-3.44909668,0.449999958,254.393005,0,0,0.5,0.5,1,0.150000006,4.94999981,4.80999994,0,0,0,0,1
3.119520,1784371008.722026,120,-3.01511049,-3.23853207,-3.44936752,0.449999958,254.418015,0,0,0.5,0.5,1,0.150000006,4.94999981,4.80999994,0,0,0,0,1
3.119520,1784371008.722026,121,-3.01464653,-3.23915434,-3.44905281,0.449999958,254.443008,0,0,0.5,0.5,1,0.150000006,4.94999981,4.80999994,0,0,0,0,1
3.151502,1784371008.754008,122,-3.01234245,-3.23922157,-3.44947052,0.449999958,254.468018,0,0,0.5,0.5,1,0.150000006,4.94999981,4.80999994,0,0,0,0,1
3.182512,1784371008.785017,123,-3.01139069,-3.24030733,-3.45015335,0.449999958,254.493011,0,0,0.5,0.5,1,0.150000006,4.94999981,4.80999994,0,0,0,0,1
3.212923,1784371008.815428,124,-3.0123589,-3.24322033,-3.45065308,0.449999958,254.518005,0,0,0.5,0.5,1,0.150000006,4.94999981,4.80999994,0,0,0,0,1
3.244298,1784371008.846804,125,-3.01149607,-3.24110174,-3.45085907,0.449999958,254.543015,0,0,0.5,0.5,1,0.150000006,4.94999981,4.80999994,0,0,0,0,1
3.244298,1784371008.846804,126,-3.00909805,-3.23847818,-3.45137787,0.449999958,254.568008,0,0,0.5,0.5,1,0.150000006,4.94999981,4.80999994,0,0,0,0,1
3.275671,1784371008.878177,127,-3.00928068,-3.23912477,-3.45152092,0.449999958,254.593018,0,0,0.5,0.5,1,0.150000006,4.94999981,4.80999994,0,0,0,0,1
3.307038,1784371008.909544,128,-3.01966786,-3.2362957,-3.45190239,0.449999958,254.618011,0,0,0.5,0.5,1,0.150000006,4.94999981,4.80999994,0,0,0,0,1
3.339043,1784371008.941549,129,-3.02385759,-3.22784138,-3.45161057,0.449999958,254.643005,0,0,0.5,0.5,1,0.150000006,4.94999981,4.80999994,0,0,0,0,1
3.370023,1784371008.972529,130,-3.02435088,-3.22936535,-3.45240211,0.449999958,254.668015,0,0,0.5,0.5,1,0.150000006,4.94999981,4.80999994,0,0,0,0,1
3.370023,1784371008.972529,131,-3.02433205,-3.22905684,-3.45281792,0.449999958,254.693008,0,0,0.5,0.5,1,0.150000006,4.94999981,4.80999994,0,0,0,0,1
3.415928,1784371009.018434,132,-3.00328374,-3.24564457,-3.45230484,0.449999958,254.718018,0,0,0.5,0.5,1,0.150000006,4.94999981,4.80999994,0,0,0,0,1
3.415928,1784371009.018434,133,-2.9970026,-3.26088285,-3.45386696,0.449999958,254.743011,0,0,0.5,0.5,1,0.150000006,4.94999981,4.80999994,0,0,0,0,1
3.446961,1784371009.049467,134,-2.99916697,-3.25756931,-3.45449448,0.449999958,254.768005,0,0,0.5,0.5,1,0.150000006,4.94999981,4.80999994,0,0,0,0,1
3.478211,1784371009.080717,135,-3.00790834,-3.25697231,-3.45430183,0.446499974,254.793015,0,0,0.5,0.5,1,0.150000006,4.94999981,4.80999994,0,0,0,0,1
3.509800,1784371009.112306,136,-3.01630354,-3.24647331,-3.45474052,0.444224983,254.818008,0,0,0.5,0.5,1,0.150000006,4.94999981,4.80999994,0,0,0,0,1
3.541807,1784371009.144313,137,-3.02429867,-3.2408042,-3.45472145,0.442746252,254.843018,0,0,0.5,0.5,1,0.150000006,4.94999981,4.80999994,0,0,0,0,1
3.541807,1784371009.144313,138,-3.02796316,-3.24165583,-3.45531845,0.444660276,254.868011,0,0,0.5,0.5,1,0.150000006,4.94999981,4.80999994,0,0,0,0,1
3.573879,1784371009.176385,139,-3.02036333,-3.25119543,-3.45533562,0.44652918,254.893005,0,0,0.5,0.5,1,0.150000006,4.94999981,4.80999994,0,0,0,0,1
3.619809,1784371009.222315,140,-3.01554155,-3.265172,-3.45567894,0.444243968,254.918015,0,0,0.5,0.5,1,0.150000006,4.94999981,4.80999994,0,0,0,0,1
3.619809,1784371009.222315,141,-3.00676584,-3.26535702,-3.45598984,0.446258575,254.943008,0,0,0.5,0.5,1,0.150000006,4.94999981,4.80999994,0,0,0,0,1
3.650809,1784371009.253315,142,-3.00608802,-3.262321,-3.45625114,0.442644238,254.968018,0,0,0.5,0.5,1,0.150000006,4.94999981,4.80999994,0,0,0,0,1
3.682799,1784371009.285305,143,-3.00991821,-3.25751972,-3.4568882,0.445218742,254.993011,0,0,0.5,0.5,1,0.150000006,4.94999981,4.80999994,0,0,0,0,1
3.714798,1784371009.317304,144,-3.01994419,-3.2466259,-3.45724487,0.446892172,255.018005,0,0,0.5,0.5,1,0.150000006,4.94999981,4.80999994,0,0,0,0,1
3.714798,1784371009.317304,145,-3.02442813,-3.24772739,-3.45774078,0.447979897,255.043015,0,0,0.5,0.5,1,0.150000006,4.94999981,4.80999994,0,0,0,0,1
3.745811,1784371009.348317,146,-3.02620602,-3.25134373,-3.45903587,0.443371505,255.068008,0,0,0.5,0.5,1,0.150000006,4.94999981,4.80999994,0,0,0,0,1
3.776675,1784371009.379181,147,-3.02656054,-3.25179768,-3.45982552,0.445691466,255.093018,0,0,0.5,0.5,1,0.150000006,4.94999981,4.80999994,0,0,0,0,1
3.806679,1784371009.409185,148,-3.02128053,-3.24070358,-3.45966911,0.443699449,255.118011,0,0,0.5,0.5,1,0.150000006,4.94999981,4.80999994,0,0,0,0,1
3.837838,1784371009.440344,149,-3.00745201,-3.24592686,-3.45859528,0.445904642,255.143005,0,0,0.5,0.5,1,0.150000006,4.94999981,4.80999994,0,0,0,0,1
3.869863,1784371009.472369,150,-2.99359369,-3.2494874,-3.45756721,0.447338015,255.168015,0,0,0.5,0.5,1,0.150000006,4.94999981,4.80999994,0,0,0,0,1
3.869863,1784371009.472369,151,-3.00123239,-3.26317024,-3.45723343,0.448875308,255.193008,0,0,0.5,0.5,1,0.150000006,4.94999981,4.80999994,0,0,0,0,1
3.900863,1784371009.503369,152,-3.01938486,-3.26008463,-3.45684814,0.449268937,255.218018,0,0,0.5,0.5,1,0.150000006,4.94999981,4.80999994,0,0,0,0,1
3.930864,1784371009.533370,153,-3.02804375,-3.25670528,-3.45793343,0.446024805,255.243011,0,0,0.5,0.5,1,0.150000006,4.94999981,4.80999994,0,0,0,0,1
3.961856,1784371009.564362,154,-3.03992105,-3.24286652,-3.46056175,0.443916112,255.268005,0,0,0.5,0.5,1,0.150000006,4.94999981,4.80999994,0,0,0,0,1
3.992865,1784371009.595371,155,-3.03218937,-3.23487234,-3.46096992,0.441654563,255.293015,0,0,0.5,0.5,1,0.150000006,4.94999981,4.80999994,0,0,0,0,1
3.992865,1784371009.595371,156,-3.0146451,-3.2442708,-3.46241188,0.441075474,255.318008,0,0,0.5,0.5,1,0.150000006,4.94999981,4.80999994,0,0,0,0,1
4.024245,1784371009.626750,157,-3.00315905,-3.24228001,-3.46149445,0.440699071,255.343018,0,0,0.5,0.5,1,0.150000006,4.94999981,4.80999994,0,0,0,0,1
4.055334,1784371009.657840,158,-3.00221133,-3.23960781,-3.46303749,0.440454394,255.368011,0,0,0.5,0.5,1,0.150000006,4.94999981,4.80999994,0,0,0,0,1
4.086672,1784371009.689178,159,-3.0051918,-3.23530865,-3.4618988,0.440191984,255.393005,0,0,0.5,0.5,1,0.150000006,4.94999981,4.80999994,0,0,0,0,1
4.118086,1784371009.720592,160,-3.01137328,-3.23173952,-3.46186447,0.44012478,255.418015,0,0,0.5,0.5,1,0.150000006,4.94999981,4.80999994,0,0,0,0,1
4.118086,1784371009.720592,161,-3.02282405,-3.2221055,-3.46196556,0.44008112,255.443008,0,0,0.5,0.5,1,0.150000006,4.94999981,4.80999994,0,0,0,0,1
4.149172,1784371009.751678,162,-3.03318405,-3.20764351,-3.46162415,0.440052718,255.468018,0,0,0.5,0.5,1,0.150000006,4.94999981,4.80999994,0,0,0,0,1
5.117289,1784371010.719795,163,-2.99034595,-3.23279524,-3.47084427,0.44003427,255.984009,0,0,0.5,0.5,1,0.150000006,4.94999981,4.80999994,0,0,0,0,1
5.149288,1784371010.751794,164,-3.01921988,-3.28034019,-3.47434235,0.44002229,256.455017,0,0,0.5,0.5,1,0.150000006,4.94999981,4.80999994,0,0,0,0,1
5.180563,1784371010.783069,165,-3.01446557,-3.2795577,-3.47774887,0.440014482,256.480011,0,0,0.5,0.5,1,0.150000006,4.94999981,4.80999994,0,0,0,0,1
5.180563,1784371010.783069,166,-3.01467419,-3.26498652,-3.4779129,0.4435094,256.505005,0,0,0.5,0.5,1,0.150000006,4.94999981,4.80999994,0,0,0,0,1
5.211563,1784371010.814069,167,-3.00642014,-3.2521348,-3.47875404,0.445781112,256.529999,0,0,0.5,0.5,1,0.150000006,4.94999981,4.80999994,0,0,0,0,1
5.243217,1784371010.845722,168,-3.00709534,-3.23206425,-3.47915268,0.448217511,256.555023,0,0,0.5,0.5,1,0.150000006,4.94999981,4.80999994,0,0,0,0,1
5.275022,1784371010.877527,169,-3.02097702,-3.22925234,-3.47810364,0.448841393,256.580017,0,0,0.5,0.5,1,0.150000006,4.94999981,4.80999994,0,0,0,0,1
5.306225,1784371010.908731,170,-3.02001333,-3.23702335,-3.47787857,0.449246913,256.605011,0,0,0.5,0.5,1,0.150000006,4.94999981,4.80999994,0,0,0,0,1
5.306225,1784371010.908731,171,-3.02060723,-3.25194502,-3.47713661,0.449510485,256.630005,0,0,0.5,0.5,1,0.150000006,4.94999981,4.80999994,0,0,0,0,1
5.337021,1784371010.939527,172,-3.01147056,-3.26346588,-3.47840309,0.44979319,256.654999,0,0,0.5,0.5,1,0.150000006,4.94999981,4.80999994,0,0,0,0,1
5.369228,1784371010.971734,173,-3.00901365,-3.25629807,-3.48007202,0.446365565,256.680023,0,0,0.5,0.5,1,0.150000006,4.94999981,4.80999994,0,0,0,0,1
5.401022,1784371011.003528,174,-3.00137353,-3.23837328,-3.47984314,0.444137603,256.705017,0,0,0.5,0.5,1,0.150000006,4.94999981,4.80999994,0,0,0,0,1
5.432149,1784371011.034655,175,-2.98702002,-3.2284255,-3.48081779,0.446189433,256.730011,0,0,0.5,0.5,1,0.150000006,4.94999981,4.80999994,0,0,0,0,1
5.432149,1784371011.034655,176,-3.01934004,-3.22117138,-3.48041725,0.447523117,256.755005,0,0,0.5,0.5,1,0.150000006,4.94999981,4.80999994,0,0,0,0,1
5.464157,1784371011.066663,177,-3.02277279,-3.23342228,-3.48044777,0.448953509,256.779999,0,0,0.5,0.5,1,0.150000006,4.94999981,4.80999994,0,0,0,0,1
5.496148,1784371011.098654,178,-3.01660728,-3.25191593,-3.48114777,0.44931978,256.805023,0,0,0.5,0.5,1,0.150000006,4.94999981,4.80999994,0,0,0,0,1
5.528147,1784371011.130653,179,-3.01823139,-3.26322126,-3.48221397,0.446057856,256.830017,0,0,0.5,0.5,1,0.150000006,4.94999981,4.80999994,0,0,0,0,1
5.528147,1784371011.130653,180,-3.02114224,-3.2670126,-3.4820919,0.4439376,256.855011,0,0,0.5,0.5,1,0.150000006,4.94999981,4.80999994,0,0,0,0,1
5.560027,1784371011.162533,181,-3.00483704,-3.26499033,-3.4821701,0.441663653,256.880005,0,0,0.5,0.5,1,0.150000006,4.94999981,4.80999994,0,0,0,0,1
5.591020,1784371011.193526,182,-2.99579477,-3.26315451,-3.48251915,0.441081375,256.904999,0,0,0.5,0.5,1,0.150000006,4.94999981,4.80999994,0,0,0,0,1
5.622028,1784371011.224534,183,-3.02624989,-3.24203444,-3.48323822,0.4442029,256.930023,0,0,0.5,0.5,1,0.150000006,4.94999981,4.80999994,0,0,0,0,1
5.653020,1784371011.255526,184,-3.01730084,-3.24052334,-3.48189354,0.446231872,256.955017,0,0,0.5,0.5,1,0.150000006,4.94999981,4.80999994,0,0,0,0,1
5.653020,1784371011.255526,185,-3.01146531,-3.25631428,-3.48272133,0.447550714,256.980011,0,0,0.5,0.5,1,0.150000006,4.94999981,4.80999994,0,0,0,0,1
5.685022,1784371011.287528,186,-3.02000356,-3.2518363,-3.48311806,0.446690172,257.005005,0,0,0.5,0.5,1,0.150000006,4.94999981,4.80999994,0,0,0,0,1
5.715688,1784371011.318194,187,-3.01584172,-3.27091122,-3.48299026,0.447848618,257.029999,0,0,0.5,0.5,1,0.150000006,4.94999981,4.80999994,0,0,0,0,1
5.746927,1784371011.349433,188,-3.0334506,-3.25855637,-3.4854393,0.448601604,257.055023,0,0,0.5,0.5,1,0.150000006,4.94999981,4.80999994,0,0,0,0,1
5.778782,1784371011.381288,189,-2.99417257,-3.25929308,-3.48605156,0.449091047,257.080017,0,0,0.5,0.5,1,0.150000006,4.94999981,4.80999994,0,0,0,0,1
5.778782,1784371011.381288,190,-3.01082802,-3.25602961,-3.48713875,0.446115971,257.105011,0,0,0.5,0.5,1,0.150000006,4.94999981,4.80999994,0,0,0,0,1
5.810792,1784371011.413298,191,-3.01530004,-3.22851372,-3.48593521,0.447475374,257.130005,0,0,0.5,0.5,1,0.150000006,4.94999981,4.80999994,0,0,0,0,1
5.842356,1784371011.444862,192,-3.01373029,-3.26013041,-3.48330498,0.448358983,257.154999,0,0,0.5,0.5,1,0.150000006,4.94999981,4.80999994,0,0,0,0,1
5.874279,1784371011.476785,193,-3.03353262,-3.273633,-3.48721313,0.448933333,257.180023,0,0,0.5,0.5,1,0.150000006,4.94999981,4.80999994,0,0,0,0,1
5.905277,1784371011.507783,194,-3.02943921,-3.26908588,-3.48518753,0.449549317,257.205017,0,0,0.5,0.5,1,0.150000006,4.94999981,4.80999994,0,0,0,0,1
5.905277,1784371011.507783,195,-3.04094028,-3.26843929,-3.48563766,0.446207047,257.230011,0,0,0.5,0.5,1,0.150000006,4.94999981,4.80999994,0,0,0,0,1
5.936281,1784371011.538787,196,-3.00881433,-3.25559664,-3.48685646,0.444034576,257.255005,0,0,0.5,0.5,1,0.150000006,4.94999981,4.80999994,0,0,0,0,1
5.968274,1784371011.570780,197,-3.01273894,-3.26285982,-3.48602676,0.446122468,257.279999,0,0,0.5,0.5,1,0.150000006,4.94999981,4.80999994,0,0,0,0,1
6.000295,1784371011.602801,198,-3.00015426,-3.25433826,-3.48786163,0.447479606,257.305023,0,0,0.5,0.5,1,0.150000006,4.94999981,4.80999994,0,0,0,0,1
6.031199,1784371011.633704,199,-2.99599624,-3.24187517,-3.48583031,0.443160117,257.330017,0,0,0.5,0.5,1,0.150000006,4.94999981,4.80999994,0,0,0,0,1
6.031199,1784371011.633704,200,-3.0042727,-3.2673192,-3.48796654,0.442054063,257.355011,0,0,0.5,0.5,1,0.150000006,4.94999981,4.80999994,0,0,0,0,1
6.063067,1784371011.665573,201,-3.03088427,-3.25694656,-3.48971176,0.441335142,257.380005,0,0,0.5,0.5,1,0.150000006,4.94999981,4.80999994,0,0,0,0,1
6.094069,1784371011.696574,202,-3.02984071,-3.249506,-3.48746681,0.444367826,257.404999,0,0,0.5,0.5,1,0.150000006,4.94999981,4.80999994,0,0,0,0,1
6.126070,1784371011.728576,203,-3.01022172,-3.24814272,-3.48944473,0.447620392,257.430023,0,0,0.5,0.5,1,0.150000006,4.94999981,4.80999994,0,0,0,0,1
6.158261,1784371011.760767,204,-3.01767755,-3.22957611,-3.48962021,0.444953263,257.455017,0,0,0.5,0.5,1,0.150000006,4.94999981,4.80999994,0,0,0,0,1
6.158261,1784371011.760767,205,-3.01226068,-3.24747229,-3.48802948,0.446719617,257.480011,0,0,0.5,0.5,1,0.150000006,4.94999981,4.80999994,0,0,0,0,1
6.190188,1784371011.792694,206,-2.99730015,-3.24312067,-3.48831749,0.447867751,257.505005,0,0,0.5,0.5,1,0.150000006,4.94999981,4.80999994,0,0,0,0,1
6.221276,1784371011.823782,207,-3.00132704,-3.24411297,-3.48756599,0.448614031,257.529999,0,0,0.5,0.5,1,0.150000006,4.94999981,4.80999994,0,0,0,0,1
6.252956,1784371011.855462,208,-3.02688241,-3.25105238,-3.48940086,0.449414432,257.555023,0,0,0.5,0.5,1,0.150000006,4.94999981,4.80999994,0,0,0,0,1
6.252956,1784371011.855462,209,-3.01472306,-3.24817181,-3.48874283,0.449619383,257.580017,0,0,0.5,0.5,1,0.150000006,4.94999981,4.80999994,0,0,0,0,1
6.283956,1784371011.886462,210,-3.02232432,-3.26064873,-3.49108124,0.446252584,257.605011,0,0,0.5,0.5,1,0.150000006,4.94999981,4.80999994,0,0,0,0,1
6.315383,1784371011.917889,211,-3.05552316,-3.2047801,-3.49324226,0.44406417,257.630005,0,0,0.5,0.5,1,0.150000006,4.94999981,4.80999994,0,0,0,0,1
6.347192,1784371011.949698,212,-2.99842954,-3.23307705,-3.49126244,0.441717118,257.654999,0,0,0.5,0.5,1,0.150000006,4.94999981,4.80999994,0,0,0,0,1
6.379189,1784371011.981695,213,-2.99224687,-3.26233625,-3.49312973,0.441116124,257.680023,0,0,0.5,0.5,1,0.150000006,4.94999981,4.80999994,0,0,0,0,1
6.379189,1784371011.981695,214,-3.00611353,-3.22377777,-3.49345016,0.44422549,257.705017,0,0,0.5,0.5,1,0.150000006,4.94999981,4.80999994,0,0,0,0,1
6.410193,1784371012.012699,215,-3.00157976,-3.25670767,-3.48918724,0.446246564,257.730011,0,0,0.5,0.5,1,0.150000006,4.94999981,4.80999994,0,0,0,0,1
6.441181,1784371012.043687,216,-3.00585055,-3.27192545,-3.49513054,0.442639172,257.755005,0,0,0.5,0.5,1,0.150000006,4.94999981,4.80999994,0,0,0,0,1
6.473191,1784371012.075697,217,-3.03713655,-3.24214458,-3.49292755,0.441715449,257.779999,0,0,0.5,0.5,1,0.150000006,4.94999981,4.80999994,0,0,0,0,1
6.505193,1784371012.107699,218,-3.02201676,-3.24779034,-3.49253464,0.441115052,257.805023,0,0,0.5,0.5,1,0.150000006,4.94999981,4.80999994,0,0,0,0,1
6.505193,1784371012.107699,219,-2.9948802,-3.24304581,-3.4954319,0.44072479,257.830017,0,0,0.5,0.5,1,0.150000006,4.94999981,4.80999994,0,0,0,0,1
6.537384,1784371012.139890,220,-3.01762438,-3.25014782,-3.49290276,0.440471113,257.855011,0,0,0.5,0.5,1,0.150000006,4.94999981,4.80999994,0,0,0,0,1
6.569277,1784371012.171783,221,-2.99669814,-3.25715637,-3.49459648,0.443699032,257.880005,0,0,0.5,0.5,1,0.150000006,4.94999981,4.80999994,0,0,0,0,1
6.600400,1784371012.202906,222,-2.98806,-3.24415684,-3.49342728,0.44240436,257.904999,0,0,0.5,0.5,1,0.150000006,4.94999981,4.80999994,0,0,0,0,1
6.632189,1784371012.234695,223,-3.01107335,-3.26022482,-3.49393463,0.441562831,257.930023,0,0,0.5,0.5,1,0.150000006,4.94999981,4.80999994,0,0,0,0,1
6.632189,1784371012.234695,224,-3.03163409,-3.24735308,-3.49575233,0.44101584,257.955017,0,0,0.5,0.5,1,0.150000006,4.94999981,4.80999994,0,0,0,0,1
6.664388,1784371012.266894,225,-3.01597905,-3.23992252,-3.4940033,0.440429181,257.980011,0,0,0.5,0.5,1,0.150000006,4.94999981,4.80999994,0,0,0,0,1
6.696379,1784371012.298885,226,-3.0097065,-3.24397945,-3.49664688,0.440278977,258.005005,0,0,0.5,0.5,1,0.150000006,4.94999981,4.80999994,0,0,0,0,1
6.728391,1784371012.330897,227,-3.02365446,-3.22810841,-3.49732018,0.440181345,258.029999,0,0,0.5,0.5,1,0.150000006,4.94999981,4.80999994,0,0,0,0,1
6.728391,1784371012.330897,228,-3.00923014,-3.24159384,-3.49498367,0.440117866,258.055023,0,0,0.5,0.5,1,0.150000006,4.94999981,4.80999994,0,0,0,0,1
6.759311,1784371012.361817,229,-2.98838663,-3.24803782,-3.49712372,0.440049797,258.080017,0,0,0.5,0.5,1,0.150000006,4.94999981,4.80999994,0,0,0,0,1
6.791181,1784371012.393687,230,-2.998245,-3.24384451,-3.49641037,0.440032363,258.105011,0,0,0.5,0.5,1,0.150000006,4.94999981,4.80999994,0,0,0,0,1
6.823191,1784371012.425697,231,-3.0170927,-3.25544834,-3.49712944,0.440021038,258.130005,0,0,0.5,0.5,1,0.150000006,4.94999981,4.80999994,0,0,0,0,1
6.854275,1784371012.456780,232,-3.00630665,-3.24123049,-3.49764633,0.440013677,258.154999,0,0,0.5,0.5,1,0.150000006,4.94999981,4.80999994,0,0,0,0,1
6.854275,1784371012.456780,233,-3.0108521,-3.24073887,-3.49671364,0.440008879,258.180023,0,0,0.5,0.5,1,0.150000006,4.94999981,4.80999994,0,0,0,0,1
6.885268,1784371012.487774,234,-3.01504469,-3.23616409,-3.49961472,0.440003753,258.205017,0,0,0.5,0.5,1,0.150000006,4.94999981,4.80999994,0,0,0,0,1
6.916263,1784371012.518769,235,-3.00912809,-3.23247194,-3.49914551,0.440002441,258.230011,0,0,0.5,0.5,1,0.150000006,4.94999981,4.80999994,0,0,0,0,1
6.948468,1784371012.550974,236,-2.99730229,-3.24779034,-3.49978828,0.440001577,258.255005,0,0,0.5,0.5,1,0.150000006,4.94999981,4.80999994,0,0,0,0,1
6.980405,1784371012.582911,237,-2.99888206,-3.24053669,-3.50120735,0.440001011,258.279999,0,0,0.5,0.5,1,0.150000006,4.94999981,4.80999994,0,0,0,0,1
6.980405,1784371012.582911,238,-3.01099706,-3.24380493,-3.5002327,0.440000415,258.305023,0,0,0.5,0.5,1,0.150000006,4.94999981,4.80999994,0,0,0,0,1
7.012490,1784371012.614995,239,-3.00820541,-3.25201988,-3.50102425,0.440000266,258.330017,0,0,0.5,0.5,1,0.150000006,4.94999981,4.80999994,0,0,0,0,1
7.043937,1784371012.646443,240,-3.00620127,-3.23702621,-3.50041962,0.440000176,258.355011,0,0,0.5,0.5,1,0.150000006,4.94999981,4.80999994,0,0,0,0,1
7.075890,1784371012.678396,241,-3.00981998,-3.24099922,-3.50055885,0.443500102,258.380005,0,0,0.5,0.5,1,0.150000006,4.94999981,4.80999994,0,0,0,0,1
7.107804,1784371012.710310,242,-3.01095819,-3.23383808,-3.50136757,0.445775062,258.404999,0,0,0.5,0.5,1,0.150000006,4.94999981,4.80999994,0,0,0,0,1
7.107804,1784371012.710310,243,-3.00149775,-3.23537922,-3.50014877,0.448214948,258.430023,0,0,0.5,0.5,1,0.150000006,4.94999981,4.80999994,0,0,0,0,1
7.138813,1784371012.741318,244,-2.99975252,-3.24560547,-3.50097656,0.44533971,258.455017,0,0,0.5,0.5,1,0.150000006,4.94999981,4.80999994,0,0,0,0,1
7.170819,1784371012.773325,245,-3.01071644,-3.23713112,-3.50138855,0.44697082,258.480011,0,0,0.5,0.5,1,0.150000006,4.94999981,4.80999994,0,0,0,0,1
7.202816,1784371012.805322,246,-3.01532221,-3.24931192,-3.50026321,0.448031038,258.505005,0,0,0.5,0.5,1,0.150000006,4.94999981,4.80999994,0,0,0,0,1
7.202816,1784371012.805322,247,-3.01614833,-3.24578953,-3.50172043,0.449168086,258.529999,0,0,0.5,0.5,1,0.150000006,4.94999981,4.80999994,0,0,0,0,1
7.233811,1784371012.836317,248,-3.02048588,-3.23668289,-3.50187874,0.44595927,258.555023,0,0,0.5,0.5,1,0.150000006,4.94999981,4.80999994,0,0,0,0,1
7.265815,1784371012.868321,249,-3.02071691,-3.23928833,-3.502882,0.447373509,258.580017,0,0,0.5,0.5,1,0.150000006,4.94999981,4.80999994,0,0,0,0,1
7.296817,1784371012.899323,250,-3.00597811,-3.23524904,-3.50330162,0.448292792,258.605011,0,0,0.5,0.5,1,0.150000006,4.94999981,4.80999994,0,0,0,0,1
7.328921,1784371012.931427,251,-2.9953084,-3.24713469,-3.50252151,0.443503708,258.630005,0,0,0.5,0.5,1,0.150000006,4.94999981,4.80999994,0,0,0,0,1
7.360923,1784371012.963428,252,-2.99458289,-3.2538743,-3.50345993,0.445777416,258.654999,0,0,0.5,0.5,1,0.150000006,4.94999981,4.80999994,0,0,0,0,1
7.360923,1784371012.963428,253,-3.00296402,-3.25009298,-3.50354385,0.447255313,258.680023,0,0,0.5,0.5,1,0.150000006,4.94999981,4.80999994,0,0,0,0,1
7.392468,1784371012.994974,254,-3.01038074,-3.26082945,-3.50361633,0.444715947,258.705017,0,0,0.5,0.5,1,0.150000006,4.94999981,4.80999994,0,0,0,0,1
7.424446,1784371013.026952,255,-3.02110171,-3.25340319,-3.50497055,0.443065375,258.730011,0,0,0.5,0.5,1,0.150000006,4.94999981,4.80999994,0,0,0,0,1
7.455535,1784371013.058041,256,-3.03136349,-3.24306011,-3.50541115,0.441295117,258.755005,0,0,0.5,0.5,1,0.150000006,4.94999981,4.80999994,0,0,0,0,1
7.455535,1784371013.058041,257,-3.03021193,-3.23890972,-3.50621605,0.440841824,258.779999,0,0,0.5,0.5,1,0.150000006,4.94999981,4.80999994,0,0,0,0,1
7.486459,1784371013.088965,258,-3.01963663,-3.23536491,-3.50624275,0.440547198,258.805023,0,0,0.5,0.5,1,0.150000006,4.94999981,4.80999994,0,0,0,0,1
7.518337,1784371013.120843,259,-3.01287842,-3.25390387,-3.50674248,0.440355688,258.830017,0,0,0.5,0.5,1,0.150000006,4.94999981,4.80999994,0,0,0,0,1
7.550334,1784371013.152840,260,-3.01163578,-3.26167297,-3.50748062,0.440150291,258.855011,0,0,0.5,0.5,1,0.150000006,4.94999981,4.80999994,0,0,0,0,1
7.582342,1784371013.184848,261,-3.01051164,-3.26891375,-3.50681686,0.443597674,258.880005,0,0,0.5,0.5,1,0.150000006,4.94999981,4.80999994,0,0,0,0,1
7.582342,1784371013.184848,262,-3.01326895,-3.26791334,-3.50783539,0.445838481,258.904999,0,0,0.5,0.5,1,0.150000006,4.94999981,4.80999994,0,0,0,0,1
7.613288,1784371013.215794,263,-3.02180219,-3.24956989,-3.50811195,0.44729501,258.930023,0,0,0.5,0.5,1,0.150000006,4.94999981,4.80999994,0,0,0,0,1
7.645279,1784371013.247785,264,-3.02668715,-3.2438221,-3.50805092,0.444741756,258.955017,0,0,0.5,0.5,1,0.150000006,4.94999981,4.80999994,0,0,0,0,1
7.675452,1784371013.277958,265,-3.02477789,-3.24641371,-3.50921822,0.442003399,258.980011,0,0,0.5,0.5,1,0.150000006,4.94999981,4.80999994,0,0,0,0,1
7.706737,1784371013.309243,266,-3.02686,-3.24938059,-3.50855827,0.44130221,259.005005,0,0,0.5,0.5,1,0.150000006,4.94999981,4.80999994,0,0,0,0,1
7.706737,1784371013.309243,267,-3.02610159,-3.26128817,-3.50914574,0.440846443,259.029999,0,0,0.5,0.5,1,0.150000006,4.94999981,4.80999994,0,0,0,0,1
7.738738,1784371013.341244,268,-3.01921535,-3.2627449,-3.50950241,0.440550178,259.055023,0,0,0.5,0.5,1,0.150000006,4.94999981,4.80999994,0,0,0,0,1
7.769512,1784371013.372018,269,-3.01583886,-3.2670188,-3.50930786,0.440232456,259.080017,0,0,0.5,0.5,1,0.150000006,4.94999981,4.80999994,0,0,0,0,1
7.801502,1784371013.404007,270,-3.01681423,-3.26360846,-3.51021767,0.440151095,259.105011,0,0,0.5,0.5,1,0.150000006,4.94999981,4.80999994,0,0,0,0,1
7.833059,1784371013.435565,271,-3.0165534,-3.25052118,-3.51062393,0.440098226,259.130005,0,0,0.5,0.5,1,0.150000006,4.94999981,4.80999994,0,0,0,0,1
7.833059,1784371013.435565,272,-3.01399541,-3.24355555,-3.51073074,0.440063834,259.154999,0,0,0.5,0.5,1,0.150000006,4.94999981,4.80999994,0,0,0,0,1
7.864090,1784371013.466596,273,-3.01438665,-3.24680233,-3.51147079,0.440026969,259.180023,0,0,0.5,0.5,1,0.150000006,4.94999981,4.80999994,0,0,0,0,1
7.895210,1784371013.497716,274,-3.01822162,-3.25310326,-3.51064682,0.443517536,259.205017,0,0,0.5,0.5,1,0.150000006,4.94999981,4.80999994,0,0,0,0,1
7.926639,1784371013.529145,275,-3.0155592,-3.26414156,-3.51145744,0.445786387,259.230011,0,0,0.5,0.5,1,0.150000006,4.94999981,4.80999994,0,0,0,0,1
7.957637,1784371013.560143,276,-3.01355386,-3.27013636,-3.51200104,0.447261155,259.255005,0,0,0.5,0.5,1,0.150000006,4.94999981,4.80999994,0,0,0,0,1
7.957637,1784371013.560143,277,-3.01660037,-3.26705265,-3.51203537,0.444719762,259.279999,0,0,0.5,0.5,1,0.150000006,4.94999981,4.80999994,0,0,0,0,1
7.989639,1784371013.592145,278,-3.01718974,-3.25389433,-3.51225471,0.445494086,259.305023,0,0,0.5,0.5,1,0.150000006,4.94999981,4.80999994,0,0,0,0,1
8.020654,1784371013.623160,279,-3.01456594,-3.24355078,-3.51201248,0.44357115,259.330017,0,0,0.5,0.5,1,0.150000006,4.94999981,4.80999994,0,0,0,0,1
8.051897,1784371013.654403,280,-3.02133656,-3.23724222,-3.51295853,0.442321241,259.355011,0,0,0.5,0.5,1,0.150000006,4.94999981,4.80999994,0,0,0,0,1
8.051897,1784371013.654403,281,-3.02777052,-3.22472429,-3.51333618,0.4415088,259.380005,0,0,0.5,0.5,1,0.150000006,4.94999981,4.80999994,0,0,0,0,1
8.083907,1784371013.686413,282,-3.0163815,-3.24073935,-3.51380539,0.444137484,259.404999,0,0,0.5,0.5,1,0.150000006,4.94999981,4.80999994,0,0,0,0,1
8.115906,1784371013.718412,283,-3.00765586,-3.25579309,-3.5150547,0.446189374,259.430023,0,0,0.5,0.5,1,0.150000006,4.94999981,4.80999994,0,0,0,0,1
8.147899,1784371013.750405,284,-3.0070138,-3.25545979,-3.51553917,0.447523087,259.455017,0,0,0.5,0.5,1,0.150000006,4.94999981,4.80999994,0,0,0,0,1
8.178736,1784371013.781242,285,-3.00280404,-3.2554822,-3.51531219,0.444889992,259.480011,0,0,0.5,0.5,1,0.150000006,4.94999981,4.80999994,0,0,0,0,1
8.209480,1784371013.811986,286,-3.00890183,-3.24283409,-3.51646614,0.447841018,259.505005,0,0,0.5,0.5,1,0.150000006,4.94999981,4.80999994,0,0,0,0,1
8.209480,1784371013.811986,287,-3.02412224,-3.23293781,-3.51658821,0.448596656,259.529999,0,0,0.5,0.5,1,0.150000006,4.94999981,4.80999994,0,0,0,0,1
8.241666,1784371013.844172,288,-3.03371954,-3.23383284,-3.51662064,0.449087828,259.555023,0,0,0.5,0.5,1,0.150000006,4.94999981,4.80999994,0,0,0,0,1
8.273480,1784371013.875986,289,-3.02969742,-3.2395196,-3.51677895,0.449407071,259.580017,0,0,0.5,0.5,1,0.150000006,4.94999981,4.80999994,0,0,0,0,1
8.304481,1784371013.906987,290,-3.02253747,-3.25432205,-3.51741791,0.4461146,259.605011,0,0,0.5,0.5,1,0.150000006,4.94999981,4.80999994,0,0,0,0,1
8.304481,1784371013.906987,291,-3.00986576,-3.25901413,-3.5176754,0.442583412,259.630005,0,0,0.5,0.5,1,0.150000006,4.94999981,4.80999994,0,0,0,0,1
8.335474,1784371013.937979,292,-3.00001669,-3.25622988,-3.51695442,0.441679209,259.654999,0,0,0.5,0.5,1,0.150000006,4.94999981,4.80999994,0,0,0,0,1
8.367481,1784371013.969987,293,-3.00020075,-3.25412464,-3.51742744,0.441091478,259.680023,0,0,0.5,0.5,1,0.150000006,4.94999981,4.80999994,0,0,0,0,1
8.398754,1784371014.001260,294,-3.01385736,-3.24069452,-3.51795387,0.440709472,259.705017,0,0,0.5,0.5,1,0.150000006,4.94999981,4.80999994,0,0,0,0,1
8.430754,1784371014.033260,295,-3.02046871,-3.23909473,-3.51801872,0.446074724,259.730011,0,0,0.5,0.5,1,0.150000006,4.94999981,4.80999994,0,0,0,0,1
8.430754,1784371014.033260,296,-3.02342296,-3.24522877,-3.51916504,0.443948567,259.755005,0,0,0.5,0.5,1,0.150000006,4.94999981,4.80999994,0,0,0,0,1
8.462517,1784371014.065022,297,-3.02092957,-3.24639654,-3.51991272,0.442566574,259.779999,0,0,0.5,0.5,1,0.150000006,4.94999981,4.80999994,0,0,0,0,1
8.493748,1784371014.096254,298,-3.01338983,-3.26067591,-3.52030373,0.441668272,259.805023,0,0,0.5,0.5,1,0.150000006,4.94999981,4.80999994,0,0,0,0,1
8.524753,1784371014.127259,299,-3.01057005,-3.26088619,-3.52059746,0.441084385,259.830017,0,0,0.5,0.5,1,0.150000006,4.94999981,4.80999994,0,0,0,0,1
8.555826,1784371014.158332,300,-3.00582242,-3.25667286,-3.5202446,0.440458149,259.855011,0,0,0.5,0.5,1,0.150000006,4.94999981,4.80999994,0,0,0,0,1
8.555826,1784371014.158332,301,-3.00748134,-3.24995995,-3.52031708,0.440297782,259.880005,0,0,0.5,0.5,1,0.150000006,4.94999981,4.80999994,0,0,0,0,1
8.587822,1784371014.190328,302,-3.01759481,-3.23954868,-3.52025223,0.443693548,259.904999,0,0,0.5,0.5,1,0.150000006,4.94999981,4.80999994,0,0,0,0,1
8.618832,1784371014.221338,303,-3.01732945,-3.23961449,-3.51979637,0.445900798,259.930023,0,0,0.5,0.5,1,0.150000006,4.94999981,4.80999994,0,0,0,0,1
8.650828,1784371014.253334,304,-3.01075459,-3.25133801,-3.52090836,0.442493081,259.955017,0,0,0.5,0.5,1,0.150000006,4.94999981,4.80999994,0,0,0,0,1
8.650828,1784371014.253334,305,-3.01178789,-3.25007296,-3.52150536,0.445120513,259.980011,0,0,0.5,0.5,1,0.150000006,4.94999981,4.80999994,0,0,0,0,1
8.682818,1784371014.285324,306,-3.00119185,-3.25001144,-3.52150345,0.446828336,260.005005,0,0,0.5,0.5,1,0.150000006,4.94999981,4.80999994,0,0,0,0,1
8.713826,1784371014.316332,307,-2.99521637,-3.24365091,-3.52274704,0.444438428,260.029999,0,0,0.5,0.5,1,0.150000006,4.94999981,4.80999994,0,0,0,0,1
8.745826,1784371014.348332,308,-3.00456762,-3.23396301,-3.52357292,0.441875249,260.055023,0,0,0.5,0.5,1,0.150000006,4.94999981,4.80999994,0,0,0,0,1
8.777820,1784371014.380326,309,-3.0092721,-3.23276329,-3.52272797,0.441218913,260.080017,0,0,0.5,0.5,1,0.150000006,4.94999981,4.80999994,0,0,0,0,1
8.777820,1784371014.380326,310,-3.01199698,-3.2356739,-3.52305412,0.444292277,260.105011,0,0,0.5,0.5,1,0.150000006,4.94999981,4.80999994,0,0,0,0,1
8.823455,1784371014.425961,311,-3.01122618,-3.23834801,-3.52354813,0.446289986,260.130005,0,0,0.5,0.5,1,0.150000006,4.94999981,4.80999994,0,0,0,0,1
8.855046,1784371014.457552,312,-3.01006436,-3.24864149,-3.52397156,0.444088489,260.154999,0,0,0.5,0.5,1,0.150000006,4.94999981,4.80999994,0,0,0,0,1
8.855046,1784371014.457552,313,-3.00666571,-3.2487545,-3.52441216,0.445227385,260.180023,0,0,0.5,0.5,1,0.150000006,4.94999981,4.80999994,0,0,0,0,1
8.887039,1784371014.489545,314,-3.00279713,-3.24864864,-3.52463913,0.446897805,260.205017,0,0,0.5,0.5,1,0.150000006,4.94999981,4.80999994,0,0,0,0,1
8.918041,1784371014.520547,315,-3.01035786,-3.2445364,-3.52489471,0.447983563,260.230011,0,0,0.5,0.5,1,0.150000006,4.94999981,4.80999994,0,0,0,0,1
8.950049,1784371014.552555,316,-3.01528573,-3.23665237,-3.52447701,0.448689312,260.255005,0,0,0.5,0.5,1,0.150000006,4.94999981,4.80999994,0,0,0,0,1
8.950049,1784371014.552555,317,-3.0134387,-3.24350452,-3.52431488,0.449446231,260.279999,0,0,0.5,0.5,1,0.150000006,4.94999981,4.80999994,0,0,0,0,1
8.982046,1784371014.584552,318,-3.01520681,-3.24665117,-3.52565575,0.449640036,260.305023,0,0,0.5,0.5,1,0.150000006,4.94999981,4.80999994,0,0,0,0,1
9.013046,1784371014.615552,319,-3.01775265,-3.24420071,-3.52583885,0.44976601,260.330017,0,0,0.5,0.5,1,0.150000006,4.94999981,4.80999994,0,0,0,0,1
9.044718,1784371014.647224,320,-3.00471044,-3.25481462,-3.52676201,0.449847907,260.355011,0,0,0.5,0.5,1,0.150000006,4.94999981,4.80999994,0,0,0,0,1
9.075707,1784371014.678213,321,-3.00205564,-3.24919033,-3.52812004,0.446401149,260.380005,0,0,0.5,0.5,1,0.150000006,4.94999981,4.80999994,0,0,0,0,1
9.107709,1784371014.710215,322,-3.00359201,-3.24589968,-3.52843666,0.442704499,260.404999,0,0,0.5,0.5,1,0.150000006,4.94999981,4.80999994,0,0,0,0,1
9.107709,1784371014.710215,323,-3.00637579,-3.24601173,-3.52853012,0.441757917,260.430023,0,0,0.5,0.5,1,0.150000006,4.94999981,4.80999994,0,0,0,0,1
9.138716,1784371014.741222,324,-3.01430225,-3.24535894,-3.52824402,0.444642633,260.455017,0,0,0.5,0.5,1,0.150000006,4.94999981,4.80999994,0,0,0,0,1
9.170725,1784371014.773231,325,-3.02079821,-3.24878693,-3.528368,0.446517706,260.480011,0,0,0.5,0.5,1,0.150000006,4.94999981,4.80999994,0,0,0,0,1
10.143744,1784371015.746250,326,-3.01241517,-3.25985241,-3.53639793,0.448528707,260.996002,0,0,0.5,0.5,1,0.150000006,4.94999981,4.80999994,0,0,0,0,1
10.143744,1784371015.746250,327,-3.01709867,-3.22878265,-3.54219818,0.445543647,261.465027,0,0,0.5,0.5,1,0.150000006,4.94999981,4.80999994,0,0,0,0,1
10.175745,1784371015.778250,328,-3.0191257,-3.23226023,-3.5421505,0.443603367,261.490021,0,0,0.5,0.5,1,0.150000006,4.94999981,4.80999994,0,0,0,0,1
10.207738,1784371015.810244,329,-3.0190928,-3.24228621,-3.54192352,0.445842177,261.515015,0,0,0.5,0.5,1,0.150000006,4.94999981,4.80999994,0,0,0,0,1
10.238738,1784371015.841244,330,-3.00758195,-3.2590642,-3.54236031,0.447297424,261.540009,0,0,0.5,0.5,1,0.150000006,4.94999981,4.80999994,0,0,0,0,1
10.238738,1784371015.841244,331,-3.00319672,-3.26598406,-3.54398537,0.448858142,261.565002,0,0,0.5,0.5,1,0.150000006,4.94999981,4.80999994,0,0,0,0,1
10.269866,1784371015.872372,332,-3.00786543,-3.25531864,-3.54537773,0.449257791,261.590027,0,0,0.5,0.5,1,0.150000006,4.94999981,4.80999994,0,0,0,0,1
10.299950,1784371015.902456,333,-3.01165533,-3.24637651,-3.54616165,0.449517548,261.615021,0,0,0.5,0.5,1,0.150000006,4.94999981,4.80999994,0,0,0,0,1
10.331940,1784371015.934446,334,-3.02278185,-3.23330259,-3.54633904,0.449686408,261.640015,0,0,0.5,0.5,1,0.150000006,4.94999981,4.80999994,0,0,0,0,1
10.363864,1784371015.966370,335,-3.02322936,-3.23632717,-3.54637337,0.449867517,261.665009,0,0,0.5,0.5,1,0.150000006,4.94999981,4.80999994,0,0,0,0,1
10.363864,1784371015.966370,336,-3.01495075,-3.24776793,-3.54541016,0.449913889,261.690002,0,0,0.5,0.5,1,0.150000006,4.94999981,4.80999994,0,0,0,0,1
10.395940,1784371015.998446,337,-3.01022506,-3.2564559,-3.54571724,0.449944019,261.715027,0,0,0.5,0.5,1,0.150000006,4.94999981,4.80999994,0,0,0,0,1
10.427936,1784371016.030442,338,-3.00866342,-3.2558651,-3.54528809,0.449963599,261.740021,0,0,0.5,0.5,1,0.150000006,4.94999981,4.80999994,0,0,0,0,1
10.458871,1784371016.061377,339,-3.01309466,-3.25236797,-3.54569435,0.44998461,261.765015,0,0,0.5,0.5,1,0.150000006,4.94999981,4.80999994,0,0,0,0,1
10.490967,1784371016.093473,340,-3.0214839,-3.24340677,-3.54683113,0.449990004,261.790009,0,0,0.5,0.5,1,0.150000006,4.94999981,4.80999994,0,0,0,0,1
10.490967,1784371016.093473,341,-3.02470827,-3.23396826,-3.54778862,0.449993491,261.815002,0,0,0.5,0.5,1,0.150000006,4.94999981,4.80999994,0,0,0,0,1
10.522861,1784371016.125367,342,-3.01656342,-3.23057604,-3.5488987,0.446495771,261.840027,0,0,0.5,0.5,1,0.150000006,4.94999981,4.80999994,0,0,0,0,1
10.553737,1784371016.156243,343,-3.00699615,-3.24137449,-3.54893684,0.444222242,261.865021,0,0,0.5,0.5,1,0.150000006,4.94999981,4.80999994,0,0,0,0,1
10.584183,1784371016.186689,344,-3.00472879,-3.24483442,-3.54888344,0.441783905,261.890015,0,0,0.5,0.5,1,0.150000006,4.94999981,4.80999994,0,0,0,0,1
10.615311,1784371016.217817,345,-2.98848724,-3.26114416,-3.54801178,0.441159546,261.915009,0,0,0.5,0.5,1,0.150000006,4.94999981,4.80999994,0,0,0,0,1
10.615311,1784371016.217817,346,-2.99486971,-3.26519871,-3.54901123,0.440753698,261.940002,0,0,0.5,0.5,1,0.150000006,4.94999981,4.80999994,0,0,0,0,1
10.647194,1784371016.249700,347,-3.00188947,-3.25559807,-3.54811287,0.440489888,261.965027,0,0,0.5,0.5,1,0.150000006,4.94999981,4.80999994,0,0,0,0,1
10.678266,1784371016.280772,348,-3.00448132,-3.24882793,-3.54835892,0.443706989,261.990021,0,0,0.5,0.5,1,0.150000006,4.94999981,4.80999994,0,0,0,0,1
10.710266,1784371016.312772,349,-3.01380897,-3.24184942,-3.55059242,0.442409545,262.015015,0,0,0.5,0.5,1,0.150000006,4.94999981,4.80999994,0,0,0,0,1
10.742270,1784371016.344775,350,-3.00675988,-3.24733448,-3.55041504,0.445066214,262.040009,0,0,0.5,0.5,1,0.150000006,4.94999981,4.80999994,0,0,0,0,1
10.742270,1784371016.344775,351,-3.00547385,-3.25008917,-3.55117035,0.44679302,262.065002,0,0,0.5,0.5,1,0.150000006,4.94999981,4.80999994,0,0,0,0,1
10.773881,1784371016.376387,352,-2.99790001,-3.24986124,-3.55076218,0.44441545,262.090027,0,0,0.5,0.5,1,0.150000006,4.94999981,4.80999994,0,0,0,0,1
10.805885,1784371016.408391,353,-3.00308371,-3.25250006,-3.5502739,0.441865534,262.115021,0,0,0.5,0.5,1,0.150000006,4.94999981,4.80999994,0,0,0,0,1
10.835954,1784371016.438460,354,-3.01071811,-3.24910688,-3.55080032,0.441212595,262.140015,0,0,0.5,0.5,1,0.150000006,4.94999981,4.80999994,0,0,0,0,1
10.866882,1784371016.469388,355,-3.00951266,-3.24943161,-3.55009079,0.44078818,262.165009,0,0,0.5,0.5,1,0.150000006,4.94999981,4.80999994,0,0,0,0,1
10.866882,1784371016.469388,356,-3.00975585,-3.25220776,-3.55149078,0.440512329,262.190002,0,0,0.5,0.5,1,0.150000006,4.94999981,4.80999994,0,0,0,0,1
10.898100,1784371016.500606,357,-3.00998449,-3.24797964,-3.55280495,0.440216452,262.215027,0,0,0.5,0.5,1,0.150000006,4.94999981,4.80999994,0,0,0,0,1
10.929371,1784371016.531877,358,-3.01314044,-3.24623585,-3.55266571,0.440140694,262.240021,0,0,0.5,0.5,1,0.150000006,4.94999981,4.80999994,0,0,0,0,1
10.961373,1784371016.563879,359,-3.01003218,-3.239748,-3.5532608,0.440091461,262.265015,0,0,0.5,0.5,1,0.150000006,4.94999981,4.80999994,0,0,0,0,1
10.992372,1784371016.594878,360,-3.01836729,-3.24028206,-3.55182266,0.440059453,262.290009,0,0,0.5,0.5,1,0.150000006,4.94999981,4.80999994,0,0,0,0,1
10.992372,1784371016.594878,361,-3.02421808,-3.24095011,-3.55148697,0.440025121,262.315002,0,0,0.5,0.5,1,0.150000006,4.94999981,4.80999994,0,0,0,0,1
11.024333,1784371016.626838,362,-3.02458906,-3.23705959,-3.55120087,0.440016329,262.340027,0,0,0.5,0.5,1,0.150000006,4.94999981,4.80999994,0,0,0,0,1
11.054502,1784371016.657008,363,-3.01866055,-3.24573612,-3.55109406,0.440010607,262.365021,0,0,0.5,0.5,1,0.150000006,4.94999981,4.80999994,0,0,0,0,1
11.085505,1784371016.688010,364,-3.01333046,-3.25486708,-3.55282974,0.440006882,262.390015,0,0,0.5,0.5,1,0.150000006,4.94999981,4.80999994,0,0,0,0,1
11.116492,1784371016.718997,365,-3.01278186,-3.2506299,-3.55364037,0.440004468,262.415009,0,0,0.5,0.5,1,0.150000006,4.94999981,4.80999994,0,0,0,0,1
11.116492,1784371016.718997,366,-3.01162148,-3.25801086,-3.55533028,0.440001905,262.440002,0,0,0.5,0.5,1,0.150000006,4.94999981,4.80999994,0,0,0,0,1
11.147502,1784371016.750008,367,-3.01516676,-3.25054836,-3.55749321,0.443501234,262.465027,0,0,0.5,0.5,1,0.150000006,4.94999981,4.80999994,0,0,0,0,1
11.179500,1784371016.782006,368,-3.01850033,-3.24716187,-3.55735588,0.442275792,262.490021,0,0,0.5,0.5,1,0.150000006,4.94999981,4.80999994,0,0,0,0,1
11.210499,1784371016.813005,369,-3.01788664,-3.24342394,-3.55708313,0.441479266,262.515015,0,0,0.5,0.5,1,0.150000006,4.94999981,4.80999994,0,0,0,0,1
11.240502,1784371016.843008,370,-3.00835514,-3.24527454,-3.55545616,0.444124967,262.540009,0,0,0.5,0.5,1,0.150000006,4.94999981,4.80999994,0,0,0,0,1
11.240502,1784371016.843008,371,-3.00796247,-3.25501537,-3.55425262,0.446181238,262.565002,0,0,0.5,0.5,1,0.150000006,4.94999981,4.80999994,0,0,0,0,1
11.272500,1784371016.875006,372,-3.00801468,-3.24624634,-3.55441856,0.447517812,262.590027,0,0,0.5,0.5,1,0.150000006,4.94999981,4.80999994,0,0,0,0,1
11.303505,1784371016.906011,373,-3.00867677,-3.24182892,-3.55414963,0.44838658,262.615021,0,0,0.5,0.5,1,0.150000006,4.94999981,4.80999994,0,0,0,0,1
11.335576,1784371016.938082,374,-3.00918865,-3.2409358,-3.55594444,0.44931832,262.640015,0,0,0.5,0.5,1,0.150000006,4.94999981,4.80999994,0,0,0,0,1
11.335576,1784371016.938082,375,-3.01192617,-3.23283863,-3.55662346,0.449556917,262.665009,0,0,0.5,0.5,1,0.150000006,4.94999981,4.80999994,0,0,0,0,1
11.366494,1784371016.969000,376,-3.01384044,-3.235744,-3.55677795,0.446211994,262.690002,0,0,0.5,0.5,1,0.150000006,4.94999981,4.80999994,0,0,0,0,1
11.397500,1784371017.000006,377,-3.01310515,-3.2399416,-3.55753517,0.44753778,262.715027,0,0,0.5,0.5,1,0.150000006,4.94999981,4.80999994,0,0,0,0,1
11.429492,1784371017.031997,378,-3.01934004,-3.24313021,-3.55703926,0.448399544,262.740021,0,0,0.5,0.5,1,0.150000006,4.94999981,4.80999994,0,0,0,0,1
11.461499,1784371017.064005,379,-3.02495861,-3.24494886,-3.55744553,0.449323803,262.765015,0,0,0.5,0.5,1,0.150000006,4.94999981,4.80999994,0,0,0,0,1
11.492502,1784371017.095008,380,-3.02875018,-3.23663139,-3.55813789,0.449560463,262.790009,0,0,0.5,0.5,1,0.150000006,4.94999981,4.80999994,0,0,0,0,1
11.492502,1784371017.095008,381,-3.02568865,-3.24087429,-3.55850983,0.449714303,262.815002,0,0,0.5,0.5,1,0.150000006,4.94999981,4.80999994,0,0,0,0,1
11.524492,1784371017.126997,382,-3.0270772,-3.24248791,-3.55963135,0.446314305,262.840027,0,0,0.5,0.5,1,0.150000006,4.94999981,4.80999994,0,0,0,0,1
11.555499,1784371017.158005,383,-3.02191997,-3.23845768,-3.55955887,0.446167767,262.865021,0,0,0.5,0.5,1,0.150000006,4.94999981,4.80999994,0,0,0,0,1
11.585513,1784371017.188019,384,-3.01906705,-3.24311018,-3.55956078,0.44750905,262.890015,0,0,0.5,0.5,1,0.150000006,4.94999981,4.80999994,0,0,0,0,1
11.616493,1784371017.218999,385,-3.02321768,-3.24112988,-3.56002617,0.448380888,262.915009,0,0,0.5,0.5,1,0.150000006,4.94999981,4.80999994,0,0,0,0,1
11.616493,1784371017.218999,386,-3.02894473,-3.24746227,-3.55875969,0.448947579,262.940002,0,0,0.5,0.5,1,0.150000006,4.94999981,4.80999994,0,0,0,0,1
11.648571,1784371017.251077,387,-3.0291276,-3.24694872,-3.55941772,0.449315935,262.965027,0,0,0.5,0.5,1,0.150000006,4.94999981,4.80999994,0,0,0,0,1
11.679104,1784371017.281610,388,-3.01929331,-3.24310684,-3.55987358,0.449710995,262.990021,0,0,0.5,0.5,1,0.150000006,4.94999981,4.80999994,0,0,0,0,1
11.710355,1784371017.312861,389,-3.00981522,-3.24812031,-3.56105804,0.449812144,263.015015,0,0,0.5,0.5,1,0.150000006,4.94999981,4.80999994,0,0,0,0,1
11.741355,1784371017.343861,390,-2.99836755,-3.24846554,-3.56249619,0.449877888,263.040009,0,0,0.5,0.5,1,0.150000006,4.94999981,4.80999994,0,0,0,0,1
11.741355,1784371017.343861,391,-2.99495268,-3.24322081,-3.56238556,0.449920624,263.065002,0,0,0.5,0.5,1,0.150000006,4.94999981,4.80999994,0,0,0,0,1
11.772804,1784371017.375310,392,-3.00786948,-3.24046516,-3.56314468,0.44769147,263.090027,0,0,0.5,0.5,1,0.150000006,4.94999981,4.80999994,0,0,0,0,1
11.803793,1784371017.406299,393,-3.02362442,-3.23270416,-3.56209946,0.448499441,263.115021,0,0,0.5,0.5,1,0.150000006,4.94999981,4.80999994,0,0,0,0,1
11.834342,1784371017.436847,394,-3.03063107,-3.23984098,-3.56077957,0.449024618,263.140015,0,0,0.5,0.5,1,0.150000006,4.94999981,4.80999994,0,0,0,0,1
11.865357,1784371017.467863,395,-3.02733874,-3.23890734,-3.56053925,0.449366003,263.165009,0,0,0.5,0.5,1,0.150000006,4.94999981,4.80999994,0,0,0,0,1
11.865357,1784371017.467863,396,-3.01985669,-3.23484182,-3.56001663,0.449732125,263.190002,0,0,0.5,0.5,1,0.150000006,4.94999981,4.80999994,0,0,0,0,1
11.897235,1784371017.499741,397,-3.00511146,-3.24184561,-3.5608902,0.449825883,263.215027,0,0,0.5,0.5,1,0.150000006,4.94999981,4.80999994,0,0,0,0,1
11.929230,1784371017.531736,398,-2.99460459,-3.24008846,-3.56191635,0.446386814,263.240021,0,0,0.5,0.5,1,0.150000006,4.94999981,4.80999994,0,0,0,0,1
11.961237,1784371017.563743,399,-2.99451518,-3.24786329,-3.56238937,0.444151431,263.265015,0,0,0.5,0.5,1,0.150000006,4.94999981,4.80999994,0,0,0,0,1
11.991974,1784371017.594480,400,-3.00601649,-3.24230576,-3.56349373,0.442698419,263.290009,0,0,0.5,0.5,1,0.150000006,4.94999981,4.80999994,0,0,0,0,1
11.991974,1784371017.594480,401,-3.01951838,-3.23534489,-3.56300926,0.4446401,263.315002,0,0,0.5,0.5,1,0.150000006,4.94999981,4.80999994,0,0,0,0,1
12.023393,1784371017.625899,402,-3.02643442,-3.24230528,-3.56362534,0.443016052,263.340027,0,0,0.5,0.5,1,0.150000006,4.94999981,4.80999994,0,0,0,0,1
12.055123,1784371017.657629,403,-3.02679467,-3.23792267,-3.5642662,0.445460439,263.365021,0,0,0.5,0.5,1,0.150000006,4.94999981,4.80999994,0,0,0,0,1
12.087116,1784371017.689622,404,-3.01899791,-3.23905563,-3.56386185,0.443549275,263.390015,0,0,0.5,0.5,1,0.150000006,4.94999981,4.80999994,0,0,0,0,1
12.118486,1784371017.720992,405,-3.00745773,-3.24077559,-3.56409264,0.444999576,263.415009,0,0,0.5,0.5,1,0.150000006,4.94999981,4.80999994,0,0,0,0,1
12.118486,1784371017.720992,406,-2.99917126,-3.24544954,-3.56370926,0.446749717,263.440002,0,0,0.5,0.5,1,0.150000006,4.94999981,4.80999994,0,0,0,0,1
12.149577,1784371017.752083,407,-3.00367236,-3.24455976,-3.56436729,0.447887301,263.465027,0,0,0.5,0.5,1,0.150000006,4.94999981,4.80999994,0,0,0,0,1
12.181649,1784371017.784155,408,-3.01084423,-3.24297571,-3.56482697,0.448626757,263.490021,0,0,0.5,0.5,1,0.150000006,4.94999981,4.80999994,0,0,0,0,1
12.213522,1784371017.816028,409,-3.02057076,-3.24116087,-3.56522942,0.449419796,263.515015,0,0,0.5,0.5,1,0.150000006,4.94999981,4.80999994,0,0,0,0,1
12.213522,1784371017.816028,410,-3.02246308,-3.23694897,-3.56629562,0.449622869,263.540009,0,0,0.5,0.5,1,0.150000006,4.94999981,4.80999994,0,0,0,0,1
12.244648,1784371017.847154,411,-3.01799965,-3.23014545,-3.5666523,0.449754864,263.565002,0,0,0.5,0.5,1,0.150000006,4.94999981,4.80999994,0,0,0,0,1
12.276442,1784371017.878948,412,-3.00800347,-3.2325902,-3.56668854,0.44634065,263.590027,0,0,0.5,0.5,1,0.150000006,4.94999981,4.80999994,0,0,0,0,1
12.308454,1784371017.910960,413,-2.99807191,-3.24331713,-3.56689072,0.447621405,263.615021,0,0,0.5,0.5,1,0.150000006,4.94999981,4.80999994,0,0,0,0,1
12.340442,1784371017.942948,414,-2.9948597,-3.25625229,-3.56682968,0.443220049,263.640015,0,0,0.5,0.5,1,0.150000006,4.94999981,4.80999994,0,0,0,0,1
12.340442,1784371017.942948,415,-2.99982166,-3.2569952,-3.56820488,0.442093045,263.665009,0,0,0.5,0.5,1,0.150000006,4.94999981,4.80999994,0,0,0,0,1
12.370443,1784371017.972949,416,-3.01055527,-3.24305725,-3.56855583,0.441360474,263.690002,0,0,0.5,0.5,1,0.150000006,4.94999981,4.80999994,0,0,0,0,1
12.401445,1784371018.003951,417,-3.02005839,-3.23519659,-3.56870842,0.440884292,263.715027,0,0,0.5,0.5,1,0.150000006,4.94999981,4.80999994,0,0,0,0,1
12.432089,1784371018.034595,418,-3.02523088,-3.22603846,-3.56919289,0.440373629,263.740021,0,0,0.5,0.5,1,0.150000006,4.94999981,4.80999994,0,0,0,0,1
12.464198,1784371018.066704,419,-3.01869392,-3.22387028,-3.56891823,0.440242857,263.765015,0,0,0.5,0.5,1,0.150000006,4.94999981,4.80999994,0,0,0,0,1
12.494321,1784371018.096827,420,-3.00628448,-3.23510838,-3.56896019,0.443657845,263.790009,0,0,0.5,0.5,1,0.150000006,4.94999981,4.80999994,0,0,0,0,1
12.494321,1784371018.096827,421,-2.9961164,-3.24303484,-3.56957436,0.442377597,263.815002,0,0,0.5,0.5,1,0.150000006,4.94999981,4.80999994,0,0,0,0,1
12.525190,1784371018.127696,422,-2.99052334,-3.25123596,-3.57007408,0.441545427,263.840027,0,0,0.5,0.5,1,0.150000006,4.94999981,4.80999994,0,0,0,0,1
12.555198,1784371018.157704,423,-2.99173617,-3.25313044,-3.57110405,0.444152921,263.865021,0,0,0.5,0.5,1,0.150000006,4.94999981,4.80999994,0,0,0,0,1
12.586215,1784371018.188721,424,-3.00196481,-3.24732447,-3.57178307,0.442699403,263.890015,0,0,0.5,0.5,1,0.150000006,4.94999981,4.80999994,0,0,0,0,1
12.618192,1784371018.220698,425,-3.01605654,-3.23919153,-3.57258224,0.441754609,263.915009,0,0,0.5,0.5,1,0.150000006,4.94999981,4.80999994,0,0,0,0,1
12.618192,1784371018.220698,426,-3.02135348,-3.23561573,-3.57275581,0.444640487,263.940002,0,0,0.5,0.5,1,0.150000006,4.94999981,4.80999994,0,0,0,0,1
12.649190,1784371018.251696,427,-3.02018595,-3.24095774,-3.57262421,0.447735608,263.965027,0,0,0.5,0.5,1,0.150000006,4.94999981,4.80999994,0,0,0,0,1
12.681199,1784371018.283705,428,-3.01492763,-3.24955845,-3.57277298,0.448528141,263.990021,0,0,0.5,0.5,1,0.150000006,4.94999981,4.80999994,0,0,0,0,1
12.712190,1784371018.314696,429,-3.01233435,-3.2507081,-3.57271385,0.449043274,264.015015,0,0,0.5,0.5,1,0.150000006,4.94999981,4.80999994,0,0,0,0,1
12.712190,1784371018.314696,430,-3.00452852,-3.25015783,-3.57298088,0.449378133,264.040009,0,0,0.5,0.5,1,0.150000006,4.94999981,4.80999994,0,0,0,0,1
12.743291,1784371018.345797,431,-3.0072751,-3.24145985,-3.57372284,0.447462261,264.065002,0,0,0.5,0.5,1,0.150000006,4.94999981,4.80999994,0,0,0,0,1
12.774117,1784371018.376623,432,-3.01086545,-3.23280239,-3.57392502,0.448350459,264.090027,0,0,0.5,0.5,1,0.150000006,4.94999981,4.80999994,0,0,0,0,1
12.805161,1784371018.407667,433,-3.01455688,-3.2323513,-3.57377434,0.44892779,264.115021,0,0,0.5,0.5,1,0.150000006,4.94999981,4.80999994,0,0,0,0,1
12.835831,1784371018.438337,434,-3.01016498,-3.24046659,-3.57410622,0.445803076,264.140015,0,0,0.5,0.5,1,0.150000006,4.94999981,4.80999994,0,0,0,0,1
12.866920,1784371018.469426,435,-3.00492859,-3.2568922,-3.57407379,0.443771988,264.165009,0,0,0.5,0.5,1,0.150000006,4.94999981,4.80999994,0,0,0,0,1
12.866920,1784371018.469426,436,-2.99997544,-3.26787233,-3.57522774,0.445093662,264.190002,0,0,0.5,0.5,1,0.150000006,4.94999981,4.80999994,0,0,0,0,1
12.898929,1784371018.501435,437,-2.99386215,-3.26751614,-3.57595825,0.443310887,264.215027,0,0,0.5,0.5,1,0.150000006,4.94999981,4.80999994,0,0,0,0,1
12.929927,1784371018.532433,438,-2.99900579,-3.26198959,-3.57648659,0.442152083,264.240021,0,0,0.5,0.5,1,0.150000006,4.94999981,4.80999994,0,0,0,0,1
12.960926,1784371018.563432,439,-3.01366735,-3.24423742,-3.57715225,0.444898844,264.265015,0,0,0.5,0.5,1,0.150000006,4.94999981,4.80999994,0,0,0,0,1
12.992927,1784371018.595433,440,-3.02305317,-3.22983789,-3.57733345,0.447844744,264.290009,0,0,0.5,0.5,1,0.150000006,4.94999981,4.80999994,0,0,0,0,1
12.992927,1784371018.595433,441,-3.02425766,-3.22916317,-3.57765198,0.44859907,264.315002,0,0,0.5,0.5,1,0.150000006,4.94999981,4.80999994,0,0,0,0,1
13.024932,1784371018.627438,442,-3.02064824,-3.23459721,-3.57774162,0.449089378,264.340027,0,0,0.5,0.5,1,0.150000006,4.94999981,4.80999994,0,0,0,0,1
13.056490,1784371018.658996,443,-3.00716972,-3.24595165,-3.57750702,0.449408084,264.365021,0,0,0.5,0.5,1,0.150000006,4.94999981,4.80999994,0,0,0,0,1
13.088491,1784371018.690997,444,-2.99559093,-3.25088549,-3.57779503,0.44961524,264.390015,0,0,0.5,0.5,1,0.150000006,4.94999981,4.80999994,0,0,0,0,1
13.088491,1784371018.690997,445,-2.99125409,-3.24771023,-3.57835579,0.449837416,264.415009,0,0,0.5,0.5,1,0.150000006,4.94999981,4.80999994,0,0,0,0,1
13.119484,1784371018.721990,446,-3.00073791,-3.2361393,-3.57911873,0.449894309,264.440002,0,0,0.5,0.5,1,0.150000006,4.94999981,4.80999994,0,0,0,0,1
13.151485,1784371018.753991,447,-3.01367021,-3.22269392,-3.58028221,0.449931294,264.465027,0,0,0.5,0.5,1,0.150000006,4.94999981,4.80999994,0,0,0,0,1
13.181491,1784371018.783997,448,-3.02486229,-3.21925879,-3.58095169,0.449955344,264.490021,0,0,0.5,0.5,1,0.150000006,4.94999981,4.80999994,0,0,0,0,1
13.212490,1784371018.814996,449,-3.03006601,-3.22324038,-3.58188248,0.447706133,264.515015,0,0,0.5,0.5,1,0.150000006,4.94999981,4.80999994,0,0,0,0,1
13.212490,1784371018.814996,450,-3.02324009,-3.23698997,-3.58195114,0.448508978,264.540009,0,0,0.5,0.5,1,0.150000006,4.94999981,4.80999994,0,0,0,0,1
13.243145,1784371018.845651,451,-3.011132,-3.2445507,-3.5821209,0.449030817,264.565002,0,0,0.5,0.5,1,0.150000006,4.94999981,4.80999994,0,0,0,0,1
13.275254,1784371018.877759,452,-3.00125122,-3.24345732,-3.58166885,0.445870042,264.590027,0,0,0.5,0.5,1,0.150000006,4.94999981,4.80999994,0,0,0,0,1
13.306217,1784371018.908723,453,-2.99837255,-3.24120283,-3.58170319,0.445980102,264.615021,0,0,0.5,0.5,1,0.150000006,4.94999981,4.80999994,0,0,0,0,1
13.338023,1784371018.940529,454,-3.00202537,-3.23055744,-3.58244705,0.447387069,264.640015,0,0,0.5,0.5,1,0.150000006,4.94999981,4.80999994,0,0,0,0,1
13.370034,1784371018.972539,455,-3.01078439,-3.22521973,-3.58311272,0.448301584,264.665009,0,0,0.5,0.5,1,0.150000006,4.94999981,4.80999994,0,0,0,0,1
13.370034,1784371018.972539,456,-3.01868773,-3.2248106,-3.58436012,0.448896021,264.690002,0,0,0.5,0.5,1,0.150000006,4.94999981,4.80999994,0,0,0,0,1
13.401018,1784371019.003524,457,-3.02245092,-3.23491383,-3.58534431,0.449282408,264.715027,0,0,0.5,0.5,1,0.150000006,4.94999981,4.80999994,0,0,0,0,1
13.432024,1784371019.034530,458,-3.01727629,-3.24974442,-3.58592224,0.449696809,264.740021,0,0,0.5,0.5,1,0.150000006,4.94999981,4.80999994,0,0,0,0,1
13.463024,1784371019.065530,459,-3.01277781,-3.26489305,-3.58621597,0.449802935,264.765015,0,0,0.5,0.5,1,0.150000006,4.94999981,4.80999994,0,0,0,0,1
13.495027,1784371019.097533,460,-3.00919986,-3.26690102,-3.5869236,0.449871898,264.790009,0,0,0.5,0.5,1,0.150000006,4.94999981,4.80999994,0,0,0,0,1
13.495027,1784371019.097533,461,-3.00976777,-3.26225996,-3.58691406,0.44991672,264.815002,0,0,0.5,0.5,1,0.150000006,4.94999981,4.80999994,0,0,0,0,1
13.527025,1784371019.129531,462,-3.01185346,-3.25383234,-3.58712959,0.449964821,264.840027,0,0,0.5,0.5,1,0.150000006,4.94999981,4.80999994,0,0,0,0,1
13.558798,1784371019.161304,463,-3.01696968,-3.24760485,-3.58748436,0.44997713,264.865021,0,0,0.5,0.5,1,0.150000006,4.94999981,4.80999994,0,0,0,0,1
13.590801,1784371019.193307,464,-3.02044034,-3.24789667,-3.5878849,0.449985117,264.890015,0,0,0.5,0.5,1,0.150000006,4.94999981,4.80999994,0,0,0,0,1
13.590801,1784371019.193307,465,-3.02011538,-3.25465059,-3.58843231,0.449990332,264.915009,0,0,0.5,0.5,1,0.150000006,4.94999981,4.80999994,0,0,0,0,1
13.622798,1784371019.225304,466,-3.0188632,-3.26044893,-3.58885384,0.449995905,264.940002,0,0,0.5,0.5,1,0.150000006,4.94999981,4.80999994,0,0,0,0,1
13.654801,1784371019.257307,467,-3.01123619,-3.26349688,-3.58895874,0.449997336,264.965027,0,0,0.5,0.5,1,0.150000006,4.94999981,4.80999994,0,0,0,0,1
13.700801,1784371019.303307,468,-3.0013876,-3.26085234,-3.58926392,0.44999826,264.990021,0,0,0.5,0.5,1,0.150000006,4.94999981,4.80999994,0,0,0,0,1
13.700801,1784371019.303307,469,-2.9950707,-3.25267649,-3.58909225,0.449998856,265.015015,0,0,0.5,0.5,1,0.150000006,4.94999981,4.80999994,0,0,0,0,1
13.732800,1784371019.335305,470,-2.99906397,-3.24794579,-3.58890343,0.449999243,265.040009,0,0,0.5,0.5,1,0.150000006,4.94999981,4.80999994,0,0,0,0,1
13.763798,1784371019.366304,471,-3.01256776,-3.24848652,-3.58917618,0.44999969,265.065002,0,0,0.5,0.5,1,0.150000006,4.94999981,4.80999994,0,0,0,0,1
13.763798,1784371019.366304,472,-3.02668381,-3.24486589,-3.59055901,0.449999809,265.090027,0,0,0.5,0.5,1,0.150000006,4.94999981,4.80999994,0,0,0,0,1
13.794798,1784371019.397304,473,-3.03153563,-3.24655628,-3.5916748,0.446499884,265.115021,0,0,0.5,0.5,1,0.150000006,4.94999981,4.80999994,0,0,0,0,1
13.826817,1784371019.429323,474,-3.02320361,-3.25034285,-3.59241295,0.447724909,265.140015,0,0,0.5,0.5,1,0.150000006,4.94999981,4.80999994,0,0,0,0,1
13.858428,1784371019.460934,475,-3.01267862,-3.25673246,-3.59295464,0.449038774,265.165009,0,0,0.5,0.5,1,0.150000006,4.94999981,4.80999994,0,0,0,0,1
13.890431,1784371019.492937,476,-3.00328588,-3.25222445,-3.59248924,0.449375212,265.190002,0,0,0.5,0.5,1,0.150000006,4.94999981,4.80999994,0,0,0,0,1
13.890431,1784371019.492937,477,-3.00483346,-3.24864817,-3.59218407,0.449593872,265.215027,0,0,0.5,0.5,1,0.150000006,4.94999981,4.80999994,0,0,0,0,1
13.921976,1784371019.524482,478,-3.01130557,-3.24435186,-3.59257698,0.449735999,265.240021,0,0,0.5,0.5,1,0.150000006,4.94999981,4.80999994,0,0,0,0,1
13.953969,1784371019.556475,479,-3.0160172,-3.24106884,-3.59296036,0.449828386,265.265015,0,0,0.5,0.5,1,0.150000006,4.94999981,4.80999994,0,0,0,0,1
13.985542,1784371019.588048,480,-3.01886129,-3.24215698,-3.59409332,0.449927479,265.290009,0,0,0.5,0.5,1,0.150000006,4.94999981,4.80999994,0,0,0,0,1
14.017351,1784371019.619857,481,-3.01569247,-3.2404809,-3.59513283,0.449952871,265.315002,0,0,0.5,0.5,1,0.150000006,4.94999981,4.80999994,0,0,0,0,1
14.017351,1784371019.619857,482,-3.00844002,-3.23947048,-3.59584999,0.449969351,265.340027,0,0,0.5,0.5,1,0.150000006,4.94999981,4.80999994,0,0,0,0,1
14.049392,1784371019.651898,483,-3.00768971,-3.23724508,-3.59605598,0.44998008,265.365021,0,0,0.5,0.5,1,0.150000006,4.94999981,4.80999994,0,0,0,0,1
14.080601,1784371019.683106,484,-3.01016593,-3.2349205,-3.5962429,0.449991584,265.390015,0,0,0.5,0.5,1,0.150000006,4.94999981,4.80999994,0,0,0,0,1
14.112307,1784371019.714813,485,-3.01302981,-3.22947741,-3.59583664,0.44649452,265.415009,0,0,0.5,0.5,1,0.150000006,4.94999981,4.80999994,0,0,0,0,1
14.142484,1784371019.744990,486,-3.01415586,-3.23448229,-3.59548569,0.447721422,265.440002,0,0,0.5,0.5,1,0.150000006,4.94999981,4.80999994,0,0,0,0,1
14.142484,1784371019.744990,487,-3.01610851,-3.24187613,-3.59590721,0.448518932,265.465027,0,0,0.5,0.5,1,0.150000006,4.94999981,4.80999994,0,0,0,0,1
14.174294,1784371019.776800,488,-3.01881027,-3.24588728,-3.59646034,0.443599254,265.490021,0,0,0.5,0.5,1,0.150000006,4.94999981,4.80999994,0,0,0,0,1
15.151355,1784371020.753861,489,-3.01742768,-3.21784258,-3.60390091,0.445839524,266.006012,0,0,0.5,0.5,1,0.150000006,4.94999981,4.80999994,0,0,0,0,1
15.182363,1784371020.784869,490,-3.00701189,-3.25437164,-3.61110497,0.443795681,266.476013,0,0,0.5,0.5,1,0.150000006,4.94999981,4.80999994,0,0,0,0,1
15.182363,1784371020.784869,491,-3.00362158,-3.25011444,-3.61165619,0.442467183,266.501007,0,0,0.5,0.5,1,0.150000006,4.94999981,4.80999994,0,0,0,0,1
15.213354,1784371020.815860,492,-3.00571871,-3.2474618,-3.61159325,0.445103675,266.526001,0,0,0.5,0.5,1,0.150000006,4.94999981,4.80999994,0,0,0,0,1
15.244361,1784371020.846867,493,-3.01166344,-3.23882008,-3.61236954,0.444431305,266.551025,0,0,0.5,0.5,1,0.150000006,4.94999981,4.80999994,0,0,0,0,1
15.275362,1784371020.877868,494,-3.01405263,-3.23521614,-3.61280441,0.442880332,266.576019,0,0,0.5,0.5,1,0.150000006,4.94999981,4.80999994,0,0,0,0,1
15.275362,1784371020.877868,495,-3.01573277,-3.23409843,-3.61297989,0.441872209,266.601013,0,0,0.5,0.5,1,0.150000006,4.94999981,4.80999994,0,0,0,0,1
15.307364,1784371020.909870,496,-3.01527119,-3.23580551,-3.61300468,0.44471693,266.626007,0,0,0.5,0.5,1,0.150000006,4.94999981,4.80999994,0,0,0,0,1
15.339364,1784371020.941870,497,-3.01225233,-3.2369194,-3.61365891,0.447767884,266.651001,0,0,0.5,0.5,1,0.150000006,4.94999981,4.80999994,0,0,0,0,1
15.371366,1784371020.973872,498,-3.00889063,-3.2333107,-3.61454964,0.448549122,266.676025,0,0,0.5,0.5,1,0.150000006,4.94999981,4.80999994,0,0,0,0,1
15.402354,1784371021.004860,499,-3.00811434,-3.23343277,-3.61552238,0.449056923,266.701019,0,0,0.5,0.5,1,0.150000006,4.94999981,4.80999994,0,0,0,0,1
15.402354,1784371021.004860,500,-3.00636148,-3.23490906,-3.61621666,0.449386984,266.726013,0,0,0.5,0.5,1,0.150000006,4.94999981,4.80999994,0,0,0,0,1
15.433563,1784371021.036069,501,-3.00505853,-3.23935509,-3.61654663,0.449601531,266.751007,0,0,0.5,0.5,1,0.150000006,4.94999981,4.80999994,0,0,0,0,1
15.465361,1784371021.067867,502,-3.006953,-3.2412796,-3.61664009,0.449831665,266.776001,0,0,0.5,0.5,1,0.150000006,4.94999981,4.80999994,0,0,0,0,1
15.497361,1784371021.099867,503,-3.00976825,-3.23920727,-3.61668205,0.449890584,266.801025,0,0,0.5,0.5,1,0.150000006,4.94999981,4.80999994,0,0,0,0,1
15.528485,1784371021.130991,504,-3.01213241,-3.23299074,-3.61641693,0.44992888,266.826019,0,0,0.5,0.5,1,0.150000006,4.94999981,4.80999994,0,0,0,0,1
15.528485,1784371021.130991,505,-3.01373959,-3.23303366,-3.61623192,0.449953765,266.851013,0,0,0.5,0.5,1,0.150000006,4.94999981,4.80999994,0,0,0,0,1
15.560557,1784371021.163063,506,-3.01436758,-3.232831,-3.61647606,0.449980468,266.876007,0,0,0.5,0.5,1,0.150000006,4.94999981,4.80999994,0,0,0,0,1
15.592487,1784371021.194993,507,-3.01231885,-3.23448133,-3.6167202,0.449987292,266.901001,0,0,0.5,0.5,1,0.150000006,4.94999981,4.80999994,0,0,0,0,1
15.624354,1784371021.226860,508,-3.01292086,-3.23412323,-3.61702538,0.449991733,266.926025,0,0,0.5,0.5,1,0.150000006,4.94999981,4.80999994,0,0,0,0,1
15.655481,1784371021.257987,509,-3.01350164,-3.2328639,-3.61799049,0.449994624,266.951019,0,0,0.5,0.5,1,0.150000006,4.94999981,4.80999994,0,0,0,0,1
15.655481,1784371021.257987,510,-3.01815367,-3.23247099,-3.61847687,0.449997723,266.976013,0,0,0.5,0.5,1,0.150000006,4.94999981,4.80999994,0,0,0,0,1
15.687483,1784371021.289989,511,-3.02270436,-3.2335062,-3.61921692,0.449998528,267.001007,0,0,0.5,0.5,1,0.150000006,4.94999981,4.80999994,0,0,0,0,1
15.718354,1784371021.320860,512,-3.02219796,-3.22245121,-3.61962128,0.44649905,267.026001,0,0,0.5,0.5,1,0.150000006,4.94999981,4.80999994,0,0,0,0,1
15.749545,1784371021.352051,513,-3.02236342,-3.22163773,-3.61979675,0.447724372,267.051025,0,0,0.5,0.5,1,0.150000006,4.94999981,4.80999994,0,0,0,0,1
15.781362,1784371021.383868,514,-3.02516413,-3.21985292,-3.61975861,0.445020854,267.076019,0,0,0.5,0.5,1,0.150000006,4.94999981,4.80999994,0,0,0,0,1
15.781362,1784371021.383868,515,-3.01911068,-3.2213645,-3.61972809,0.447896302,267.101013,0,0,0.5,0.5,1,0.150000006,4.94999981,4.80999994,0,0,0,0,1
15.812353,1784371021.414859,516,-3.00580025,-3.23484373,-3.61929512,0.445132583,267.126007,0,0,0.5,0.5,1,0.150000006,4.94999981,4.80999994,0,0,0,0,1
15.843575,1784371021.446081,517,-3.00537157,-3.24287271,-3.6193924,0.443336189,267.151001,0,0,0.5,0.5,1,0.150000006,4.94999981,4.80999994,0,0,0,0,1
15.874357,1784371021.476863,518,-3.00402641,-3.24976635,-3.61885452,0.442168534,267.176025,0,0,0.5,0.5,1,0.150000006,4.94999981,4.80999994,0,0,0,0,1
15.905478,1784371021.507984,519,-3.01595163,-3.24552727,-3.61993408,0.44091621,267.201019,0,0,0.5,0.5,1,0.150000006,4.94999981,4.80999994,0,0,0,0,1
15.905478,1784371021.507984,520,-3.02519679,-3.23252153,-3.62057495,0.440595537,267.226013,0,0,0.5,0.5,1,0.150000006,4.94999981,4.80999994,0,0,0,0,1
15.937348,1784371021.539854,521,-3.02889419,-3.22923517,-3.62081718,0.4403871,267.251007,0,0,0.5,0.5,1,0.150000006,4.94999981,4.80999994,0,0,0,0,1
15.968349,1784371021.570855,522,-3.02093315,-3.2259593,-3.62193871,0.440251619,267.276001,0,0,0.5,0.5,1,0.150000006,4.94999981,4.80999994,0,0,0,0,1
15.998503,1784371021.601009,523,-3.0075686,-3.22711086,-3.62221146,0.440163553,267.301025,0,0,0.5,0.5,1,0.150000006,4.94999981,4.80999994,0,0,0,0,1
16.029648,1784371021.632154,524,-3.00166273,-3.24102402,-3.62290192,0.440069109,267.326019,0,0,0.5,0.5,1,0.150000006,4.94999981,4.80999994,0,0,0,0,1
16.029648,1784371021.632154,525,-2.9978478,-3.24814034,-3.62293243,0.44004491,267.351013,0,0,0.5,0.5,1,0.150000006,4.94999981,4.80999994,0,0,0,0,1
16.061345,1784371021.663851,526,-3.00387383,-3.25039721,-3.6231041,0.440029204,267.376007,0,0,0.5,0.5,1,0.150000006,4.94999981,4.80999994,0,0,0,0,1
16.091436,1784371021.693942,527,-3.01399302,-3.244946,-3.62438583,0.440018982,267.401001,0,0,0.5,0.5,1,0.150000006,4.94999981,4.80999994,0,0,0,0,1
16.123443,1784371021.725949,528,-3.02367711,-3.23060703,-3.62429619,0.440008014,267.426025,0,0,0.5,0.5,1,0.150000006,4.94999981,4.80999994,0,0,0,0,1
16.155444,1784371021.757950,529,-3.02262449,-3.22203779,-3.62452507,0.443505198,267.451019,0,0,0.5,0.5,1,0.150000006,4.94999981,4.80999994,0,0,0,0,1
16.155444,1784371021.757950,530,-3.01725626,-3.22187281,-3.62439156,0.44577837,267.476013,0,0,0.5,0.5,1,0.150000006,4.94999981,4.80999994,0,0,0,0,1
16.186450,1784371021.788956,531,-3.01516628,-3.23309183,-3.62436104,0.443755925,267.501007,0,0,0.5,0.5,1,0.150000006,4.94999981,4.80999994,0,0,0,0,1
16.217436,1784371021.819942,532,-3.00568676,-3.25112009,-3.62457657,0.447361887,267.526001,0,0,0.5,0.5,1,0.150000006,4.94999981,4.80999994,0,0,0,0,1
16.248443,1784371021.850949,533,-3.00322461,-3.26093864,-3.62514305,0.444785237,267.551025,0,0,0.5,0.5,1,0.150000006,4.94999981,4.80999994,0,0,0,0,1
16.280446,1784371021.882952,534,-3.00733447,-3.26301336,-3.62612343,0.446610391,267.576019,0,0,0.5,0.5,1,0.150000006,4.94999981,4.80999994,0,0,0,0,1
16.280446,1784371021.882952,535,-3.01313782,-3.25188446,-3.62681389,0.447796762,267.601013,0,0,0.5,0.5,1,0.150000006,4.94999981,4.80999994,0,0,0,0,1
16.312436,1784371021.914942,536,-3.01786637,-3.23575783,-3.6278553,0.448567897,267.626007,0,0,0.5,0.5,1,0.150000006,4.94999981,4.80999994,0,0,0,0,1
16.343567,1784371021.946073,537,-3.01904416,-3.22251463,-3.62848663,0.449394941,267.651001,0,0,0.5,0.5,1,0.150000006,4.94999981,4.80999994,0,0,0,0,1
16.375567,1784371021.978073,538,-3.01959014,-3.22611237,-3.62872887,0.449606717,267.676025,0,0,0.5,0.5,1,0.150000006,4.94999981,4.80999994,0,0,0,0,1
16.406438,1784371022.008944,539,-3.0180521,-3.23688841,-3.62859917,0.446244359,267.701019,0,0,0.5,0.5,1,0.150000006,4.94999981,4.80999994,0,0,0,0,1
16.406438,1784371022.008944,540,-3.01442623,-3.24873352,-3.62865448,0.44755882,267.726013,0,0,0.5,0.5,1,0.150000006,4.94999981,4.80999994,0,0,0,0,1
16.437568,1784371022.040074,541,-3.01576662,-3.25271225,-3.62869072,0.443193614,267.751007,0,0,0.5,0.5,1,0.150000006,4.94999981,4.80999994,0,0,0,0,1
16.469437,1784371022.071943,542,-3.02067709,-3.24743605,-3.62913704,0.442075849,267.776001,0,0,0.5,0.5,1,0.150000006,4.94999981,4.80999994,0,0,0,0,1
16.500437,1784371022.102943,543,-3.02241993,-3.23353529,-3.63001442,0.441349298,267.801025,0,0,0.5,0.5,1,0.150000006,4.94999981,4.80999994,0,0,0,0,1
16.531643,1784371022.134149,544,-3.02027607,-3.22517729,-3.63083458,0.44087705,267.826019,0,0,0.5,0.5,1,0.150000006,4.94999981,4.80999994,0,0,0,0,1
16.531643,1784371022.134149,545,-3.0186224,-3.22409725,-3.63205528,0.44037056,267.851013,0,0,0.5,0.5,1,0.150000006,4.94999981,4.80999994,0,0,0,0,1
16.563444,1784371022.165950,546,-3.01537037,-3.23694277,-3.63215256,0.44024086,267.876007,0,0,0.5,0.5,1,0.150000006,4.94999981,4.80999994,0,0,0,0,1
16.595437,1784371022.197943,547,-3.01024008,-3.25105619,-3.63256264,0.440156549,267.901001,0,0,0.5,0.5,1,0.150000006,4.94999981,4.80999994,0,0,0,0,1
16.626446,1784371022.228952,548,-3.00680208,-3.26034594,-3.63270378,0.440101743,267.926025,0,0,0.5,0.5,1,0.150000006,4.94999981,4.80999994,0,0,0,0,1
16.626446,1784371022.228952,549,-3.01173711,-3.26027679,-3.6329689,0.440066129,267.951019,0,0,0.5,0.5,1,0.150000006,4.94999981,4.80999994,0,0,0,0,1
16.657969,1784371022.260475,550,-3.0171833,-3.25256205,-3.63383102,0.440027922,267.976013,0,0,0.5,0.5,1,0.150000006,4.94999981,4.80999994,0,0,0,0,1
16.688972,1784371022.291478,551,-3.01827955,-3.23950148,-3.63393974,0.440018147,268.001007,0,0,0.5,0.5,1,0.150000006,4.94999981,4.80999994,0,0,0,0,1
16.720681,1784371022.323187,552,-3.0144639,-3.23283768,-3.63407707,0.440011799,268.026001,0,0,0.5,0.5,1,0.150000006,4.94999981,4.80999994,0,0,0,0,1
16.751812,1784371022.354318,553,-3.01317596,-3.23192024,-3.63404083,0.440007657,268.051025,0,0,0.5,0.5,1,0.150000006,4.94999981,4.80999994,0,0,0,0,1
16.751812,1784371022.354318,554,-3.00899482,-3.24326563,-3.63404274,0.440003246,268.076019,0,0,0.5,0.5,1,0.150000006,4.94999981,4.80999994,0,0,0,0,1
16.782808,1784371022.385314,555,-3.0072,-3.25868845,-3.63489342,0.440002114,268.101013,0,0,0.5,0.5,1,0.150000006,4.94999981,4.80999994,0,0,0,0,1
16.813943,1784371022.416449,556,-3.01136851,-3.26243544,-3.63544464,0.440001369,268.126007,0,0,0.5,0.5,1,0.150000006,4.94999981,4.80999994,0,0,0,0,1
16.845326,1784371022.447832,557,-3.01657224,-3.25624084,-3.6359024,0.440000892,268.151001,0,0,0.5,0.5,1,0.150000006,4.94999981,4.80999994,0,0,0,0,1
16.876646,1784371022.479152,558,-3.01899052,-3.24387503,-3.63613319,0.440000594,268.176025,0,0,0.5,0.5,1,0.150000006,4.94999981,4.80999994,0,0,0,0,1
16.876646,1784371022.479152,559,-3.02042794,-3.23852301,-3.63677216,0.440000236,268.201019,0,0,0.5,0.5,1,0.150000006,4.94999981,4.80999994,0,0,0,0,1
16.908648,1784371022.511154,560,-3.02042675,-3.23831511,-3.63711739,0.440000147,268.226013,0,0,0.5,0.5,1,0.150000006,4.94999981,4.80999994,0,0,0,0,1
16.940650,1784371022.543155,561,-3.01664424,-3.25178862,-3.63767815,0.440000087,268.251007,0,0,0.5,0.5,1,0.150000006,4.94999981,4.80999994,0,0,0,0,1
16.971652,1784371022.574158,562,-3.01621127,-3.26023102,-3.63737488,0.440000057,268.276001,0,0,0.5,0.5,1,0.150000006,4.94999981,4.80999994,0,0,0,0,1
17.002652,1784371022.605158,563,-3.01773214,-3.26943016,-3.63780594,0.440000027,268.301025,0,0,0.5,0.5,1,0.150000006,4.94999981,4.80999994,0,0,0,0,1
17.002652,1784371022.605158,564,-3.01754832,-3.26573515,-3.63811684,0.440000027,268.326019,0,0,0.5,0.5,1,0.150000006,4.94999981,4.80999994,0,0,0,0,1
17.034695,1784371022.637201,565,-3.01605415,-3.25920391,-3.63852692,0.443500012,268.351013,0,0,0.5,0.5,1,0.150000006,4.94999981,4.80999994,0,0,0,0,1
17.065703,1784371022.668209,566,-3.01402354,-3.25229311,-3.63876915,0.442275017,268.376007,0,0,0.5,0.5,1,0.150000006,4.94999981,4.80999994,0,0,0,0,1
17.096885,1784371022.699391,567,-3.01624322,-3.25035381,-3.63850594,0.440961182,268.401001,0,0,0.5,0.5,1,0.150000006,4.94999981,4.80999994,0,0,0,0,1
17.128410,1784371022.730916,568,-3.01485896,-3.25765944,-3.63862801,0.440624774,268.426025,0,0,0.5,0.5,1,0.150000006,4.94999981,4.80999994,0,0,0,0,1
17.128410,1784371022.730916,569,-3.0154109,-3.27019978,-3.63879013,0.440406114,268.451019,0,0,0.5,0.5,1,0.150000006,4.94999981,4.80999994,0,0,0,0,1
17.158622,1784371022.761128,570,-3.01751089,-3.27621651,-3.63943481,0.440263987,268.476013,0,0,0.5,0.5,1,0.150000006,4.94999981,4.80999994,0,0,0,0,1
17.190492,1784371022.792998,571,-3.0186348,-3.28072834,-3.63971329,0.440171599,268.501007,0,0,0.5,0.5,1,0.150000006,4.94999981,4.80999994,0,0,0,0,1
17.221798,1784371022.824304,572,-3.01494908,-3.27658367,-3.63986778,0.440072507,268.526001,0,0,0.5,0.5,1,0.150000006,4.94999981,4.80999994,0,0,0,0,1
17.252011,1784371022.854517,573,-3.01389408,-3.26508236,-3.64057159,0.440047115,268.551025,0,0,0.5,0.5,1,0.150000006,4.94999981,4.80999994,0,0,0,0,1
17.252011,1784371022.854517,574,-3.01288152,-3.25999308,-3.64146996,0.440030634,268.576019,0,0,0.5,0.5,1,0.150000006,4.94999981,4.80999994,0,0,0,0,1
17.283144,1784371022.885650,575,-3.01101422,-3.25788641,-3.64138222,0.440019906,268.601013,0,0,0.5,0.5,1,0.150000006,4.94999981,4.80999994,0,0,0,0,1
17.315224,1784371022.917730,576,-3.01223016,-3.26031351,-3.64219666,0.442283422,268.626007,0,0,0.5,0.5,1,0.150000006,4.94999981,4.80999994,0,0,0,0,1
17.346699,1784371022.949204,577,-3.01464844,-3.26362324,-3.6425724,0.444984227,268.651001,0,0,0.5,0.5,1,0.150000006,4.94999981,4.80999994,0,0,0,0,1
17.378233,1784371022.980739,578,-3.01715636,-3.26461983,-3.64294815,0.446739733,268.676025,0,0,0.5,0.5,1,0.150000006,4.94999981,4.80999994,0,0,0,0,1
17.378233,1784371022.980739,579,-3.01523232,-3.2574873,-3.6437645,0.447880834,268.701019,0,0,0.5,0.5,1,0.150000006,4.94999981,4.80999994,0,0,0,0,1
17.409456,1784371023.011962,580,-3.01642179,-3.24802065,-3.64409256,0.448622525,268.726013,0,0,0.5,0.5,1,0.150000006,4.94999981,4.80999994,0,0,0,0,1
17.439986,1784371023.042491,581,-3.01778507,-3.24108648,-3.64453888,0.449418008,268.751007,0,0,0.5,0.5,1,0.150000006,4.94999981,4.80999994,0,0,0,0,1
17.471525,1784371023.074031,582,-3.01946688,-3.23680115,-3.64434624,0.449621707,268.776001,0,0,0.5,0.5,1,0.150000006,4.94999981,4.80999994,0,0,0,0,1
17.502398,1784371023.104904,583,-3.01663065,-3.24163294,-3.64447784,0.449754119,268.801025,0,0,0.5,0.5,1,0.150000006,4.94999981,4.80999994,0,0,0,0,1
17.502398,1784371023.104904,584,-3.01809716,-3.25028706,-3.64501572,0.449840188,268.826019,0,0,0.5,0.5,1,0.150000006,4.94999981,4.80999994,0,0,0,0,1
17.533407,1784371023.135913,585,-3.01626492,-3.25444078,-3.64559746,0.444157481,268.851013,0,0,0.5,0.5,1,0.150000006,4.94999981,4.80999994,0,0,0,0,1
17.564409,1784371023.166915,586,-3.00992608,-3.25498629,-3.64578247,0.442702353,268.876007,0,0,0.5,0.5,1,0.150000006,4.94999981,4.80999994,0,0,0,0,1
17.595399,1784371023.197905,587,-3.00864553,-3.2524991,-3.64593887,0.441756517,268.901001,0,0,0.5,0.5,1,0.150000006,4.94999981,4.80999994,0,0,0,0,1
17.626406,1784371023.228912,588,-3.01208067,-3.24799633,-3.64616394,0.441141725,268.926025,0,0,0.5,0.5,1,0.150000006,4.94999981,4.80999994,0,0,0,0,1
17.626406,1784371023.228912,589,-3.01958108,-3.24078465,-3.64620399,0.440482378,268.951019,0,0,0.5,0.5,1,0.150000006,4.94999981,4.80999994,0,0,0,0,1
17.658411,1784371023.260917,590,-3.02131367,-3.23971653,-3.64639091,0.440313548,268.976013,0,0,0.5,0.5,1,0.150000006,4.94999981,4.80999994,0,0,0,0,1
17.689291,1784371023.291797,591,-3.02283144,-3.24141836,-3.64782715,0.440203816,269.001007,0,0,0.5,0.5,1,0.150000006,4.94999981,4.80999994,0,0,0,0,1
17.721280,1784371023.323786,592,-3.01982236,-3.24359274,-3.64890099,0.440132469,269.026001,0,0,0.5,0.5,1,0.150000006,4.94999981,4.80999994,0,0,0,0,1
17.752100,1784371023.354606,593,-3.01071167,-3.24670124,-3.64935684,0.440086097,269.051025,0,0,0.5,0.5,1,0.150000006,4.94999981,4.80999994,0,0,0,0,1
17.752100,1784371023.354606,594,-3.00107312,-3.25007296,-3.65000153,0.440036386,269.076019,0,0,0.5,0.5,1,0.150000006,4.94999981,4.80999994,0,0,0,0,1
17.784099,1784371023.386605,595,-2.99933481,-3.24641228,-3.64962387,0.440023661,269.101013,0,0,0.5,0.5,1,0.150000006,4.94999981,4.80999994,0,0,0,0,1
17.816098,1784371023.418604,596,-3.00282955,-3.24333048,-3.64901352,0.440015376,269.126007,0,0,0.5,0.5,1,0.150000006,4.94999981,4.80999994,0,0,0,0,1
17.847017,1784371023.449523,597,-3.00347972,-3.2421546,-3.64872932,0.440009981,269.151001,0,0,0.5,0.5,1,0.150000006,4.94999981,4.80999994,0,0,0,0,1
17.879016,1784371023.481522,598,-3.01107264,-3.24871254,-3.6493454,0.44000423,269.176025,0,0,0.5,0.5,1,0.150000006,4.94999981,4.80999994,0,0,0,0,1
17.879016,1784371023.481522,599,-3.01871991,-3.25237322,-3.65013123,0.440002739,269.201019,0,0,0.5,0.5,1,0.150000006,4.94999981,4.80999994,0,0,0,0,1
17.910015,1784371023.512521,600,-3.01783586,-3.25958729,-3.6508522,0.44350177,269.226013,0,0,0.5,0.5,1,0.150000006,4.94999981,4.80999994,0,0,0,0,1
17.942006,1784371023.544512,601,-3.01318598,-3.2659235,-3.65169907,0.44227615,269.251007,0,0,0.5,0.5,1,0.150000006,4.94999981,4.80999994,0,0,0,0,1
17.973567,1784371023.576073,602,-3.00952435,-3.2649951,-3.65177917,0.440961689,269.276001,0,0,0.5,0.5,1,0.150000006,4.94999981,4.80999994,0,0,0,0,1
18.004571,1784371023.607077,603,-3.00718474,-3.26197338,-3.65190887,0.440625101,269.301025,0,0,0.5,0.5,1,0.150000006,4.94999981,4.80999994,0,0,0,0,1
18.004571,1784371023.607077,604,-3.0043869,-3.26228476,-3.65210724,0.440406322,269.326019,0,0,0.5,0.5,1,0.150000006,4.94999981,4.80999994,0,0,0,0,1
18.036143,1784371023.638649,605,-3.00763202,-3.26191568,-3.65228081,0.440264106,269.351013,0,0,0.5,0.5,1,0.150000006,4.94999981,4.80999994,0,0,0,0,1
18.068143,1784371023.670649,606,-3.01477313,-3.26146603,-3.65225601,0.440171659,269.376007,0,0,0.5,0.5,1,0.150000006,4.94999981,4.80999994,0,0,0,0,1
18.099150,1784371023.701656,607,-3.01909208,-3.25857496,-3.652668,0.440072536,269.401001,0,0,0.5,0.5,1,0.150000006,4.94999981,4.80999994,0,0,0,0,1
18.130778,1784371023.733284,608,-3.01853323,-3.25591135,-3.65334511,0.440047145,269.426025,0,0,0.5,0.5,1,0.150000006,4.94999981,4.80999994,0,0,0,0,1
18.130778,1784371023.733284,609,-3.0161593,-3.25756598,-3.65385056,0.443530649,269.451019,0,0,0.5,0.5,1,0.150000006,4.94999981,4.80999994,0,0,0,0,1
18.162107,1784371023.764613,610,-3.01653624,-3.25851059,-3.65410233,0.44579491,269.476013,0,0,0.5,0.5,1,0.150000006,4.94999981,4.80999994,0,0,0,0,1
18.193115,1784371023.795621,611,-3.01519203,-3.25985527,-3.6541214,0.448223352,269.501007,0,0,0.5,0.5,1,0.150000006,4.94999981,4.80999994,0,0,0,0,1
18.224442,1784371023.826948,612,-3.01620388,-3.26302862,-3.65404701,0.448845178,269.526001,0,0,0.5,0.5,1,0.150000006,4.94999981,4.80999994,0,0,0,0,1
18.255450,1784371023.857956,613,-3.01793003,-3.2612195,-3.65403175,0.449249357,269.551025,0,0,0.5,0.5,1,0.150000006,4.94999981,4.80999994,0,0,0,0,1
18.255450,1784371023.857956,614,-3.01811218,-3.25841331,-3.65446854,0.449512064,269.576019,0,0,0.5,0.5,1,0.150000006,4.94999981,4.80999994,0,0,0,0,1
18.287456,1784371023.889962,615,-3.01523328,-3.2568574,-3.65483093,0.446182847,269.601013,0,0,0.5,0.5,1,0.150000006,4.94999981,4.80999994,0,0,0,0,1
18.318442,1784371023.920948,616,-3.01067781,-3.25566339,-3.65601349,0.448387265,269.626007,0,0,0.5,0.5,1,0.150000006,4.94999981,4.80999994,0,0,0,0,1
18.348449,1784371023.950955,617,-3.01243258,-3.25749636,-3.65645409,0.448951721,269.651001,0,0,0.5,0.5,1,0.150000006,4.94999981,4.80999994,0,0,0,0,1
18.379450,1784371023.981956,618,-3.01426458,-3.259161,-3.65683174,0.449318618,269.676025,0,0,0.5,0.5,1,0.150000006,4.94999981,4.80999994,0,0,0,0,1
18.379450,1784371023.981956,619,-3.01651978,-3.25832224,-3.65715218,0.449557096,269.701019,0,0,0.5,0.5,1,0.150000006,4.94999981,4.80999994,0,0,0,0,1
18.411455,1784371024.013961,620,-3.02228189,-3.25668621,-3.65714645,0.449812859,269.726013,0,0,0.5,0.5,1,0.150000006,4.94999981,4.80999994,0,0,0,0,1
18.443651,1784371024.046157,621,-3.02773309,-3.25463152,-3.65784645,0.449878365,269.751007,0,0,0.5,0.5,1,0.150000006,4.94999981,4.80999994,0,0,0,0,1
18.474473,1784371024.076979,622,-3.02845335,-3.25434399,-3.65886307,0.449920923,269.776001,0,0,0.5,0.5,1,0.150000006,4.94999981,4.80999994,0,0,0,0,1
18.506569,1784371024.109075,623,-3.02486396,-3.24757147,-3.65984154,0.449948609,269.801025,0,0,0.5,0.5,1,0.150000006,4.94999981,4.80999994,0,0,0,0,1
18.506569,1784371024.109075,624,-3.01695037,-3.24611902,-3.66062737,0.449978262,269.826019,0,0,0.5,0.5,1,0.150000006,4.94999981,4.80999994,0,0,0,0,1
18.538570,1784371024.141076,625,-3.01247048,-3.24417114,-3.66052628,0.449985862,269.851013,0,0,0.5,0.5,1,0.150000006,4.94999981,4.80999994,0,0,0,0,1
18.569445,1784371024.171951,626,-3.00964737,-3.24555159,-3.66083336,0.449990809,269.876007,0,0,0.5,0.5,1,0.150000006,4.94999981,4.80999994,0,0,0,0,1
18.600648,1784371024.203154,627,-3.0101862,-3.2481246,-3.66127777,0.449994028,269.901001,0,0,0.5,0.5,1,0.150000006,4.94999981,4.80999994,0,0,0,0,1
18.600648,1784371024.203154,628,-3.01351261,-3.25093842,-3.66182327,0.446496129,269.926025,0,0,0.5,0.5,1,0.150000006,4.94999981,4.80999994,0,0,0,0,1
18.631572,1784371024.234078,629,-3.01600075,-3.25199223,-3.66245842,0.446244597,269.951019,0,0,0.5,0.5,1,0.150000006,4.94999981,4.80999994,0,0,0,0,1
18.662640,1784371024.265146,630,-3.01737237,-3.24682045,-3.66291237,0.447558999,269.976013,0,0,0.5,0.5,1,0.150000006,4.94999981,4.80999994,0,0,0,0,1
18.694449,1784371024.296955,631,-3.01488352,-3.24506664,-3.66363144,0.448413342,270.001007,0,0,0.5,0.5,1,0.150000006,4.94999981,4.80999994,0,0,0,0,1
18.725451,1784371024.327957,632,-3.01031399,-3.2494936,-3.66386414,0.448968679,270.026001,0,0,0.5,0.5,1,0.150000006,4.94999981,4.80999994,0,0,0,0,1
18.725451,1784371024.327957,633,-3.01108694,-3.25597382,-3.66432762,0.447289258,270.051025,0,0,0.5,0.5,1,0.150000006,4.94999981,4.80999994,0,0,0,0,1
18.757641,1784371024.360147,634,-3.01235771,-3.25671434,-3.66454697,0.44473803,270.076019,0,0,0.5,0.5,1,0.150000006,4.94999981,4.80999994,0,0,0,0,1
18.789567,1784371024.392073,635,-3.0162797,-3.25614738,-3.66451454,0.44307971,270.101013,0,0,0.5,0.5,1,0.150000006,4.94999981,4.80999994,0,0,0,0,1
18.820649,1784371024.423155,636,-3.02105808,-3.25465345,-3.66481209,0.44200182,270.126007,0,0,0.5,0.5,1,0.150000006,4.94999981,4.80999994,0,0,0,0,1
18.851479,1784371024.453985,637,-3.02389455,-3.25250292,-3.66520691,0.441301167,270.151001,0,0,0.5,0.5,1,0.150000006,4.94999981,4.80999994,0,0,0,0,1
18.851479,1784371024.453985,638,-3.01984072,-3.24802971,-3.66612816,0.440549731,270.176025,0,0,0.5,0.5,1,0.150000006,4.94999981,4.80999994,0,0,0,0,1
18.882694,1784371024.485200,639,-3.01535249,-3.24640179,-3.66667366,0.440357327,270.201019,0,0,0.5,0.5,1,0.150000006,4.94999981,4.80999994,0,0,0,0,1
18.914490,1784371024.516996,640,-3.01206923,-3.24707794,-3.66706085,0.440232277,270.226013,0,0,0.5,0.5,1,0.150000006,4.94999981,4.80999994,0,0,0,0,1
18.946486,1784371024.548991,641,-3.014534,-3.24972057,-3.6675148,0.440150976,270.251007,0,0,0.5,0.5,1,0.150000006,4.94999981,4.80999994,0,0,0,0,1
18.978486,1784371024.580992,642,-3.01729441,-3.24536037,-3.66803932,0.443563789,270.276001,0,0,0.5,0.5,1,0.150000006,4.94999981,4.80999994,0,0,0,0,1
18.978486,1784371024.580992,643,-3.02083874,-3.23788691,-3.66868401,0.442316473,270.301025,0,0,0.5,0.5,1,0.150000006,4.94999981,4.80999994,0,0,0,0,1
19.009487,1784371024.611993,644,-3.02316356,-3.23355103,-3.6689682,0.445005715,270.326019,0,0,0.5,0.5,1,0.150000006,4.94999981,4.80999994,0,0,0,0,1
19.041152,1784371024.643657,645,-3.01990581,-3.23101521,-3.66936493,0.446753711,270.351013,0,0,0.5,0.5,1,0.150000006,4.94999981,4.80999994,0,0,0,0,1
19.072159,1784371024.674665,646,-3.01404524,-3.2295599,-3.66991997,0.442853451,270.376007,0,0,0.5,0.5,1,0.150000006,4.94999981,4.80999994,0,0,0,0,1
19.104168,1784371024.706674,647,-3.01373887,-3.22890091,-3.67043877,0.44535473,270.401001,0,0,0.5,0.5,1,0.150000006,4.94999981,4.80999994,0,0,0,0,1
19.104168,1784371024.706674,648,-3.01463604,-3.23572493,-3.67101479,0.446980566,270.426025,0,0,0.5,0.5,1,0.150000006,4.94999981,4.80999994,0,0,0,0,1
19.136152,1784371024.738658,649,-3.01471114,-3.23844099,-3.6713295,0.444537371,270.451019,0,0,0.5,0.5,1,0.150000006,4.94999981,4.80999994,0,0,0,0,1
19.168154,1784371024.770660,650,-3.01579237,-3.24276829,-3.67200851,0.44644928,270.476013,0,0,0.5,0.5,1,0.150000006,4.94999981,4.80999994,0,0,0,0,1
19.199361,1784371024.801867,651,-3.0155108,-3.23725224,-3.67253685,0.448499829,270.501007,0,0,0.5,0.5,1,0.150000006,4.94999981,4.80999994,0,0,0,0,1
