pc_elapsed_s,roll_deg,pitch_deg,yaw_deg,range_height_m,fc_time_s,vel_est_x_m_s,vel_est_y_m_s,coax_roll_rate_kd,coax_pitch_rate_kd,coax_yaw_angle_kp,coax_yaw_rate_kd,vel_loop_x_kp,vel_loop_y_kp,vel_loop_x_ki,vel_loop_y_ki,vel_loop_x_kd,vel_loop_y_kd,vel_loop_enable
0.11555361747741699,-0.012210547924041748,-0.11465772241353989,-0.10612376034259796,0.45236077904701233,23.177001953125,0.00048033552593551576,0.0002008758019655943,1.0,1.0,1.0,0.15000000596046448,4.949999809265137,4.809999942779541,0.0,0.0,0.0,0.0,1.0
0.11555361747741699,-0.012544393539428711,-0.11454461514949799,-0.10572348535060883,0.4515345096588135,23.202001571655273,0.0004926785477437079,0.00019067824177909642,1.0,1.0,1.0,0.15000000596046448,4.949999809265137,4.809999942779541,0.0,0.0,0.0,0.0,1.0
0.17844104766845703,-0.013064593076705933,-0.11758006364107132,-0.10553066432476044,0.4564233124256134,23.227001190185547,0.00037793596857227385,0.00019014245481230319,1.0,1.0,1.0,0.15000000596046448,4.949999809265137,4.809999942779541,0.0,0.0,0.0,0.0,1.0
0.17844104766845703,-0.00937989354133606,-0.12141881138086319,-0.10576550662517548,0.45767515897750854,23.25200080871582,0.00020227953791618347,0.00014152891526464373,1.0,1.0,1.0,0.15000000596046448,4.949999809265137,4.809999942779541,0.0,0.0,0.0,0.0,1.0
0.17844104766845703,-0.010824114084243774,-0.12335952371358871,-0.10594232380390167,0.4584888517856598,23.277000427246094,7.609270687680691e-05,8.630437514511868e-05,1.0,1.0,1.0,0.15000000596046448,4.949999809265137,4.809999942779541,0.0,0.0,0.0,0.0,1.0
0.2416245937347412,-0.010705530643463135,-0.12637068331241608,-0.10617320239543915,0.4590177536010742,23.302001953125,5.0295966502744704e-05,0.00018099701264873147,1.0,1.0,1.0,0.15000000596046448,4.949999809265137,4.809999942779541,0.0,0.0,0.0,0.0,1.0
0.2416245937347412,-0.009587228298187256,-0.1290639042854309,-0.10612855851650238,0.4593615233898163,23.327001571655273,-7.364516204688698e-05,0.00014433215255849063,1.0,1.0,1.0,0.15000000596046448,4.949999809265137,4.809999942779541,0.0,0.0,0.0,0.0,1.0
0.3037903308868408,-0.009074747562408447,-0.13008083403110504,-0.10615871846675873,0.45973023772239685,23.352001190185547,-0.00015117746079340577,0.0001260116696357727,1.0,1.0,1.0,0.15000000596046448,4.949999809265137,4.809999942779541,0.0,0.0,0.0,0.0,1.0
0.3037903308868408,-0.00783073902130127,-0.13315646350383759,-0.10626251995563507,0.45982465147972107,23.37700080871582,-0.00021307324641384184,8.109824557323009e-05,1.0,1.0,1.0,0.15000000596046448,4.949999809265137,4.809999942779541,0.0,0.0,0.0,0.0,1.0
0.3037903308868408,-0.005572706460952759,-0.13260743021965027,-0.10640133917331696,0.45988601446151733,23.402000427246094,-0.0001907745754579082,-3.0371177217602963e-06,1.0,1.0,1.0,0.15000000596046448,4.949999809265137,4.809999942779541,0.0,0.0,0.0,0.0,1.0
0.3643605709075928,-0.004540860652923584,-0.13239434361457825,-0.10698460042476654,0.45992588996887207,23.427001953125,-0.00018066460324916989,-5.348823469830677e-05,1.0,1.0,1.0,0.15000000596046448,4.949999809265137,4.809999942779541,0.0,0.0,0.0,0.0,1.0
0.3643605709075928,-0.0062697529792785645,-0.13149839639663696,-0.10690106451511383,0.4599686861038208,23.452001571655273,-0.00012576484004966915,-2.352704541408457e-05,1.0,1.0,1.0,0.15000000596046448,4.949999809265137,4.809999942779541,0.0,0.0,0.0,0.0,1.0
0.4269251823425293,-0.00681343674659729,-0.1284102350473404,-0.1067219227552414,0.4599796533584595,23.477001190185547,-0.00010501773795112967,-5.532785871764645e-05,1.0,1.0,1.0,0.15000000596046448,4.949999809265137,4.809999942779541,0.0,0.0,0.0,0.0,1.0
0.4269251823425293,-0.006103336811065674,-0.12094692885875702,-0.10664765536785126,0.45998677611351013,23.50200080871582,0.00013828868395648897,-4.9408601626055315e-05,1.0,1.0,1.0,0.15000000596046448,4.949999809265137,4.809999942779541,0.0,0.0,0.0,0.0,1.0
0.4269251823425293,-0.008039623498916626,-0.11930745840072632,-0.10655905306339264,0.4599913954734802,23.527000427246094,0.0002500697155483067,-8.503193384967744e-06,1.0,1.0,1.0,0.15000000596046448,4.949999809265137,4.809999942779541,0.0,0.0,0.0,0.0,1.0
0.48990893363952637,-0.009555816650390625,-0.11862398684024811,-0.1062757819890976,0.4599944055080414,23.552001953125,0.00026630665524862707,6.402612052625045e-05,1.0,1.0,1.0,0.15000000596046448,4.949999809265137,4.809999942779541,0.0,0.0,0.0,0.0,1.0
0.48990893363952637,-0.010160595178604126,-0.12002815306186676,-0.1059277206659317,0.45999762415885925,23.577001571655273,0.00020425514958333224,0.00011431914754211903,1.0,1.0,1.0,0.15000000596046448,4.949999809265137,4.809999942779541,0.0,0.0,0.0,0.0,1.0
0.5532145500183105,-0.010768145322799683,-0.12084236741065979,-0.10607461631298065,0.4599984586238861,23.602001190185547,0.00016175802738871425,0.00012822581629734486,1.0,1.0,1.0,0.15000000596046448,4.949999809265137,4.809999942779541,0.0,0.0,0.0,0.0,1.0
0.5532145500183105,-0.009810388088226318,-0.11996980011463165,-0.10601247847080231,0.4599989950656891,23.62700080871582,0.00014303480566013604,0.0001225725864060223,1.0,1.0,1.0,0.15000000596046448,4.949999809265137,4.809999942779541,0.0,0.0,0.0,0.0,1.0
0.5532145500183105,-0.008049428462982178,-0.12224528938531876,-0.10597817599773407,0.45999935269355774,23.652000427246094,7.259414996951818e-05,5.913138738833368e-05,1.0,1.0,1.0,0.15000000596046448,4.949999809265137,4.809999942779541,0.0,0.0,0.0,0.0,1.0
0.6150393486022949,-0.006094992160797119,-0.12176601588726044,-0.10602770745754242,0.4599997103214264,23.677001953125,4.1601815610192716e-05,-9.904055332299322e-06,1.0,1.0,1.0,0.15000000596046448,4.949999809265137,4.809999942779541,0.0,0.0,0.0,0.0,1.0
0.6150393486022949,-0.005287110805511475,-0.12394267320632935,-0.10591165721416473,0.45999979972839355,23.702001571655273,2.2315258320304565e-05,-5.811790470033884e-05,1.0,1.0,1.0,0.15000000596046448,4.949999809265137,4.809999942779541,0.0,0.0,0.0,0.0,1.0
0.6770336627960205,-0.004531174898147583,-0.12461742758750916,-0.10597516596317291,0.45999985933303833,23.727001190185547,-4.9322039558319375e-05,-6.927781214471906e-05,1.0,1.0,1.0,0.15000000596046448,4.949999809265137,4.809999942779541,0.0,0.0,0.0,0.0,1.0
0.6770336627960205,-0.0034797489643096924,-0.12861943244934082,-0.10591591894626617,0.4599998891353607,23.75200080871582,-0.0001292166271014139,-9.957487054634839e-05,1.0,1.0,1.0,0.15000000596046448,4.949999809265137,4.809999942779541,0.0,0.0,0.0,0.0,1.0
0.6770336627960205,-0.0029234886169433594,-0.13123244047164917,-0.10568748414516449,0.4599999487400055,23.777000427246094,-0.00023697511642239988,-0.00012663178495131433,1.0,1.0,1.0,0.15000000596046448,4.949999809265137,4.809999942779541,0.0,0.0,0.0,0.0,1.0
0.7395799160003662,-0.0032970011234283447,-0.138252854347229,-0.10607625544071198,0.4599999487400055,23.802001953125,-0.0003929366357624531,-7.748639472993091e-05,1.0,1.0,1.0,0.15000000596046448,4.949999809265137,4.809999942779541,0.0,0.0,0.0,0.0,1.0
0.7395799160003662,-0.0014583766460418701,-0.1394267976284027,-0.10596467554569244,0.4599999487400055,23.827001571655273,-0.0005172346136532724,-0.0001307049096794799,1.0,1.0,1.0,0.15000000596046448,4.949999809265137,4.809999942779541,0.0,0.0,0.0,0.0,1.0
0.8016257286071777,-0.0007057785987854004,-0.1407444179058075,-0.1061219722032547,0.4599999487400055,23.852001190185547,-0.0005281455814838409,-0.00016133392637129873,1.0,1.0,1.0,0.15000000596046448,4.949999809265137,4.809999942779541,0.0,0.0,0.0,0.0,1.0
0.8016257286071777,-0.0003604292869567871,-0.13744589686393738,-0.10610277950763702,0.4599999487400055,23.87700080871582,-0.0004433650756254792,-0.00016988614515867084,1.0,1.0,1.0,0.15000000596046448,4.949999809265137,4.809999942779541,0.0,0.0,0.0,0.0,1.0
0.8016257286071777,-0.0029164552688598633,-0.13845627009868622,-0.1060059517621994,0.4599999487400055,23.902000427246094,-0.0003896679845638573,-0.00012040521687595174,1.0,1.0,1.0,0.15000000596046448,4.949999809265137,4.809999942779541,0.0,0.0,0.0,0.0,1.0
0.865159273147583,-0.002156883478164673,-0.14246217906475067,-0.10647483170032501,0.4599999487400055,23.927001953125,-0.00038303606561385095,-3.902105163433589e-05,1.0,1.0,1.0,0.15000000596046448,4.949999809265137,4.809999942779541,0.0,0.0,0.0,0.0,1.0
0.865159273147583,-0.0014349520206451416,-0.14478924870491028,-0.10649438202381134,0.4599999487400055,23.952001571655273,-0.0005112910876050591,-6.458424468291923e-05,1.0,1.0,1.0,0.15000000596046448,4.949999809265137,4.809999942779541,0.0,0.0,0.0,0.0,1.0
0.9287195205688477,-0.0018426477909088135,-0.1418231576681137,-0.10639958083629608,0.4599999487400055,23.977001190185547,-0.00042461848352104425,-3.072129038628191e-05,1.0,1.0,1.0,0.15000000596046448,4.949999809265137,4.809999942779541,0.0,0.0,0.0,0.0,1.0
0.9287195205688477,-0.0008938908576965332,-0.13877785205841064,-0.1066771000623703,0.4577249586582184,24.00200080871582,-0.0003001612494699657,-5.5324500863207504e-05,1.0,1.0,1.0,0.15000000596046448,4.949999809265137,4.809999942779541,0.0,0.0,0.0,0.0,1.0
0.9287195205688477,-0.004214942455291748,-0.13563451170921326,-0.10643519461154938,0.4585212171077728,24.027000427246094,-0.00010062463843496516,6.633554676227504e-06,1.0,1.0,1.0,0.15000000596046448,4.949999809265137,4.809999942779541,0.0,0.0,0.0,0.0,1.0
0.9910392761230469,-0.006488531827926636,-0.13809990882873535,-0.1062234491109848,0.45903879404067993,24.052001953125,-6.320160900941119e-05,0.00010583875700831413,1.0,1.0,1.0,0.15000000596046448,4.949999809265137,4.809999942779541,0.0,0.0,0.0,0.0,1.0
0.9910392761230469,-0.007351934909820557,-0.13988037407398224,-0.10637618601322174,0.45937520265579224,24.077001571655273,-0.00013038427277933806,0.00016528792912140489,1.0,1.0,1.0,0.15000000596046448,4.949999809265137,4.809999942779541,0.0,0.0,0.0,0.0,1.0
1.0531721115112305,-0.008223146200180054,-0.13455840945243835,-0.1064993292093277,0.45746099948883057,24.102001190185547,-0.00011474690109025687,0.0002594541583675891,1.0,1.0,1.0,0.15000000596046448,4.949999809265137,4.809999942779541,0.0,0.0,0.0,0.0,1.0
1.0531721115112305,-0.005321711301803589,-0.129681795835495,-0.10674138367176056,0.45834964513778687,24.12700080871582,8.126952889142558e-05,0.0002194480475736782,1.0,1.0,1.0,0.15000000596046448,4.949999809265137,4.809999942779541,0.0,0.0,0.0,0.0,1.0
1.0531721115112305,-0.0029837489128112793,-0.12466064840555191,-0.10671444237232208,0.4589272737503052,24.152000427246094,0.0002725303638726473,0.00011076777445850894,1.0,1.0,1.0,0.15000000596046448,4.949999809265137,4.809999942779541,0.0,0.0,0.0,0.0,1.0
1.115551233291626,-0.0034460127353668213,-0.12707562744617462,-0.10656259953975677,0.45930272340774536,24.177001953125,0.0003014793328475207,7.77746390667744e-05,1.0,1.0,1.0,0.15000000596046448,4.949999809265137,4.809999942779541,0.0,0.0,0.0,0.0,1.0
1.115551233291626,-0.0053670406341552734,-0.12912116944789886,-0.10619892179965973,0.4595467746257782,24.202001571655273,0.00017195874534081668,0.00012884309398941696,1.0,1.0,1.0,0.15000000596046448,4.949999809265137,4.809999942779541,0.0,0.0,0.0,0.0,1.0
1.1788852214813232,-0.0069544315338134766,-0.1299121379852295,-0.10619969666004181,0.45980849862098694,24.227001190185547,5.748375770053826e-05,0.00022732946672476828,1.0,1.0,1.0,0.15000000596046448,4.949999809265137,4.809999942779541,0.0,0.0,0.0,0.0,1.0
1.1788852214813232,-0.008894085884094238,-0.12984098494052887,-0.10622279345989227,0.45987552404403687,24.25200080871582,-1.378268552798545e-05,0.0003275833441875875,1.0,1.0,1.0,0.15000000596046448,4.949999809265137,4.809999942779541,0.0,0.0,0.0,0.0,1.0
1.1788852214813232,-0.009668558835983276,-0.12862978875637054,-0.10601736605167389,0.4599190950393677,24.277000427246094,-6.255515472730622e-05,0.00044010140118189156,1.0,1.0,1.0,0.15000000596046448,4.949999809265137,4.809999942779541,0.0,0.0,0.0,0.0,1.0
1.2423980236053467,-0.009686082601547241,-0.12944136559963226,-0.10565732419490814,0.459947407245636,24.302001953125,-0.00012874437379650772,0.0004824773932341486,1.0,1.0,1.0,0.15000000596046448,4.949999809265137,4.809999942779541,0.0,0.0,0.0,0.0,1.0
1.2423980236053467,-0.010603010654449463,-0.13003218173980713,-0.10543037950992584,0.45997774600982666,24.327001571655273,-0.00011186716437805444,0.00044422384235076606,1.0,1.0,1.0,0.15000000596046448,4.949999809265137,4.809999942779541,0.0,0.0,0.0,0.0,1.0
1.304551362991333,-0.010003119707107544,-0.12871378660202026,-0.1051657646894455,0.45998552441596985,24.352001190185547,-9.333673369837925e-05,0.0004118682409171015,1.0,1.0,1.0,0.15000000596046448,4.949999809265137,4.809999942779541,0.0,0.0,0.0,0.0,1.0
1.304551362991333,-0.00898328423500061,-0.1277489960193634,-0.10525621473789215,0.45999059081077576,24.37700080871582,-2.167053935409058e-05,0.00035299951559863985,1.0,1.0,1.0,0.15000000596046448,4.949999809265137,4.809999942779541,0.0,0.0,0.0,0.0,1.0
1.304551362991333,-0.008423089981079102,-0.1251070201396942,-0.10512675344944,0.4599938690662384,24.402000427246094,2.8391928935889155e-05,0.00028057859162800014,1.0,1.0,1.0,0.15000000596046448,4.949999809265137,4.809999942779541,0.0,0.0,0.0,0.0,1.0
1.3660743236541748,-0.006880074739456177,-0.12289594113826752,-0.10515223443508148,0.4599960148334503,24.427001953125,0.00011411304149078205,0.00021189844119362533,1.0,1.0,1.0,0.15000000596046448,4.949999809265137,4.809999942779541,0.0,0.0,0.0,0.0,1.0
1.3660743236541748,-0.007254838943481445,-0.12382142245769501,-0.10555563867092133,0.45999830961227417,24.452001571655273,0.0001423043431714177,0.00020217744167894125,1.0,1.0,1.0,0.15000000596046448,4.949999809265137,4.809999942779541,0.0,0.0,0.0,0.0,1.0
1.4288346767425537,-0.008928626775741577,-0.11925619095563889,-0.10622821748256683,0.4599989056587219,24.477001190185547,0.00017885310808196664,0.000218488959944807,1.0,1.0,1.0,0.15000000596046448,4.949999809265137,4.809999942779541,0.0,0.0,0.0,0.0,1.0
1.4288346767425537,-0.0096474289894104,-0.11587902158498764,-0.1064266711473465,0.45999929308891296,24.50200080871582,0.0003059304435737431,0.0002613051328808069,1.0,1.0,1.0,0.15000000596046448,4.949999809265137,4.809999942779541,0.0,0.0,0.0,0.0,1.0
1.4288346767425537,-0.009192049503326416,-0.11487902700901031,-0.10624642670154572,0.45999953150749207,24.527000427246094,0.00032686276244930923,0.0002486486337147653,1.0,1.0,1.0,0.15000000596046448,4.949999809265137,4.809999942779541,0.0,0.0,0.0,0.0,1.0
1.4928369522094727,-0.008264541625976562,-0.11244362592697144,-0.10615597665309906,0.45999979972839355,24.552001953125,0.00037632195744663477,0.00021712837042286992,1.0,1.0,1.0,0.15000000596046448,4.949999809265137,4.809999942779541,0.0,0.0,0.0,0.0,1.0
1.4928369522094727,-0.007267206907272339,-0.10947348922491074,-0.10617409646511078,0.45999985933303833,24.577001571655273,0.0004602441913448274,0.0001795982534531504,1.0,1.0,1.0,0.15000000596046448,4.949999809265137,4.809999942779541,0.0,0.0,0.0,0.0,1.0
1.554760217666626,-0.007594406604766846,-0.10868310183286667,-0.10619930922985077,0.4599998891353607,24.602001190185547,0.000469202728709206,0.0001705084869172424,1.0,1.0,1.0,0.15000000596046448,4.949999809265137,4.809999942779541,0.0,0.0,0.0,0.0,1.0
1.554760217666626,-0.008984357118606567,-0.10622098296880722,-0.10614390671253204,0.4599999189376831,24.62700080871582,0.0004347731010057032,0.0001625257864361629,1.0,1.0,1.0,0.15000000596046448,4.949999809265137,4.809999942779541,0.0,0.0,0.0,0.0,1.0
1.554760217666626,-0.010935932397842407,-0.10526906698942184,-0.10609094798564911,0.4599999487400055,24.652000427246094,0.0004700380377471447,0.0002075113879982382,1.0,1.0,1.0,0.15000000596046448,4.949999809265137,4.809999942779541,0.0,0.0,0.0,0.0,1.0
1.616145372390747,-0.012312084436416626,-0.10875621438026428,-0.10594974458217621,0.4599999487400055,24.677001953125,0.0003358524991199374,0.00025401529273949564,1.0,1.0,1.0,0.15000000596046448,4.949999809265137,4.809999942779541,0.0,0.0,0.0,0.0,1.0
1.616145372390747,-0.01091921329498291,-0.11133202910423279,-0.10593228042125702,0.4599999487400055,24.702001571655273,0.0001932261948240921,0.00021121694589965045,1.0,1.0,1.0,0.15000000596046448,4.949999809265137,4.809999942779541,0.0,0.0,0.0,0.0,1.0
1.6799376010894775,-0.009780555963516235,-0.10869135707616806,-0.10568545758724213,0.4599999487400055,24.727001190185547,0.00016813781985547394,0.00016435713041573763,1.0,1.0,1.0,0.15000000596046448,4.949999809265137,4.809999942779541,0.0,0.0,0.0,0.0,1.0
1.6799376010894775,-0.00953790545463562,-0.1081765741109848,-0.10525496304035187,0.4599999487400055,24.75200080871582,0.0001887119433376938,0.00012554341810755432,1.0,1.0,1.0,0.15000000596046448,4.949999809265137,4.809999942779541,0.0,0.0,0.0,0.0,1.0
1.6799376010894775,-0.010201811790466309,-0.10712981969118118,-0.10578958690166473,0.4599999487400055,24.777000427246094,0.00020770901755895466,0.00011760149209294468,1.0,1.0,1.0,0.15000000596046448,4.949999809265137,4.809999942779541,0.0,0.0,0.0,0.0,1.0
1.742140769958496,-0.007968217134475708,-0.1081957072019577,-0.10567717254161835,0.4599999487400055,24.802001953125,0.00016714099911041558,7.965113763930276e-05,1.0,1.0,1.0,0.15000000596046448,4.949999809265137,4.809999942779541,0.0,0.0,0.0,0.0,1.0
1.742140769958496,-0.007708847522735596,-0.11001091450452805,-0.10614971816539764,0.4599999487400055,24.827001571655273,0.00010408912930870429,0.0001024243319989182,1.0,1.0,1.0,0.15000000596046448,4.949999809265137,4.809999942779541,0.0,0.0,0.0,0.0,1.0
1.8050920963287354,-0.007461071014404297,-0.11078467220067978,-0.10547466576099396,0.4599999487400055,24.852001190185547,5.850404704688117e-05,9.89196341834031e-05,1.0,1.0,1.0,0.15000000596046448,4.949999809265137,4.809999942779541,0.0,0.0,0.0,0.0,1.0
1.8050920963287354,-0.008278220891952515,-0.10939131677150726,-0.10532991588115692,0.4599999487400055,24.87700080871582,3.5179829865228385e-05,0.00010507237311685458,1.0,1.0,1.0,0.15000000596046448,4.949999809265137,4.809999942779541,0.0,0.0,0.0,0.0,1.0
1.8050920963287354,-0.007345139980316162,-0.10607033222913742,-0.10509277880191803,0.4599999487400055,24.902000427246094,0.00013003010826651007,0.00011080196418333799,1.0,1.0,1.0,0.15000000596046448,4.949999809265137,4.809999942779541,0.0,0.0,0.0,0.0,1.0
1.8675556182861328,-0.00713697075843811,-0.10830198228359222,-0.10495282709598541,0.4599999487400055,24.927001953125,0.00017984524311032146,0.00015376272494904697,1.0,1.0,1.0,0.15000000596046448,4.949999809265137,4.809999942779541,0.0,0.0,0.0,0.0,1.0
1.8675556182861328,-0.00721973180770874,-0.10871388763189316,-0.10457809269428253,0.4599999487400055,24.952001571655273,0.00010260788258165121,0.00014373174053616822,1.0,1.0,1.0,0.15000000596046448,4.949999809265137,4.809999942779541,0.0,0.0,0.0,0.0,1.0
1.9286885261535645,-0.0059108734130859375,-0.10809670388698578,-0.10486994683742523,0.4599999487400055,24.977001190185547,7.22762051736936e-05,9.287224384024739e-05,1.0,1.0,1.0,0.15000000596046448,4.949999809265137,4.809999942779541,0.0,0.0,0.0,0.0,1.0
1.9286885261535645,-0.004959523677825928,-0.11002792418003082,-0.10493384301662445,0.4599999487400055,25.00200080871582,4.774620902026072e-05,5.210760355112143e-05,1.0,1.0,1.0,0.15000000596046448,4.949999809265137,4.809999942779541,0.0,0.0,0.0,0.0,1.0
1.9286885261535645,-0.004568189382553101,-0.11394718289375305,-0.10512928664684296,0.4599999487400055,25.027000427246094,-8.498720853822306e-05,1.3489475350070279e-05,1.0,1.0,1.0,0.15000000596046448,4.949999809265137,4.809999942779541,0.0,0.0,0.0,0.0,1.0
1.991506814956665,-0.003310561180114746,-0.11397258192300797,-0.10497091710567474,0.4599999487400055,25.052001953125,-0.00015881248691584915,-1.9568314257867314e-07,1.0,1.0,1.0,0.15000000596046448,4.949999809265137,4.809999942779541,0.0,0.0,0.0,0.0,1.0
1.991506814956665,-0.0029796361923217773,-0.11173217743635178,-0.10496728122234344,0.4599999487400055,25.077001571655273,-0.00011394972534617409,-4.574805643642321e-05,1.0,1.0,1.0,0.15000000596046448,4.949999809265137,4.809999942779541,0.0,0.0,0.0,0.0,1.0
2.0541129112243652,-0.0031253397464752197,-0.11114108562469482,-0.10446251928806305,0.4599999487400055,25.102001190185547,-5.252363553154282e-05,-2.459643110341858e-05,1.0,1.0,1.0,0.15000000596046448,4.949999809265137,4.809999942779541,0.0,0.0,0.0,0.0,1.0
2.0541129112243652,-0.003338426351547241,-0.11007551103830338,-0.1041376143693924,0.4599999487400055,25.12700080871582,-3.0767641874263063e-06,2.093929879265488e-06,1.0,1.0,1.0,0.15000000596046448,4.949999809265137,4.809999942779541,0.0,0.0,0.0,0.0,1.0
2.0541129112243652,-0.0014721453189849854,-0.11253701150417328,-0.10454203188419342,0.4599999487400055,25.152000427246094,-6.0812526498921216e-05,-2.320407293154858e-05,1.0,1.0,1.0,0.15000000596046448,4.949999809265137,4.809999942779541,0.0,0.0,0.0,0.0,1.0
2.1168925762176514,-0.0031864047050476074,-0.11230209469795227,-0.10439537465572357,0.4599999487400055,25.177001953125,-6.288436270551756e-05,-5.466534730658168e-06,1.0,1.0,1.0,0.15000000596046448,4.949999809265137,4.809999942779541,0.0,0.0,0.0,0.0,1.0
2.1168925762176514,-0.0019999444484710693,-0.11385185271501541,-0.10462440550327301,0.4599999487400055,25.202001571655273,-0.00011779794294852763,-2.5350273062940687e-05,1.0,1.0,1.0,0.15000000596046448,4.949999809265137,4.809999942779541,0.0,0.0,0.0,0.0,1.0
2.1788582801818848,-0.0019555091857910156,-0.11235853284597397,-0.10491986572742462,0.4599999487400055,25.227001190185547,-9.838338883128017e-05,-1.4296484550868627e-05,1.0,1.0,1.0,0.15000000596046448,4.949999809265137,4.809999942779541,0.0,0.0,0.0,0.0,1.0
2.1788582801818848,-0.003788292407989502,-0.11545976996421814,-0.10472603142261505,0.4599999487400055,25.25200080871582,-0.00012107076327083632,4.2816704080905765e-05,1.0,1.0,1.0,0.15000000596046448,4.949999809265137,4.809999942779541,0.0,0.0,0.0,0.0,1.0
2.1788582801818848,-0.0035609006881713867,-0.1177680566906929,-0.10476578772068024,0.4599999487400055,25.277000427246094,-0.00021403573919087648,5.702030466636643e-05,1.0,1.0,1.0,0.15000000596046448,4.949999809265137,4.809999942779541,0.0,0.0,0.0,0.0,1.0
2.2400307655334473,-0.003476083278656006,-0.11658573895692825,-0.10454700887203217,0.4599999487400055,25.302001953125,-0.0002122364385286346,5.9091536968480796e-05,1.0,1.0,1.0,0.15000000596046448,4.949999809265137,4.809999942779541,0.0,0.0,0.0,0.0,1.0
2.2400307655334473,-0.001208662986755371,-0.11827636510133743,-0.10427074134349823,0.4599999487400055,25.327001571655273,-0.00024053252127487212,8.382891246583313e-05,1.0,1.0,1.0,0.15000000596046448,4.949999809265137,4.809999942779541,0.0,0.0,0.0,0.0,1.0
2.304072618484497,-0.0026585161685943604,-0.11926812678575516,-0.10443709790706635,0.4599999487400055,25.352001190185547,-0.0002934127696789801,7.605846622027457e-05,1.0,1.0,1.0,0.15000000596046448,4.949999809265137,4.809999942779541,0.0,0.0,0.0,0.0,1.0
2.304072618484497,-0.0020336806774139404,-0.11554257571697235,-0.1041683703660965,0.4599999487400055,25.37700080871582,-0.0001878548791864887,7.697188993915915e-05,1.0,1.0,1.0,0.15000000596046448,4.949999809265137,4.809999942779541,0.0,0.0,0.0,0.0,1.0
2.304072618484497,-0.0005565285682678223,-0.11026842892169952,-0.10364340245723724,0.4599999487400055,25.402000427246094,-4.2808274884009734e-05,5.323456571204588e-05,1.0,1.0,1.0,0.15000000596046448,4.949999809265137,4.809999942779541,0.0,0.0,0.0,0.0,1.0
2.3662452697753906,-0.0004297792911529541,-0.10627880692481995,-0.10341285169124603,0.4599999487400055,25.427001953125,0.00012308949953876436,2.1267731426632963e-05,1.0,1.0,1.0,0.15000000596046448,4.949999809265137,4.809999942779541,0.0,0.0,0.0,0.0,1.0
2.3662452697753906,-0.00043463706970214844,-0.10651624202728271,-0.10349370539188385,0.4599999487400055,25.452001571655273,0.00017448946891818196,1.4946770534152165e-05,1.0,1.0,1.0,0.15000000596046448,4.949999809265137,4.809999942779541,0.0,0.0,0.0,0.0,1.0
2.429774284362793,-0.0009077787399291992,-0.10643157362937927,-0.10358555614948273,0.4599999487400055,25.477001190185547,0.000166654383065179,4.8613004764774814e-05,1.0,1.0,1.0,0.15000000596046448,4.949999809265137,4.809999942779541,0.0,0.0,0.0,0.0,1.0
2.429774284362793,-0.002605229616165161,-0.1068442240357399,-0.10333488881587982,0.4599999487400055,25.50200080871582,0.0001076377957360819,8.606042683823034e-05,1.0,1.0,1.0,0.15000000596046448,4.949999809265137,4.809999942779541,0.0,0.0,0.0,0.0,1.0
2.429774284362793,-0.0035346150398254395,-0.10705870389938354,-0.10308019816875458,0.4599999487400055,25.527000427246094,-3.0575893106288277e-06,0.0001664661685936153,1.0,1.0,1.0,0.15000000596046448,4.949999809265137,4.809999942779541,0.0,0.0,0.0,0.0,1.0
2.4927961826324463,-0.006013333797454834,-0.10871908813714981,-0.1033310741186142,0.4599999487400055,25.552001953125,-5.395627158577554e-05,0.00022184352565091103,1.0,1.0,1.0,0.15000000596046448,4.949999809265137,4.809999942779541,0.0,0.0,0.0,0.0,1.0
2.4927961826324463,-0.007159501314163208,-0.1089949831366539,-0.1030525416135788,0.4599999487400055,25.577001571655273,-0.00013802079774904996,0.00034158758353441954,1.0,1.0,1.0,0.15000000596046448,4.949999809265137,4.809999942779541,0.0,0.0,0.0,0.0,1.0
2.554861068725586,-0.008385330438613892,-0.11264576017856598,-0.10328857600688934,0.4599999487400055,25.602001190185547,-0.00024028363986872137,0.00036709223059006035,1.0,1.0,1.0,0.15000000596046448,4.949999809265137,4.809999942779541,0.0,0.0,0.0,0.0,1.0
2.554861068725586,-0.009424597024917603,-0.11267229914665222,-0.10330067574977875,0.4599999487400055,25.62700080871582,-0.00039186712820082903,0.0004748400242533535,1.0,1.0,1.0,0.15000000596046448,4.949999809265137,4.809999942779541,0.0,0.0,0.0,0.0,1.0
2.554861068725586,-0.011652112007141113,-0.11376010626554489,-0.10295568406581879,0.4599999487400055,25.652000427246094,-0.0004013574216514826,0.00048095075180754066,1.0,1.0,1.0,0.15000000596046448,4.949999809265137,4.809999942779541,0.0,0.0,0.0,0.0,1.0
2.618480920791626,-0.01129758358001709,-0.11114660650491714,-0.10272054374217987,0.4599999487400055,25.677001953125,-0.00041360410978086293,0.0005808713031001389,1.0,1.0,1.0,0.15000000596046448,4.949999809265137,4.809999942779541,0.0,0.0,0.0,0.0,1.0
2.618480920791626,-0.010664701461791992,-0.1085745170712471,-0.10262848436832428,0.4599999487400055,25.702001571655273,-0.00034985679667443037,0.0005866980645805597,1.0,1.0,1.0,0.15000000596046448,4.949999809265137,4.809999942779541,0.0,0.0,0.0,0.0,1.0
2.681870460510254,-0.011321455240249634,-0.11338861286640167,-0.10279978811740875,0.4599999487400055,25.727001190185547,-0.0004499331407714635,0.0005921563715673983,1.0,1.0,1.0,0.15000000596046448,4.949999809265137,4.809999942779541,0.0,0.0,0.0,0.0,1.0
2.681870460510254,-0.008315831422805786,-0.10802027583122253,-0.10284383594989777,0.4599999487400055,25.75200080871582,-0.0003879320283886045,0.0005118321860209107,1.0,1.0,1.0,0.15000000596046448,4.949999809265137,4.809999942779541,0.0,0.0,0.0,0.0,1.0
2.681870460510254,-0.006899148225784302,-0.10666689276695251,-0.10291476547718048,0.4599999487400055,25.777000427246094,-0.00023923143453430384,0.0003991354024037719,1.0,1.0,1.0,0.15000000596046448,4.949999809265137,4.809999942779541,0.0,0.0,0.0,0.0,1.0
2.7440149784088135,-0.0047886669635772705,-0.10795529186725616,-0.10308600962162018,0.4599999487400055,25.802001953125,-0.0002566743642091751,0.0003020851581823081,1.0,1.0,1.0,0.15000000596046448,4.949999809265137,4.809999942779541,0.0,0.0,0.0,0.0,1.0
2.7440149784088135,-0.0040183961391448975,-0.10695303976535797,-0.1030312031507492,0.4599999487400055,25.827001571655273,-0.0002392911701463163,0.00022415848798118532,1.0,1.0,1.0,0.15000000596046448,4.949999809265137,4.809999942779541,0.0,0.0,0.0,0.0,1.0
2.805650234222412,-0.0033390820026397705,-0.10775689780712128,-0.1028091162443161,0.4599999487400055,25.852001190185547,-0.0002955491072498262,0.00024079318973235786,1.0,1.0,1.0,0.15000000596046448,4.949999809265137,4.809999942779541,0.0,0.0,0.0,0.0,1.0
2.805650234222412,-0.005223095417022705,-0.11102163791656494,-0.10267405211925507,0.4599999487400055,25.87700080871582,-0.0003511826216708869,0.0002538826083764434,1.0,1.0,1.0,0.15000000596046448,4.949999809265137,4.809999942779541,0.0,0.0,0.0,0.0,1.0
2.805650234222412,-0.008688956499099731,-0.11214954406023026,-0.10269497334957123,0.4599999487400055,25.902000427246094,-0.0004826257936656475,0.0003903229080606252,1.0,1.0,1.0,0.15000000596046448,4.949999809265137,4.809999942779541,0.0,0.0,0.0,0.0,1.0
2.868748903274536,-0.00960773229598999,-0.11159396916627884,-0.10251186788082123,0.4599999487400055,25.927001953125,-0.0004932021256536245,0.0004861686611548066,1.0,1.0,1.0,0.15000000596046448,4.949999809265137,4.809999942779541,0.0,0.0,0.0,0.0,1.0
2.868748903274536,-0.009161204099655151,-0.11143318563699722,-0.10234887897968292,0.4599999487400055,25.952001571655273,-0.0005312798894010484,0.0005108301993459463,1.0,1.0,1.0,0.15000000596046448,4.949999809265137,4.809999942779541,0.0,0.0,0.0,0.0,1.0
2.932075023651123,-0.008320331573486328,-0.11227826029062271,-0.10229785740375519,0.4599999487400055,25.977001190185547,-0.000590191746596247,0.0005239999736659229,1.0,1.0,1.0,0.15000000596046448,4.949999809265137,4.809999942779541,0.0,0.0,0.0,0.0,1.0
2.932075023651123,-0.008215069770812988,-0.11378505080938339,-0.10253272950649261,0.4599999487400055,26.00200080871582,-0.0005868022562935948,0.0004796010325662792,1.0,1.0,1.0,0.15000000596046448,4.949999809265137,4.809999942779541,0.0,0.0,0.0,0.0,1.0
2.932075023651123,-0.00929686427116394,-0.11633859574794769,-0.10230405628681183,0.4599999487400055,26.027000427246094,-0.0005498601240105927,0.0003946282377000898,1.0,1.0,1.0,0.15000000596046448,4.949999809265137,4.809999942779541,0.0,0.0,0.0,0.0,1.0
2.994582176208496,-0.01037248969078064,-0.12025463581085205,-0.1028636246919632,0.4599999487400055,26.052001953125,-0.0005773763987235725,0.00036259996704757214,1.0,1.0,1.0,0.15000000596046448,4.949999809265137,4.809999942779541,0.0,0.0,0.0,0.0,1.0
2.994582176208496,-0.008794814348220825,-0.11559011787176132,-0.10240264236927032,0.4599999487400055,26.077001571655273,-0.0004962551756761968,0.0003365486045368016,1.0,1.0,1.0,0.15000000596046448,4.949999809265137,4.809999942779541,0.0,0.0,0.0,0.0,1.0
3.0574772357940674,-0.009018808603286743,-0.11834997683763504,-0.10251067578792572,0.4599999487400055,26.102001190185547,-0.0004411417176015675,0.00028863557963632047,1.0,1.0,1.0,0.15000000596046448,4.949999809265137,4.809999942779541,0.0,0.0,0.0,0.0,1.0
3.0574772357940674,-0.009902149438858032,-0.1228189617395401,-0.1027601808309555,0.4599999487400055,26.12700080871582,-0.0005181048763915896,0.00029713893309235573,1.0,1.0,1.0,0.15000000596046448,4.949999809265137,4.809999942779541,0.0,0.0,0.0,0.0,1.0
3.0574772357940674,-0.00908738374710083,-0.12533339858055115,-0.10315443575382233,0.4599999487400055,26.152000427246094,-0.0006009083008393645,0.0002701666671782732,1.0,1.0,1.0,0.15000000596046448,4.949999809265137,4.809999942779541,0.0,0.0,0.0,0.0,1.0
3.1194980144500732,-0.008127868175506592,-0.1251639723777771,-0.10346658527851105,0.4599999487400055,26.177001953125,-0.0006253418396227062,0.00022683932911604643,1.0,1.0,1.0,0.15000000596046448,4.949999809265137,4.809999942779541,0.0,0.0,0.0,0.0,1.0
3.1194980144500732,-0.008146136999130249,-0.12245040386915207,-0.10347767174243927,0.4599999487400055,26.202001571655273,-0.0004933877498842776,0.0002235878782812506,1.0,1.0,1.0,0.15000000596046448,4.949999809265137,4.809999942779541,0.0,0.0,0.0,0.0,1.0
3.182875871658325,-0.007543593645095825,-0.12373806536197662,-0.10326837003231049,0.4599999487400055,26.227001190185547,-0.000419781485106796,0.00016709548071958125,1.0,1.0,1.0,0.15000000596046448,4.949999809265137,4.809999942779541,0.0,0.0,0.0,0.0,1.0
3.182875871658325,-0.006103336811065674,-0.1203174889087677,-0.10291184484958649,0.4599999487400055,26.25200080871582,-0.0002923543215729296,0.00011151254875585437,1.0,1.0,1.0,0.15000000596046448,4.949999809265137,4.809999942779541,0.0,0.0,0.0,0.0,1.0
3.182875871658325,-0.007585763931274414,-0.12157215178012848,-0.10322518646717072,0.4599999487400055,26.277000427246094,-0.0002291143173351884,0.00011607595661189407,1.0,1.0,1.0,0.15000000596046448,4.949999809265137,4.809999942779541,0.0,0.0,0.0,0.0,1.0
3.2442824840545654,-0.011169135570526123,-0.11610265076160431,-0.10303808748722076,0.4599999487400055,26.302001953125,-0.00015054544201120734,0.00019576330669224262,1.0,1.0,1.0,0.15000000596046448,4.949999809265137,4.809999942779541,0.0,0.0,0.0,0.0,1.0
3.2442824840545654,-0.011796295642852783,-0.11547435075044632,-0.10324461758136749,0.4599999487400055,26.327001571655273,-1.9388609871384688e-05,0.00024098916037473828,1.0,1.0,1.0,0.15000000596046448,4.949999809265137,4.809999942779541,0.0,0.0,0.0,0.0,1.0
3.3072946071624756,-0.012248367071151733,-0.11478684097528458,-0.1029428094625473,0.4599999487400055,26.352001190185547,-5.1353690651012585e-06,0.00026106429868377745,1.0,1.0,1.0,0.15000000596046448,4.949999809265137,4.809999942779541,0.0,0.0,0.0,0.0,1.0
3.3072946071624756,-0.013125181198120117,-0.11248838901519775,-0.10295535624027252,0.4599999487400055,26.37700080871582,0.00011564415035536513,0.00031343905720859766,1.0,1.0,1.0,0.15000000596046448,4.949999809265137,4.809999942779541,0.0,0.0,0.0,0.0,1.0
3.3072946071624756,-0.011317551136016846,-0.11497785151004791,-0.1033666580915451,0.4599999487400055,26.402000427246094,9.898022835841402e-05,0.0002718025934882462,1.0,1.0,1.0,0.15000000596046448,4.949999809265137,4.809999942779541,0.0,0.0,0.0,0.0,1.0
3.3708488941192627,-0.013768911361694336,-0.11388204246759415,-0.10277743637561798,0.4599999487400055,26.427001953125,0.00010835868306457996,0.00026603235164657235,1.0,1.0,1.0,0.15000000596046448,4.949999809265137,4.809999942779541,0.0,0.0,0.0,0.0,1.0
3.3708488941192627,-0.012746542692184448,-0.11903338879346848,-0.10319803655147552,0.4599999487400055,26.452001571655273,5.3109579312149435e-05,0.00033685064408928156,1.0,1.0,1.0,0.15000000596046448,4.949999809265137,4.809999942779541,0.0,0.0,0.0,0.0,1.0
3.4333863258361816,-0.01181378960609436,-0.1234278529882431,-0.10311491787433624,0.4599999487400055,26.477001190185547,-0.00012292995234020054,0.00028619205113500357,1.0,1.0,1.0,0.15000000596046448,4.949999809265137,4.809999942779541,0.0,0.0,0.0,0.0,1.0
3.4333863258361816,-0.010620176792144775,-0.11816686391830444,-0.10296200215816498,0.4599999487400055,26.50200080871582,-8.489718311466277e-05,0.00021461161668412387,1.0,1.0,1.0,0.15000000596046448,4.949999809265137,4.809999942779541,0.0,0.0,0.0,0.0,1.0
3.4333863258361816,-0.009997069835662842,-0.12220930308103561,-0.1031341701745987,0.4599999487400055,26.527000427246094,-8.229583909269422e-05,0.00014639837900176644,1.0,1.0,1.0,0.15000000596046448,4.949999809265137,4.809999942779541,0.0,0.0,0.0,0.0,1.0
3.4973864555358887,-0.010935693979263306,-0.12729623913764954,-0.10277287662029266,0.4599999487400055,26.552001953125,-0.00022536350297741592,0.00015568984963465482,1.0,1.0,1.0,0.15000000596046448,4.949999809265137,4.809999942779541,0.0,0.0,0.0,0.0,1.0
3.4973864555358887,-0.010219961404800415,-0.12765178084373474,-0.10286928713321686,0.4599999487400055,26.577001571655273,-0.00029560382245108485,0.00017304533685091883,1.0,1.0,1.0,0.15000000596046448,4.949999809265137,4.809999942779541,0.0,0.0,0.0,0.0,1.0
3.4973864555358887,-0.010116010904312134,-0.12800797820091248,-0.10291962325572968,0.4599999487400055,26.602001190185547,-0.00030378124210983515,0.00012936239363625646,1.0,1.0,1.0,0.15000000596046448,4.949999809265137,4.809999942779541,0.0,0.0,0.0,0.0,1.0
3.558901071548462,-0.007112413644790649,-0.12951520085334778,-0.10285432636737823,0.4599999487400055,26.62700080871582,-0.0002808575227390975,7.124642434064299e-05,1.0,1.0,1.0,0.15000000596046448,4.949999809265137,4.809999942779541,0.0,0.0,0.0,0.0,1.0
3.558901071548462,-0.008285939693450928,-0.12954409420490265,-0.10290835797786713,0.4599999487400055,26.652000427246094,-0.0003037355490960181,3.698812361108139e-05,1.0,1.0,1.0,0.15000000596046448,4.949999809265137,4.809999942779541,0.0,0.0,0.0,0.0,1.0
3.6229379177093506,-0.009253084659576416,-0.1291799694299698,-0.10299251973628998,0.4599999487400055,26.677001953125,-0.00028234467026777565,3.978371023549698e-05,1.0,1.0,1.0,0.15000000596046448,4.949999809265137,4.809999942779541,0.0,0.0,0.0,0.0,1.0
3.6229379177093506,-0.010914742946624756,-0.12909682095050812,-0.10305134952068329,0.4599999487400055,26.702001571655273,-0.00024835686781443655,8.515478839399293e-05,1.0,1.0,1.0,0.15000000596046448,4.949999809265137,4.809999942779541,0.0,0.0,0.0,0.0,1.0
3.685666084289551,-0.01154184341430664,-0.13032348453998566,-0.10298524796962738,0.4599999487400055,26.727001190185547,-0.000258935266174376,0.00012869185593444854,1.0,1.0,1.0,0.15000000596046448,4.949999809265137,4.809999942779541,0.0,0.0,0.0,0.0,1.0
3.685666084289551,-0.011175602674484253,-0.12750869989395142,-0.1028391569852829,0.4599999487400055,26.75200080871582,-0.0001859279436757788,0.000122179786558263,1.0,1.0,1.0,0.15000000596046448,4.949999809265137,4.809999942779541,0.0,0.0,0.0,0.0,1.0
3.685666084289551,-0.011007457971572876,-0.12583807110786438,-0.10297729074954987,0.4599999487400055,26.777000427246094,-8.993894880404696e-05,0.0001040742572513409,1.0,1.0,1.0,0.15000000596046448,4.949999809265137,4.809999942779541,0.0,0.0,0.0,0.0,1.0
3.74796986579895,-0.012979745864868164,-0.12961073219776154,-0.1031893938779831,0.4599999487400055,26.802001953125,-0.00014589069178327918,0.00014087451563682407,1.0,1.0,1.0,0.15000000596046448,4.949999809265137,4.809999942779541,0.0,0.0,0.0,0.0,1.0
3.74796986579895,-0.01210099458694458,-0.12868660688400269,-0.1031879335641861,0.4599999487400055,26.827001571655273,-0.00016395612328778952,0.00014350542915053666,1.0,1.0,1.0,0.15000000596046448,4.949999809265137,4.809999942779541,0.0,0.0,0.0,0.0,1.0
3.74796986579895,-0.009557723999023438,-0.12856446206569672,-0.10283012688159943,0.4599999487400055,26.852001190185547,-0.0001464934612158686,7.52448831917718e-05,1.0,1.0,1.0,0.15000000596046448,4.949999809265137,4.809999942779541,0.0,0.0,0.0,0.0,1.0
3.810051918029785,-0.010099947452545166,-0.12634630501270294,-0.1028321236371994,0.4599999487400055,26.87700080871582,-6.233862950466573e-05,3.1373187084682286e-05,1.0,1.0,1.0,0.15000000596046448,4.949999809265137,4.809999942779541,0.0,0.0,0.0,0.0,1.0
3.810051918029785,-0.008983612060546875,-0.1295807957649231,-0.10266725718975067,0.4599999487400055,26.902000427246094,-8.259267633548006e-05,1.7007401766022667e-05,1.0,1.0,1.0,0.15000000596046448,4.949999809265137,4.809999942779541,0.0,0.0,0.0,0.0,1.0
3.8725433349609375,-0.005946993827819824,-0.12943342328071594,-0.10251869261264801,0.4599999487400055,26.927001953125,-0.00012202472862554714,-5.862805846845731e-05,1.0,1.0,1.0,0.15000000596046448,4.949999809265137,4.809999942779541,0.0,0.0,0.0,0.0,1.0
3.8725433349609375,-0.005148440599441528,-0.12833279371261597,-0.10285769402980804,0.4599999487400055,26.952001571655273,-0.00011515992082422599,-0.00010725163156166673,1.0,1.0,1.0,0.15000000596046448,4.949999809265137,4.809999942779541,0.0,0.0,0.0,0.0,1.0
3.8725433349609375,-0.004744201898574829,-0.12646305561065674,-0.10280786454677582,0.4599999487400055,26.977001190185547,-4.582185283652507e-05,-0.00011398657807148993,1.0,1.0,1.0,0.15000000596046448,4.949999809265137,4.809999942779541,0.0,0.0,0.0,0.0,1.0
3.935330629348755,-0.004071086645126343,-0.12492138147354126,-0.10302858054637909,0.4599999487400055,27.00200080871582,4.312937016948126e-05,-0.000111723093141336,1.0,1.0,1.0,0.15000000596046448,4.949999809265137,4.809999942779541,0.0,0.0,0.0,0.0,1.0
3.935330629348755,-0.004885435104370117,-0.1250160187482834,-0.10294578969478607,0.4599999487400055,27.027000427246094,-1.6169229866136448e-06,-1.986848837987054e-05,1.0,1.0,1.0,0.15000000596046448,4.949999809265137,4.809999942779541,0.0,0.0,0.0,0.0,1.0
3.998495101928711,-0.0034987330436706543,-0.1229281947016716,-0.10300309956073761,0.4599999487400055,27.052001953125,3.7348152545746416e-05,-3.48618341377005e-05,1.0,1.0,1.0,0.15000000596046448,4.949999809265137,4.809999942779541,0.0,0.0,0.0,0.0,1.0
3.998495101928711,-0.0030350089073181152,-0.11766133457422256,-0.10277505218982697,0.4599999487400055,27.077001571655273,0.00017216891865245998,-4.56768975709565e-05,1.0,1.0,1.0,0.15000000596046448,4.949999809265137,4.809999942779541,0.0,0.0,0.0,0.0,1.0
3.998495101928711,-0.0012561678886413574,-0.1176239401102066,-0.10282464325428009,0.4599999487400055,27.102001190185547,0.0002622825850266963,-9.247798880096525e-05,1.0,1.0,1.0,0.15000000596046448,4.949999809265137,4.809999942779541,0.0,0.0,0.0,0.0,1.0
4.062044858932495,-0.00019413232803344727,-0.11913783103227615,-0.10246767103672028,0.4599999487400055,27.12700080871582,0.00012581502960529178,-7.594071939820424e-05,1.0,1.0,1.0,0.15000000596046448,4.949999809265137,4.809999942779541,0.0,0.0,0.0,0.0,1.0
4.062044858932495,-0.0019833147525787354,-0.12102018296718597,-0.1026453822851181,0.4599999487400055,27.152000427246094,5.882371260668151e-05,-3.50975533365272e-05,1.0,1.0,1.0,0.15000000596046448,4.949999809265137,4.809999942779541,0.0,0.0,0.0,0.0,1.0
4.1242430210113525,-0.004459947347640991,-0.1228531152009964,-0.10318125784397125,0.4599999487400055,27.177001953125,-4.589925447362475e-05,3.759159517358057e-05,1.0,1.0,1.0,0.15000000596046448,4.949999809265137,4.809999942779541,0.0,0.0,0.0,0.0,1.0
4.1242430210113525,-0.003812938928604126,-0.1235651969909668,-0.10412420332431793,0.4599999487400055,27.202001571655273,-0.00012797469389624894,0.00021274728351272643,1.0,1.0,1.0,0.15000000596046448,4.949999809265137,4.809999942779541,0.0,0.0,0.0,0.0,1.0
4.1242430210113525,0.001522451639175415,-0.130502387881279,-0.10487638413906097,0.4599999487400055,27.227001190185547,-0.00024572029360570014,0.0003447689232416451,1.0,1.0,1.0,0.15000000596046448,4.949999809265137,4.809999942779541,0.0,0.0,0.0,0.0,1.0
4.186743974685669,0.005432099103927612,-0.13208527863025665,-0.10550220310688019,0.4599999487400055,27.25200080871582,-0.00045355811016634107,0.00018224527593702078,1.0,1.0,1.0,0.15000000596046448,4.949999809265137,4.809999942779541,0.0,0.0,0.0,0.0,1.0
4.186743974685669,0.0019946396350860596,-0.13057160377502441,-0.1051531583070755,0.4599999487400055,27.277000427246094,-0.0003667630080599338,0.00011940085823880509,1.0,1.0,1.0,0.15000000596046448,4.949999809265137,4.809999942779541,0.0,0.0,0.0,0.0,1.0
4.249144792556763,-0.0058228373527526855,-0.13205619156360626,-0.1045023649930954,0.4599999487400055,27.302001953125,-0.0002688897948246449,0.0002605719491839409,1.0,1.0,1.0,0.15000000596046448,4.949999809265137,4.809999942779541,0.0,0.0,0.0,0.0,1.0
4.249144792556763,-0.007136136293411255,-0.13318470120429993,-0.10426117479801178,0.4599999487400055,27.327001571655273,-0.00024254605523310602,0.0004013121942989528,1.0,1.0,1.0,0.15000000596046448,4.949999809265137,4.809999942779541,0.0,0.0,0.0,0.0,1.0
4.249144792556763,-0.0033998191356658936,-0.12881498038768768,-0.10410143435001373,0.4599999487400055,27.352001190185547,-0.00016858382150530815,0.00041246702312491834,1.0,1.0,1.0,0.15000000596046448,4.949999809265137,4.809999942779541,0.0,0.0,0.0,0.0,1.0
4.310146331787109,-0.0001895427703857422,-0.12597349286079407,-0.10382644832134247,0.4599999487400055,27.37700080871582,-4.756569251185283e-05,0.0002300579217262566,1.0,1.0,1.0,0.15000000596046448,4.949999809265137,4.809999942779541,0.0,0.0,0.0,0.0,1.0
4.310146331787109,-0.002228766679763794,-0.13018909096717834,-0.10308568179607391,0.4599999487400055,27.402000427246094,-5.5500051530543715e-05,0.00010474779992364347,1.0,1.0,1.0,0.15000000596046448,4.949999809265137,4.809999942779541,0.0,0.0,0.0,0.0,1.0
4.37320351600647,-0.0015709102153778076,-0.13644462823867798,-0.10269160568714142,0.4599999487400055,27.427001953125,-0.00018784913117997348,0.000124202502775006,1.0,1.0,1.0,0.15000000596046448,4.949999809265137,4.809999942779541,0.0,0.0,0.0,0.0,1.0
4.37320351600647,-0.0014254450798034668,-0.14083020389080048,-0.10292665660381317,0.4599999487400055,27.452001571655273,-0.00036026310408487916,0.00012067774514434859,1.0,1.0,1.0,0.15000000596046448,4.949999809265137,4.809999942779541,0.0,0.0,0.0,0.0,1.0
4.37320351600647,-0.005135327577590942,-0.1415589451789856,-0.10552309453487396,0.4599999487400055,27.477001190185547,-0.00033178404555656016,8.039852400543168e-05,1.0,1.0,1.0,0.15000000596046448,4.949999809265137,4.809999942779541,0.0,0.0,0.0,0.0,1.0
4.435783386230469,-0.0113200843334198,-0.14789454638957977,-0.10753382742404938,0.4599999487400055,27.50200080871582,-0.00034069750108756125,0.000263588794041425,1.0,1.0,1.0,0.15000000596046448,4.949999809265137,4.809999942779541,0.0,0.0,0.0,0.0,1.0
4.435783386230469,-0.006978154182434082,-0.15244312584400177,-0.10739491879940033,0.4599999487400055,27.527000427246094,-0.0004284953756723553,0.0003550921392161399,1.0,1.0,1.0,0.15000000596046448,4.949999809265137,4.809999942779541,0.0,0.0,0.0,0.0,1.0
4.497491121292114,-0.00305861234664917,-0.14997261762619019,-0.10563723742961884,0.4599999487400055,27.552001953125,-0.0004137040232308209,0.0001791388203855604,1.0,1.0,1.0,0.15000000596046448,4.949999809265137,4.809999942779541,0.0,0.0,0.0,0.0,1.0
4.497491121292114,-0.009046465158462524,-0.14664317667484283,-0.10522685945034027,0.4599999487400055,27.577001571655273,-0.00037609762512147427,7.861667108954862e-05,1.0,1.0,1.0,0.15000000596046448,4.949999809265137,4.809999942779541,0.0,0.0,0.0,0.0,1.0
4.561388254165649,-0.014169543981552124,-0.14314022660255432,-0.1051846593618393,0.4599999487400055,27.602001190185547,-0.0002566020702943206,0.0002558346022851765,1.0,1.0,1.0,0.15000000596046448,4.949999809265137,4.809999942779541,0.0,0.0,0.0,0.0,1.0
4.561388254165649,-0.007649660110473633,-0.1496962308883667,-0.10467533767223358,0.4599999487400055,27.62700080871582,-0.00018844958685804158,0.0002746159734670073,1.0,1.0,1.0,0.15000000596046448,4.949999809265137,4.809999942779541,0.0,0.0,0.0,0.0,1.0
4.561388254165649,-0.0015050172805786133,-0.16323068737983704,-0.10378886759281158,0.4599999487400055,27.652000427246094,-0.0003843800805043429,3.370653575984761e-05,1.0,1.0,1.0,0.15000000596046448,4.949999809265137,4.809999942779541,0.0,0.0,0.0,0.0,1.0
4.624417304992676,-0.008325964212417603,-0.1637488156557083,-0.10312087833881378,0.4599999487400055,27.677001953125,-0.0006808388861827552,-4.9075111746788025e-05,1.0,1.0,1.0,0.15000000596046448,4.949999809265137,4.809999942779541,0.0,0.0,0.0,0.0,1.0
4.624417304992676,-0.016290754079818726,-0.15585359930992126,-0.10316877067089081,0.4599999487400055,27.702001571655273,-0.0006004291935823858,0.00022302170691546053,1.0,1.0,1.0,0.15000000596046448,4.949999809265137,4.809999942779541,0.0,0.0,0.0,0.0,1.0
4.624417304992676,-0.013725250959396362,-0.14636681973934174,-0.10208351910114288,0.4599999487400055,27.727001190185547,-0.00031211605528369546,0.0003908617654815316,1.0,1.0,1.0,0.15000000596046448,4.949999809265137,4.809999942779541,0.0,0.0,0.0,0.0,1.0
4.686834335327148,-0.011050611734390259,-0.1441783607006073,-0.10210876166820526,0.4599999487400055,27.75200080871582,8.452867768937722e-05,0.0002618323196657002,1.0,1.0,1.0,0.15000000596046448,4.949999809265137,4.809999942779541,0.0,0.0,0.0,0.0,1.0
4.686834335327148,-0.017118185758590698,-0.15432557463645935,-0.10098959505558014,0.4599999487400055,27.777000427246094,9.347825834993273e-05,0.0002214710839325562,1.0,1.0,1.0,0.15000000596046448,4.949999809265137,4.809999942779541,0.0,0.0,0.0,0.0,1.0
4.749204397201538,-0.02164560556411743,-0.1595836877822876,-0.10075722634792328,0.4599999487400055,27.802001953125,-0.00017179384303744882,0.0004345904744695872,1.0,1.0,1.0,0.15000000596046448,4.949999809265137,4.809999942779541,0.0,0.0,0.0,0.0,1.0
4.749204397201538,-0.01402193307876587,-0.15344659984111786,-0.10059739649295807,0.4599999487400055,27.827001571655273,-0.00033031601924449205,0.00043034335249103606,1.0,1.0,1.0,0.15000000596046448,4.949999809265137,4.809999942779541,0.0,0.0,0.0,0.0,1.0
4.749204397201538,-0.007384926080703735,-0.14835293591022491,-0.10131095349788666,0.4599999487400055,27.852001190185547,-0.00018218258628621697,0.000197586981812492,1.0,1.0,1.0,0.15000000596046448,4.949999809265137,4.809999942779541,0.0,0.0,0.0,0.0,1.0
4.8113694190979,-0.00921294093132019,-0.14612877368927002,-0.10183356702327728,0.4599999487400055,27.87700080871582,7.233342330437154e-05,6.241584196686745e-05,1.0,1.0,1.0,0.15000000596046448,4.949999809265137,4.809999942779541,0.0,0.0,0.0,0.0,1.0
4.8113694190979,-0.014457881450653076,-0.14730104804039001,-0.10023821890354156,0.4599999487400055,27.902000427246094,0.0002491906634531915,0.00020157812105026096,1.0,1.0,1.0,0.15000000596046448,4.949999809265137,4.809999942779541,0.0,0.0,0.0,0.0,1.0
4.874286413192749,-0.012844860553741455,-0.14670796692371368,-0.09824173152446747,0.4599999487400055,27.927001953125,0.00013010695693083107,0.0003200636710971594,1.0,1.0,1.0,0.15000000596046448,4.949999809265137,4.809999942779541,0.0,0.0,0.0,0.0,1.0
4.874286413192749,-0.008420616388320923,-0.139200359582901,-0.09815703332424164,0.4599999487400055,27.952001571655273,0.00011463458213256672,0.00020207509805914015,1.0,1.0,1.0,0.15000000596046448,4.949999809265137,4.809999942779541,0.0,0.0,0.0,0.0,1.0
4.874286413192749,-0.013308078050613403,-0.13957616686820984,-0.09874092042446136,0.4599999487400055,27.977001190185547,0.00015548235387541354,0.00018109944358002394,1.0,1.0,1.0,0.15000000596046448,4.949999809265137,4.809999942779541,0.0,0.0,0.0,0.0,1.0
4.935850381851196,-0.01312682032585144,-0.144681915640831,-0.0984267145395279,0.4599999487400055,28.00200080871582,0.00019533914746716619,0.00021378423843998462,1.0,1.0,1.0,0.15000000596046448,4.949999809265137,4.809999942779541,0.0,0.0,0.0,0.0,1.0
4.935850381851196,-0.009815126657485962,-0.15312545001506805,-0.09790240228176117,0.4599999487400055,28.027000427246094,4.6820787247270346e-05,0.00017088554159272462,1.0,1.0,1.0,0.15000000596046448,4.949999809265137,4.809999942779541,0.0,0.0,0.0,0.0,1.0
4.997939825057983,-0.005156666040420532,-0.14858180284500122,-0.09812213480472565,0.4599999487400055,28.052001953125,-9.901738667394966e-05,8.358056948054582e-05,1.0,1.0,1.0,0.15000000596046448,4.949999809265137,4.809999942779541,0.0,0.0,0.0,0.0,1.0
4.997939825057983,-0.004176616668701172,-0.13291224837303162,-0.098020538687706,0.4599999487400055,28.077001571655273,0.00010724132880568504,-8.975736272986978e-05,1.0,1.0,1.0,0.15000000596046448,4.949999809265137,4.809999942779541,0.0,0.0,0.0,0.0,1.0
4.997939825057983,-0.004180997610092163,-0.13005569577217102,-0.09813396632671356,0.4599999487400055,28.102001190185547,0.0003840207646135241,-0.0001256233808817342,1.0,1.0,1.0,0.15000000596046448,4.949999809265137,4.809999942779541,0.0,0.0,0.0,0.0,1.0
5.061476469039917,-0.00395551323890686,-0.14037881791591644,-0.09823261201381683,0.4599999487400055,28.12700080871582,0.00044425667147152126,-3.4050183330691652e-06,1.0,1.0,1.0,0.15000000596046448,4.949999809265137,4.809999942779541,0.0,0.0,0.0,0.0,1.0
5.061476469039917,-0.002538919448852539,-0.15528053045272827,-0.09813614189624786,0.4599999487400055,28.152000427246094,6.401457358151674e-05,-1.860489464888815e-05,1.0,1.0,1.0,0.15000000596046448,4.949999809265137,4.809999942779541,0.0,0.0,0.0,0.0,1.0
5.125510215759277,-0.005099356174468994,-0.15270297229290009,-0.09799109399318695,0.4599999487400055,28.177001953125,-0.0002565064060036093,-9.012268975538973e-08,1.0,1.0,1.0,0.15000000596046448,4.949999809265137,4.809999942779541,0.0,0.0,0.0,0.0,1.0
5.125510215759277,-0.01040765643119812,-0.13877834379673004,-0.09894032776355743,0.4599999487400055,28.202001571655273,-7.603575068060309e-05,0.00011999436537735164,1.0,1.0,1.0,0.15000000596046448,4.949999809265137,4.809999942779541,0.0,0.0,0.0,0.0,1.0
5.125510215759277,-0.010295569896697998,-0.13320982456207275,-0.09872497618198395,0.4599999487400055,28.227001190185547,0.0002886704751290381,0.00025873142294585705,1.0,1.0,1.0,0.15000000596046448,4.949999809265137,4.809999942779541,0.0,0.0,0.0,0.0,1.0
5.1866607666015625,-0.00450819730758667,-0.14242437481880188,-0.09776793420314789,0.4599999487400055,28.25200080871582,0.00043568259570747614,0.0001606954465387389,1.0,1.0,1.0,0.15000000596046448,4.949999809265137,4.809999942779541,0.0,0.0,0.0,0.0,1.0
5.1866607666015625,-0.00316619873046875,-0.15292316675186157,-0.09702001512050629,0.4599999487400055,28.277000427246094,0.00011796820035669953,-2.7987539397145156e-06,1.0,1.0,1.0,0.15000000596046448,4.949999809265137,4.809999942779541,0.0,0.0,0.0,0.0,1.0
5.250724792480469,-0.004578053951263428,-0.1526380181312561,-0.09720997512340546,0.4599999487400055,28.302001953125,-0.00020677420252468437,-5.3132422181079164e-05,1.0,1.0,1.0,0.15000000596046448,4.949999809265137,4.809999942779541,0.0,0.0,0.0,0.0,1.0
5.250724792480469,-0.004748106002807617,-0.1467912346124649,-0.09759961068630219,0.4599999487400055,28.327001571655273,-0.00014344781811814755,6.917348218848929e-05,1.0,1.0,1.0,0.15000000596046448,4.949999809265137,4.809999942779541,0.0,0.0,0.0,0.0,1.0
5.250724792480469,-0.0031957626342773438,-0.14130163192749023,-0.09767048060894012,0.4599999487400055,28.352001190185547,0.00015624934167135507,4.323318353272043e-05,1.0,1.0,1.0,0.15000000596046448,4.949999809265137,4.809999942779541,0.0,0.0,0.0,0.0,1.0
5.314065217971802,-0.0071974098682403564,-0.14839424192905426,-0.0972110778093338,0.4599999487400055,28.37700080871582,0.00027234386652708054,4.17509327235166e-05,1.0,1.0,1.0,0.15000000596046448,4.949999809265137,4.809999942779541,0.0,0.0,0.0,0.0,1.0
5.314065217971802,-0.014409750699996948,-0.1525944173336029,-0.09751884639263153,0.4599999487400055,28.402000427246094,8.569577767048031e-05,0.00024068565107882023,1.0,1.0,1.0,0.15000000596046448,4.949999809265137,4.809999942779541,0.0,0.0,0.0,0.0,1.0
5.377614259719849,-0.012947529554367065,-0.14533144235610962,-0.09820793569087982,0.4599999487400055,28.427001953125,-4.7539582737954333e-05,0.0003899867588188499,1.0,1.0,1.0,0.15000000596046448,4.949999809265137,4.809999942779541,0.0,0.0,0.0,0.0,1.0
5.377614259719849,-0.005807012319564819,-0.14050224423408508,-0.09780766069889069,0.4599999487400055,28.452001571655273,7.305650797206908e-05,0.00022386724594980478,1.0,1.0,1.0,0.15000000596046448,4.949999809265137,4.809999942779541,0.0,0.0,0.0,0.0,1.0
5.377614259719849,-0.00958368182182312,-0.14223437011241913,-0.09775464236736298,0.4599999487400055,28.477001190185547,0.0002203824114985764,0.000213521983823739,1.0,1.0,1.0,0.15000000596046448,4.949999809265137,4.809999942779541,0.0,0.0,0.0,0.0,1.0
5.43988823890686,-0.013747960329055786,-0.1548566222190857,-0.09851382672786713,0.4599999487400055,28.50200080871582,4.528364661382511e-05,0.000266589893726632,1.0,1.0,1.0,0.15000000596046448,4.949999809265137,4.809999942779541,0.0,0.0,0.0,0.0,1.0
5.43988823890686,-0.013738930225372314,-0.1558920443058014,-0.09881745278835297,0.4599999487400055,28.527000427246094,-0.0002065524458885193,0.0003589857369661331,1.0,1.0,1.0,0.15000000596046448,4.949999809265137,4.809999942779541,0.0,0.0,0.0,0.0,1.0
5.502908945083618,-0.010773539543151855,-0.15001404285430908,-0.09952382743358612,0.4599999487400055,28.552001953125,-0.0002736068272497505,0.0003085682401433587,1.0,1.0,1.0,0.15000000596046448,4.949999809265137,4.809999942779541,0.0,0.0,0.0,0.0,1.0
5.502908945083618,-0.010585814714431763,-0.14929477870464325,-0.0998540073633194,0.4599999487400055,28.577001571655273,-0.0001713834935799241,0.00017616336117498577,1.0,1.0,1.0,0.15000000596046448,4.949999809265137,4.809999942779541,0.0,0.0,0.0,0.0,1.0
5.502908945083618,-0.01318773627281189,-0.1523124873638153,-0.09934405982494354,0.4599999487400055,28.602001190185547,-0.00012400333071127534,0.00022239099780563265,1.0,1.0,1.0,0.15000000596046448,4.949999809265137,4.809999942779541,0.0,0.0,0.0,0.0,1.0
5.566160440444946,-0.013579100370407104,-0.1567995697259903,-0.09792248904705048,0.4599999487400055,28.62700080871582,-8.699546742718667e-05,0.000278227700619027,1.0,1.0,1.0,0.15000000596046448,4.949999809265137,4.809999942779541,0.0,0.0,0.0,0.0,1.0
5.566160440444946,-0.010231882333755493,-0.15314659476280212,-0.09773115813732147,0.4599999487400055,28.652000427246094,-0.00019144636462442577,0.00023041687381919473,1.0,1.0,1.0,0.15000000596046448,4.949999809265137,4.809999942779541,0.0,0.0,0.0,0.0,1.0
5.63016939163208,-0.007358431816101074,-0.1399487555027008,-0.09837926924228668,0.4599999487400055,28.677001953125,7.61812907512649e-06,0.00010208944149781018,1.0,1.0,1.0,0.15000000596046448,4.949999809265137,4.809999942779541,0.0,0.0,0.0,0.0,1.0
5.63016939163208,-0.010290801525115967,-0.1317443698644638,-0.09823726117610931,0.4599999487400055,28.702001571655273,0.0003666609700303525,6.662114174105227e-05,1.0,1.0,1.0,0.15000000596046448,4.949999809265137,4.809999942779541,0.0,0.0,0.0,0.0,1.0
5.63016939163208,-0.00975772738456726,-0.1329066902399063,-0.09808830916881561,0.4599999487400055,28.727001190185547,0.0006338871316984296,0.00010955344623653218,1.0,1.0,1.0,0.15000000596046448,4.949999809265137,4.809999942779541,0.0,0.0,0.0,0.0,1.0
5.693722248077393,-0.010193884372711182,-0.13964134454727173,-0.09819687902927399,0.4599999487400055,28.75200080871582,0.0005446633440442383,0.0001546947460155934,1.0,1.0,1.0,0.15000000596046448,4.949999809265137,4.809999942779541,0.0,0.0,0.0,0.0,1.0
5.693722248077393,-0.013300687074661255,-0.1385146677494049,-0.0990576297044754,0.4599999487400055,28.777000427246094,0.0002173069806303829,0.0001214131698361598,1.0,1.0,1.0,0.15000000596046448,4.949999809265137,4.809999942779541,0.0,0.0,0.0,0.0,1.0
5.693722248077393,-0.014783024787902832,-0.12746964395046234,-0.09919597208499908,0.4599999487400055,28.802001953125,0.00027798308292403817,0.00020100816618651152,1.0,1.0,1.0,0.15000000596046448,4.949999809265137,4.809999942779541,0.0,0.0,0.0,0.0,1.0
5.756673336029053,-0.012613385915756226,-0.12575726211071014,-0.09879599511623383,0.4599999487400055,28.827001571655273,0.0005363235250115395,0.000195177155546844,1.0,1.0,1.0,0.15000000596046448,4.949999809265137,4.809999942779541,0.0,0.0,0.0,0.0,1.0
5.756673336029053,-0.008293956518173218,-0.13083158433437347,-0.09848512709140778,0.4599999487400055,28.852001190185547,0.0005904940771870315,8.222398901125416e-05,1.0,1.0,1.0,0.15000000596046448,4.949999809265137,4.809999942779541,0.0,0.0,0.0,0.0,1.0
5.818969488143921,-0.0038087666034698486,-0.137435182929039,-0.09838394820690155,0.4599999487400055,28.87700080871582,0.00039846007712185383,-0.00013264111476019025,1.0,1.0,1.0,0.15000000596046448,4.949999809265137,4.809999942779541,0.0,0.0,0.0,0.0,1.0
5.818969488143921,-0.0023003816604614258,-0.13498501479625702,-0.09821061789989471,0.4599999487400055,28.902000427246094,9.963077172869816e-05,-0.00025271050981245935,1.0,1.0,1.0,0.15000000596046448,4.949999809265137,4.809999942779541,0.0,0.0,0.0,0.0,1.0
5.881120443344116,-0.0012491047382354736,-0.1249992847442627,-0.0978306382894516,0.4599999487400055,28.927001953125,0.00020133460930082947,-0.0002387990680290386,1.0,1.0,1.0,0.15000000596046448,4.949999809265137,4.809999942779541,0.0,0.0,0.0,0.0,1.0
5.881120443344116,-0.0007180571556091309,-0.12175700813531876,-0.09694994986057281,0.4599999487400055,28.952001571655273,0.0004256890097167343,-0.00023197656264528632,1.0,1.0,1.0,0.15000000596046448,4.949999809265137,4.809999942779541,0.0,0.0,0.0,0.0,1.0
5.881120443344116,-0.004291564226150513,-0.12699827551841736,-0.0964081734418869,0.4599999487400055,28.977001190185547,0.0005348429549485445,-0.00017519159882795066,1.0,1.0,1.0,0.15000000596046448,4.949999809265137,4.809999942779541,0.0,0.0,0.0,0.0,1.0
5.9433510303497314,-0.009257405996322632,-0.1338508427143097,-0.09654878079891205,0.4599999487400055,29.00200080871582,0.0002390221634414047,-2.0572406356222928e-05,1.0,1.0,1.0,0.15000000596046448,4.949999809265137,4.809999942779541,0.0,0.0,0.0,0.0,1.0
5.9433510303497314,-0.009383738040924072,-0.12654581665992737,-0.09710778295993805,0.4599999487400055,29.027000427246094,7.759924483252689e-05,0.00011300091864541173,1.0,1.0,1.0,0.15000000596046448,4.949999809265137,4.809999942779541,0.0,0.0,0.0,0.0,1.0
6.004350662231445,-0.005506426095962524,-0.1184418797492981,-0.09735517203807831,0.4599999487400055,29.052001953125,0.0002668773231562227,6.684575055260211e-05,1.0,1.0,1.0,0.15000000596046448,4.949999809265137,4.809999942779541,0.0,0.0,0.0,0.0,1.0
6.004350662231445,-0.003677576780319214,-0.11813846230506897,-0.0975603312253952,0.4599999487400055,29.077001571655273,0.0004928362905047834,-4.6776294766459614e-05,1.0,1.0,1.0,0.15000000596046448,4.949999809265137,4.809999942779541,0.0,0.0,0.0,0.0,1.0
6.004350662231445,-0.003407031297683716,-0.12150972336530685,-0.09770826995372772,0.4599999487400055,29.102001190185547,0.0005198611179366708,-8.627705392427742e-05,1.0,1.0,1.0,0.15000000596046448,4.949999809265137,4.809999942779541,0.0,0.0,0.0,0.0,1.0
6.067174673080444,-0.0023817121982574463,-0.12693814933300018,-0.09837491810321808,0.4599999487400055,29.12700080871582,0.00023713064729236066,-0.00016765776672400534,1.0,1.0,1.0,0.15000000596046448,4.949999809265137,4.809999942779541,0.0,0.0,0.0,0.0,1.0
6.067174673080444,-0.0038353800773620605,-0.12265925854444504,-0.09824289381504059,0.4599999487400055,29.152002334594727,4.4369109673425555e-05,-0.0001099063447327353,1.0,1.0,1.0,0.15000000596046448,4.949999809265137,4.809999942779541,0.0,0.0,0.0,0.0,1.0
6.130183458328247,-0.006186246871948242,-0.1215590089559555,-0.09795151650905609,0.4599999487400055,29.177001953125,4.01376310037449e-05,-6.658364145550877e-05,1.0,1.0,1.0,0.15000000596046448,4.949999809265137,4.809999942779541,0.0,0.0,0.0,0.0,1.0
6.130183458328247,-0.00865432620048523,-0.12604157626628876,-0.09774799644947052,0.4599999487400055,29.202001571655273,4.657116733142175e-05,3.331683183205314e-05,1.0,1.0,1.0,0.15000000596046448,4.949999809265137,4.809999942779541,0.0,0.0,0.0,0.0,1.0
6.130183458328247,-0.010994523763656616,-0.13126371800899506,-0.09734795987606049,0.4599999487400055,29.227001190185547,-4.54057335446123e-05,0.00010282167204422876,1.0,1.0,1.0,0.15000000596046448,4.949999809265137,4.809999942779541,0.0,0.0,0.0,0.0,1.0
6.192289113998413,-0.0094032883644104,-0.12810876965522766,-0.09711487591266632,0.4599999487400055,29.25200080871582,-0.00019206845900043845,0.00019328617781866342,1.0,1.0,1.0,0.15000000596046448,4.949999809265137,4.809999942779541,0.0,0.0,0.0,0.0,1.0
6.192289113998413,-0.006838589906692505,-0.12265728414058685,-0.09726117551326752,0.4599999487400055,29.277002334594727,-0.00015105075726751238,7.437147723976523e-05,1.0,1.0,1.0,0.15000000596046448,4.949999809265137,4.809999942779541,0.0,0.0,0.0,0.0,1.0
6.254040241241455,-0.005972564220428467,-0.11874791979789734,-0.0975419133901596,0.4599999487400055,29.302001953125,-3.784315049415454e-05,-6.162092904560268e-05,1.0,1.0,1.0,0.15000000596046448,4.949999809265137,4.809999942779541,0.0,0.0,0.0,0.0,1.0
6.254040241241455,-0.007255136966705322,-0.12140950560569763,-0.09770305454730988,0.4599999487400055,29.327001571655273,8.385298860957846e-05,-6.397225661203265e-05,1.0,1.0,1.0,0.15000000596046448,4.949999809265137,4.809999942779541,0.0,0.0,0.0,0.0,1.0
6.254040241241455,-0.006571739912033081,-0.12528885900974274,-0.09830696880817413,0.4599999487400055,29.352001190185547,1.4238668882171623e-05,2.3793065338395536e-05,1.0,1.0,1.0,0.15000000596046448,4.949999809265137,4.809999942779541,0.0,0.0,0.0,0.0,1.0
6.317548751831055,-0.008979380130767822,-0.12746283411979675,-0.0988197773694992,0.4599999487400055,29.37700080871582,-0.00018482825544197112,8.258211164502427e-05,1.0,1.0,1.0,0.15000000596046448,4.949999809265137,4.809999942779541,0.0,0.0,0.0,0.0,1.0
6.317548751831055,-0.01088687777519226,-0.12233216315507889,-0.09874807298183441,0.4599999487400055,29.402002334594727,-0.00018131322576664388,0.00023050940944813192,1.0,1.0,1.0,0.15000000596046448,4.949999809265137,4.809999942779541,0.0,0.0,0.0,0.0,1.0
6.3821306228637695,-0.01018911600112915,-0.12263745069503784,-0.09845073521137238,0.4599999487400055,29.427001953125,-6.560754991369322e-05,0.00026421569054946303,1.0,1.0,1.0,0.15000000596046448,4.949999809265137,4.809999942779541,0.0,0.0,0.0,0.0,1.0
6.3821306228637695,-0.005226075649261475,-0.12936900556087494,-0.09811367094516754,0.4599999487400055,29.452001571655273,-9.864704043138772e-05,0.00013831596879754215,1.0,1.0,1.0,0.15000000596046448,4.949999809265137,4.809999942779541,0.0,0.0,0.0,0.0,1.0
6.3821306228637695,-0.003203481435775757,-0.13530084490776062,-0.0978221446275711,0.4599999487400055,29.477001190185547,-0.00024394309730269015,4.534664640232222e-06,1.0,1.0,1.0,0.15000000596046448,4.949999809265137,4.809999942779541,0.0,0.0,0.0,0.0,1.0
6.444231986999512,-0.0030838847160339355,-0.13435517251491547,-0.09787191450595856,0.4599999487400055,29.50200080871582,-0.00046122109051793814,-7.372233812930062e-05,1.0,1.0,1.0,0.15000000596046448,4.949999809265137,4.809999942779541,0.0,0.0,0.0,0.0,1.0
6.444231986999512,-0.0032473206520080566,-0.12458473443984985,-0.09782929718494415,0.4599999487400055,29.527002334594727,-0.00029794880538247526,-6.241326627787203e-05,1.0,1.0,1.0,0.15000000596046448,4.949999809265137,4.809999942779541,0.0,0.0,0.0,0.0,1.0
6.506833791732788,-0.002781122922897339,-0.11817231774330139,-0.09761594235897064,0.4599999487400055,29.552001953125,0.00012683820386882871,1.9316246380185476e-06,1.0,1.0,1.0,0.15000000596046448,4.949999809265137,4.809999942779541,0.0,0.0,0.0,0.0,1.0
6.506833791732788,-0.003855884075164795,-0.12410704791545868,-0.09731651842594147,0.4599999487400055,29.577001571655273,0.00025142598315142095,4.070616341778077e-05,1.0,1.0,1.0,0.15000000596046448,4.949999809265137,4.809999942779541,0.0,0.0,0.0,0.0,1.0
6.506833791732788,-0.004715710878372192,-0.1280311942100525,-0.09736798703670502,0.4599999487400055,29.602001190185547,7.92697464930825e-05,3.386301614227705e-05,1.0,1.0,1.0,0.15000000596046448,4.949999809265137,4.809999942779541,0.0,0.0,0.0,0.0,1.0
6.570096731185913,-0.005612194538116455,-0.12140388041734695,-0.09772063791751862,0.4599999487400055,29.62700080871582,5.610829975921661e-05,0.00010068142000818625,1.0,1.0,1.0,0.15000000596046448,4.949999809265137,4.809999942779541,0.0,0.0,0.0,0.0,1.0
6.570096731185913,-0.0010376274585723877,-0.11763706058263779,-0.09756045043468475,0.4599999487400055,29.652002334594727,0.00012989573588129133,1.790082205843646e-05,1.0,1.0,1.0,0.15000000596046448,4.949999809265137,4.809999942779541,0.0,0.0,0.0,0.0,1.0
6.634110927581787,-0.0015047192573547363,-0.12378733605146408,-0.09726910293102264,0.4599999487400055,29.677001953125,0.00010287757322657853,-5.99798840994481e-05,1.0,1.0,1.0,0.15000000596046448,4.949999809265137,4.809999942779541,0.0,0.0,0.0,0.0,1.0
6.634110927581787,-0.004491269588470459,-0.12755587697029114,-0.09744895994663239,0.4599999487400055,29.702001571655273,1.6577178030274808e-06,-8.429140507359989e-06,1.0,1.0,1.0,0.15000000596046448,4.949999809265137,4.809999942779541,0.0,0.0,0.0,0.0,1.0
6.634110927581787,-0.004947155714035034,-0.12863311171531677,-0.09751243889331818,0.4599999487400055,29.727001190185547,-0.00011159609130118042,4.338958751759492e-05,1.0,1.0,1.0,0.15000000596046448,4.949999809265137,4.809999942779541,0.0,0.0,0.0,0.0,1.0
6.697661399841309,-0.007322192192077637,-0.13015717267990112,-0.09700749814510345,0.4599999487400055,29.75200080871582,-0.00030130421509966254,0.00012881966540589929,1.0,1.0,1.0,0.15000000596046448,4.949999809265137,4.809999942779541,0.0,0.0,0.0,0.0,1.0
6.697661399841309,-0.008417069911956787,-0.135244220495224,-0.09688632190227509,0.4599999487400055,29.777002334594727,-0.0004979274235665798,0.00020133423095103353,1.0,1.0,1.0,0.15000000596046448,4.949999809265137,4.809999942779541,0.0,0.0,0.0,0.0,1.0
6.697661399841309,-0.012347161769866943,-0.1440294235944748,-0.09633378684520721,0.4599999487400055,29.802001953125,-0.0006729127489961684,0.0003133821301162243,1.0,1.0,1.0,0.15000000596046448,4.949999809265137,4.809999942779541,0.0,0.0,0.0,0.0,1.0
6.760908603668213,-0.014185398817062378,-0.15071898698806763,-0.09621648490428925,0.4599999487400055,29.827001571655273,-0.0007821263279765844,0.00042046577436849475,1.0,1.0,1.0,0.15000000596046448,4.949999809265137,4.809999942779541,0.0,0.0,0.0,0.0,1.0
6.760908603668213,-0.009618639945983887,-0.1515629142522812,-0.09620533883571625,0.4599999487400055,29.852001190185547,-0.0008953727083280683,0.00035246784682385623,1.0,1.0,1.0,0.15000000596046448,4.949999809265137,4.809999942779541,0.0,0.0,0.0,0.0,1.0
6.8249406814575195,-0.007066130638122559,-0.14391708374023438,-0.0967182070016861,0.4599999487400055,29.87700080871582,-0.0007335347472690046,0.0001924310636240989,1.0,1.0,1.0,0.15000000596046448,4.949999809265137,4.809999942779541,0.0,0.0,0.0,0.0,1.0
6.8249406814575195,-0.003402411937713623,-0.14132638275623322,-0.09694446623325348,0.4599999487400055,29.902002334594727,-0.0005634573753923178,2.633422991493717e-05,1.0,1.0,1.0,0.15000000596046448,4.949999809265137,4.809999942779541,0.0,0.0,0.0,0.0,1.0
6.8249406814575195,-0.002580493688583374,-0.1449655294418335,-0.0967414528131485,0.4599999487400055,29.927001953125,-0.0004120466473978013,-5.301452983985655e-05,1.0,1.0,1.0,0.15000000596046448,4.949999809265137,4.809999942779541,0.0,0.0,0.0,0.0,1.0
6.887892007827759,-0.002317756414413452,-0.14514389634132385,-0.09698136150836945,0.4599999487400055,29.952001571655273,-0.00033912985236383975,-5.962570139672607e-05,1.0,1.0,1.0,0.15000000596046448,4.949999809265137,4.809999942779541,0.0,0.0,0.0,0.0,1.0
6.887892007827759,-0.00478971004486084,-0.14533890783786774,-0.09741853177547455,0.4599999487400055,29.977001190185547,-0.0003934847190976143,1.9047776731895283e-05,1.0,1.0,1.0,0.15000000596046448,4.949999809265137,4.809999942779541,0.0,0.0,0.0,0.0,1.0
6.9497692584991455,-0.006541699171066284,-0.1449202448129654,-0.0972246378660202,0.4599999487400055,30.00200080871582,-0.00044844619696959853,8.966959285316989e-05,1.0,1.0,1.0,0.15000000596046448,4.949999809265137,4.809999942779541,0.0,0.0,0.0,0.0,1.0
6.9497692584991455,-0.006073087453842163,-0.1482791006565094,-0.09670953452587128,0.4599999487400055,30.027002334594727,-0.0004292617959436029,0.00011422693933127448,1.0,1.0,1.0,0.15000000596046448,4.949999809265137,4.809999942779541,0.0,0.0,0.0,0.0,1.0
6.9497692584991455,-0.006556153297424316,-0.15520034730434418,-0.09636862576007843,0.4599999487400055,30.052001953125,-0.0004691294743679464,0.00013428782403934747,1.0,1.0,1.0,0.15000000596046448,4.949999809265137,4.809999942779541,0.0,0.0,0.0,0.0,1.0
7.011771202087402,-0.0033648014068603516,-0.15996688604354858,-0.09618864953517914,0.4599999487400055,30.077001571655273,-0.000589836563449353,4.907655602437444e-05,1.0,1.0,1.0,0.15000000596046448,4.949999809265137,4.809999942779541,0.0,0.0,0.0,0.0,1.0
7.011771202087402,-0.002582371234893799,-0.1550920158624649,-0.09655652940273285,0.4599999487400055,30.102001190185547,-0.0006377301760949194,-3.187331458320841e-05,1.0,1.0,1.0,0.15000000596046448,4.949999809265137,4.809999942779541,0.0,0.0,0.0,0.0,1.0
7.074489593505859,-0.0037279725074768066,-0.1486453413963318,-0.0966089516878128,0.4599999487400055,30.12700080871582,-0.0004275173123460263,-2.6062391043524258e-05,1.0,1.0,1.0,0.15000000596046448,4.949999809265137,4.809999942779541,0.0,0.0,0.0,0.0,1.0
7.074489593505859,-0.004930675029754639,-0.14388135075569153,-0.09612847864627838,0.4599999487400055,30.152002334594727,-0.00013800346641801298,4.2251733248122036e-05,1.0,1.0,1.0,0.15000000596046448,4.949999809265137,4.809999942779541,0.0,0.0,0.0,0.0,1.0
7.074489593505859,-0.008356332778930664,-0.14785563945770264,-0.09583400189876556,0.4599999487400055,30.177001953125,2.7152620532433502e-05,0.00012788554886355996,1.0,1.0,1.0,0.15000000596046448,4.949999809265137,4.809999942779541,0.0,0.0,0.0,0.0,1.0
7.137288570404053,-0.010765135288238525,-0.15023359656333923,-0.09639321267604828,0.4599999487400055,30.202001571655273,-6.553709681611508e-05,0.00019288199837319553,1.0,1.0,1.0,0.15000000596046448,4.949999809265137,4.809999942779541,0.0,0.0,0.0,0.0,1.0
7.137288570404053,-0.010546505451202393,-0.14553657174110413,-0.0966997891664505,0.4599999487400055,30.227001190185547,-6.314147321972996e-05,0.00026611817884258926,1.0,1.0,1.0,0.15000000596046448,4.949999809265137,4.809999942779541,0.0,0.0,0.0,0.0,1.0
7.200850009918213,-0.007497042417526245,-0.13742315769195557,-0.09663103520870209,0.4599999487400055,30.25200080871582,0.00012760315439663827,0.00019462069030851126,1.0,1.0,1.0,0.15000000596046448,4.949999809265137,4.809999942779541,0.0,0.0,0.0,0.0,1.0
7.200850009918213,-0.006382793188095093,-0.13867801427841187,-0.09649588167667389,0.4599999487400055,30.277002334594727,0.0002906144945882261,0.00011727264063665643,1.0,1.0,1.0,0.15000000596046448,4.949999809265137,4.809999942779541,0.0,0.0,0.0,0.0,1.0
7.200850009918213,-0.0056867897510528564,-0.14283747971057892,-0.09555335342884064,0.4599999487400055,30.302001953125,0.0003391216159798205,0.00013593005132861435,1.0,1.0,1.0,0.15000000596046448,4.949999809265137,4.809999942779541,0.0,0.0,0.0,0.0,1.0
7.263411045074463,-0.007563382387161255,-0.14021001756191254,-0.09497632086277008,0.4599999487400055,30.327001571655273,0.0003385217860341072,0.00019778691057581455,1.0,1.0,1.0,0.15000000596046448,4.949999809265137,4.809999942779541,0.0,0.0,0.0,0.0,1.0
7.263411045074463,-0.004486769437789917,-0.13835455477237701,-0.09460051357746124,0.4599999487400055,30.352001190185547,0.0003017478156834841,0.00015421332500409335,1.0,1.0,1.0,0.15000000596046448,4.949999809265137,4.809999942779541,0.0,0.0,0.0,0.0,1.0
7.326395034790039,-0.0036750435829162598,-0.13739392161369324,-0.09434087574481964,0.4599999487400055,30.37700080871582,0.00025001761969178915,7.694924715906382e-05,1.0,1.0,1.0,0.15000000596046448,4.949999809265137,4.809999942779541,0.0,0.0,0.0,0.0,1.0
7.326395034790039,-0.003886610269546509,-0.13444393873214722,-0.09401758015155792,0.4599999487400055,30.402002334594727,0.00041910583968274295,0.00010035798186436296,1.0,1.0,1.0,0.15000000596046448,4.949999809265137,4.809999942779541,0.0,0.0,0.0,0.0,1.0
7.326395034790039,-0.00401073694229126,-0.1351199746131897,-0.09352155029773712,0.4599999487400055,30.427001953125,0.0005376329645514488,7.47364538256079e-05,1.0,1.0,1.0,0.15000000596046448,4.949999809265137,4.809999942779541,0.0,0.0,0.0,0.0,1.0
7.390034914016724,-0.0038367509841918945,-0.13864947855472565,-0.09366999566555023,0.4599999487400055,30.452001571655273,0.00038110619061626494,0.00011365271348040551,1.0,1.0,1.0,0.15000000596046448,4.949999809265137,4.809999942779541,0.0,0.0,0.0,0.0,1.0
7.390034914016724,-0.0010263323783874512,-0.13225969672203064,-0.09387831389904022,0.4599999487400055,30.477001190185547,0.00028695043874904513,1.7701826436677948e-05,1.0,1.0,1.0,0.15000000596046448,4.949999809265137,4.809999942779541,0.0,0.0,0.0,0.0,1.0
7.451490163803101,-0.0023557841777801514,-0.1296870857477188,-0.09375260770320892,0.4599999487400055,30.50200080871582,0.0004594337660819292,5.830878944834694e-05,1.0,1.0,1.0,0.15000000596046448,4.949999809265137,4.809999942779541,0.0,0.0,0.0,0.0,1.0
7.451490163803101,-0.0040739476680755615,-0.134473517537117,-0.09325791895389557,0.4599999487400055,30.527002334594727,0.00040993912261910737,0.00011447634460637346,1.0,1.0,1.0,0.15000000596046448,4.949999809265137,4.809999942779541,0.0,0.0,0.0,0.0,1.0
7.451490163803101,-0.004484117031097412,-0.13528385758399963,-0.09315641224384308,0.4599999487400055,30.552001953125,0.0003511750837787986,0.00015811127377673984,1.0,1.0,1.0,0.15000000596046448,4.949999809265137,4.809999942779541,0.0,0.0,0.0,0.0,1.0
7.513691663742065,-0.005227237939834595,-0.13265325129032135,-0.09286268055438995,0.4599999487400055,30.577001571655273,0.0003181076026521623,0.00015048368368297815,1.0,1.0,1.0,0.15000000596046448,4.949999809265137,4.809999942779541,0.0,0.0,0.0,0.0,1.0
7.513691663742065,-0.009519457817077637,-0.1237710565328598,-0.09250111877918243,0.4599999487400055,30.602001190185547,0.0004160706594120711,0.00025539708440192044,1.0,1.0,1.0,0.15000000596046448,4.949999809265137,4.809999942779541,0.0,0.0,0.0,0.0,1.0
7.576263904571533,-0.009654194116592407,-0.11811010539531708,-0.09237469732761383,0.4599999487400055,30.62700080871582,0.0006278394139371812,0.0003043585456907749,1.0,1.0,1.0,0.15000000596046448,4.949999809265137,4.809999942779541,0.0,0.0,0.0,0.0,1.0
7.576263904571533,-0.007980138063430786,-0.12005190551280975,-0.0912359207868576,0.4599999487400055,30.652002334594727,0.0007149548619054258,0.00029356282902881503,1.0,1.0,1.0,0.15000000596046448,4.949999809265137,4.809999942779541,0.0,0.0,0.0,0.0,1.0
7.576263904571533,-0.005407452583312988,-0.12105472385883331,-0.09083129465579987,0.4599999487400055,30.677001953125,0.0006561071495525539,0.00016453952412120998,1.0,1.0,1.0,0.15000000596046448,4.949999809265137,4.809999942779541,0.0,0.0,0.0,0.0,1.0
7.639817237854004,-0.003145575523376465,-0.12267351895570755,-0.09095676243305206,0.4599999487400055,30.702001571655273,0.00044476980110630393,4.4510525185614824e-05,1.0,1.0,1.0,0.15000000596046448,4.949999809265137,4.809999942779541,0.0,0.0,0.0,0.0,1.0
7.639817237854004,-0.0025193393230438232,-0.12183970212936401,-0.09089265763759613,0.4599999487400055,30.727001190185547,0.00033519588760100305,9.675598448666278e-06,1.0,1.0,1.0,0.15000000596046448,4.949999809265137,4.809999942779541,0.0,0.0,0.0,0.0,1.0
7.70282769203186,-0.0024961233139038086,-0.12284281849861145,-0.09088830649852753,0.4599999487400055,30.75200080871582,0.0003016377449966967,6.431278507079696e-06,1.0,1.0,1.0,0.15000000596046448,4.949999809265137,4.809999942779541,0.0,0.0,0.0,0.0,1.0
7.70282769203186,-0.003743767738342285,-0.12821327149868011,-0.09139217436313629,0.4599999487400055,30.777002334594727,0.000255355320405215,3.5646353353513405e-05,1.0,1.0,1.0,0.15000000596046448,4.949999809265137,4.809999942779541,0.0,0.0,0.0,0.0,1.0
7.70282769203186,-0.007113218307495117,-0.13332383334636688,-0.09133435785770416,0.4599999487400055,30.802001953125,3.059886512346566e-05,0.00012324730050750077,1.0,1.0,1.0,0.15000000596046448,4.949999809265137,4.809999942779541,0.0,0.0,0.0,0.0,1.0
7.765702486038208,-0.008960425853729248,-0.1295127123594284,-0.09191514551639557,0.4599999487400055,30.827001571655273,-1.6316967958118767e-05,0.00022094948508311063,1.0,1.0,1.0,0.15000000596046448,4.949999809265137,4.809999942779541,0.0,0.0,0.0,0.0,1.0
7.765702486038208,-0.0069119930267333984,-0.12619422376155853,-0.09204058349132538,0.4599999487400055,30.852001190185547,-4.029574029118521e-06,0.0002090607740683481,1.0,1.0,1.0,0.15000000596046448,4.949999809265137,4.809999942779541,0.0,0.0,0.0,0.0,1.0
7.827554225921631,-0.005181550979614258,-0.12450750172138214,-0.09165187180042267,0.4599999487400055,30.87700080871582,0.00014655022823717445,0.00013033018331043422,1.0,1.0,1.0,0.15000000596046448,4.949999809265137,4.809999942779541,0.0,0.0,0.0,0.0,1.0
7.827554225921631,-0.0059046149253845215,-0.1270235776901245,-0.09122996032238007,0.4599999487400055,30.902002334594727,0.0001726881309878081,8.641547901788726e-05,1.0,1.0,1.0,0.15000000596046448,4.949999809265137,4.809999942779541,0.0,0.0,0.0,0.0,1.0
7.827554225921631,-0.006893903017044067,-0.12930336594581604,-0.09082041680812836,0.4599999487400055,30.927001953125,7.789619849063456e-05,9.905007027555257e-05,1.0,1.0,1.0,0.15000000596046448,4.949999809265137,4.809999942779541,0.0,0.0,0.0,0.0,1.0
7.890625476837158,-0.006339967250823975,-0.13108670711517334,-0.0903792530298233,0.4599999487400055,30.952001571655273,-0.00012696221529040486,0.00018254465248901397,1.0,1.0,1.0,0.15000000596046448,4.949999809265137,4.809999942779541,0.0,0.0,0.0,0.0,1.0
7.890625476837158,-0.007329165935516357,-0.13206328451633453,-0.09008298814296722,0.4599999487400055,30.977001190185547,-0.00023597343533765525,0.0002101408172165975,1.0,1.0,1.0,0.15000000596046448,4.949999809265137,4.809999942779541,0.0,0.0,0.0,0.0,1.0
7.952154636383057,-0.007852375507354736,-0.13132427632808685,-0.08984486758708954,0.4599999487400055,31.00200080871582,-0.0001812134578358382,0.00023481840617023408,1.0,1.0,1.0,0.15000000596046448,4.949999809265137,4.809999942779541,0.0,0.0,0.0,0.0,1.0
7.952154636383057,-0.007308542728424072,-0.13531365990638733,-0.09023980796337128,0.4599999487400055,31.027002334594727,-0.00017082985141314566,0.00021612113050650805,1.0,1.0,1.0,0.15000000596046448,4.949999809265137,4.809999942779541,0.0,0.0,0.0,0.0,1.0
7.952154636383057,-0.006233423948287964,-0.13578547537326813,-0.09059067070484161,0.4599999487400055,31.052001953125,-0.00026217897539027035,0.00019216623331885785,1.0,1.0,1.0,0.15000000596046448,4.949999809265137,4.809999942779541,0.0,0.0,0.0,0.0,1.0
8.014924049377441,-0.0010509192943572998,-0.13293470442295074,-0.09071911871433258,0.4599999487400055,31.077001571655273,-0.00030259916093200445,5.8048048231285065e-05,1.0,1.0,1.0,0.15000000596046448,4.949999809265137,4.809999942779541,0.0,0.0,0.0,0.0,1.0
8.014924049377441,-0.0018367469310760498,-0.12947653234004974,-0.09066392481327057,0.4599999487400055,31.102001190185547,-0.00017842318629845977,-1.656450876907911e-05,1.0,1.0,1.0,0.15000000596046448,4.949999809265137,4.809999942779541,0.0,0.0,0.0,0.0,1.0
