t_us,run_id,gap,gx,gy,gz,omega_sp,alpha_ff,tilt_x,tilt_y,thrust,angle,erpm,torque,angle_sp,offset_us,erpm_lower,servo_tilt,height,height_raw,height_sp,vz,vz_sp,az,vbat
281593692,2,0,-0.003,0.0,0.001,0.0,0.0,0.0,0.0,0.0,0.0012000000000000001,0.0,0.0,0.0,0.0,0.0,0.0,0.4681,0.46900000000000003,0.0,-0.001,0.0,-0.043000000000000003,11.283
281598677,2,0,-0.005,-0.002,0.003,0.0,0.0,0.0,0.0,0.0,0.0012000000000000001,0.0,0.0,0.0,4985.0,0.0,0.0,0.4681,0.46900000000000003,0.0,-0.001,0.0,-0.055,11.283
281603764,2,0,-0.003,-0.002,-0.002,0.0,0.0,0.0,0.0,0.0,0.0012000000000000001,0.0,0.0,0.0,10072.0,0.0,0.0,0.46840000000000004,0.46900000000000003,0.0,0.006,0.0,-0.053,11.171
281605797,2,0,-0.004,-0.003,0.003,0.0,0.0,0.0,0.0,0.0,0.0012000000000000001,1232.0,0.0,0.0,12105.0,1076.0,0.0,0.46840000000000004,0.46900000000000003,0.0,0.006,0.0,-0.044,11.171
281610651,2,0,0.001,-0.003,-0.044,0.0,0.0,0.0,0.0,0.0,0.0012000000000000001,1152.0,0.0,0.0,16959.0,1076.0,0.0,0.46840000000000004,0.46900000000000003,0.0,0.006,0.0,-0.076,11.171
281615653,2,0,0.0,-0.003,-0.01,0.0,0.0,0.0,0.0,0.0,0.0012000000000000001,1152.0,0.0,0.0,0.0,1076.0,0.0,0.4693,0.47100000000000003,0.0,0.023,0.0,-0.012,11.171
281620657,2,0,-0.001,-0.004,0.023,0.0,0.0,0.0,0.0,0.0,0.0011,1152.0,0.0,0.0,5004.0,1076.0,0.0,0.4693,0.47100000000000003,0.0,0.023,0.0,-0.059000000000000004,11.171
281622659,2,0,0.0,-0.002,0.0,0.0,0.0,0.0,0.0,0.0,0.0012000000000000001,1152.0,0.0,0.0,7006.0,1076.0,0.0,0.4706,0.47300000000000003,0.0,0.044,0.0,-0.11,11.247
281627662,2,0,-0.003,0.001,0.016,0.0,0.0,0.0,0.0,0.0,0.0011,1152.0,0.0,0.0,12009.0,1076.0,0.0,0.4706,0.47300000000000003,0.0,0.044,0.0,-0.105,11.247
281631689,2,0,0.009000000000000001,-0.005,-0.022,0.0,0.0,0.0,0.0,0.01,0.0011,1756.0,0.0,0.0,16036.0,920.0,0.0,0.47140000000000004,0.47300000000000003,0.0,0.052000000000000005,0.0,-0.068,11.247
281633749,2,0,0.005,-0.009000000000000001,-0.04,0.0,0.0,0.0,0.0,0.01,0.0012000000000000001,1756.0,0.0,0.0,0.0,920.0,0.0,0.47140000000000004,0.47300000000000003,0.0,0.052000000000000005,0.0,-0.225,11.247
281638702,2,0,-0.01,0.005,0.094,0.0,0.0,0.0,0.0,0.01,0.0011,1756.0,0.0,0.0,4953.0,920.0,0.0,0.47140000000000004,0.47300000000000003,0.0,0.052000000000000005,0.0,-0.231,11.247
281643757,2,0,0.005,0.001,0.007,0.0,0.0,0.0,0.0,0.02,0.0011,1756.0,0.0,0.0,10008.0,920.0,0.0,0.47200000000000003,0.47300000000000003,0.0,0.052000000000000005,0.0,-0.186,11.175
281646671,2,0,-0.004,0.001,-0.061,0.0,0.0,0.0,0.0,0.02,0.0011,1756.0,0.0,0.0,12922.0,920.0,0.0,0.47200000000000003,0.47300000000000003,0.0,0.052000000000000005,0.0,-0.148,11.175
281651673,2,0,0.013000000000000001,0.0,0.08,0.0,0.0,0.0,0.0,0.03,0.0011,1756.0,0.0,0.0,17924.0,19584.0,0.0,0.47200000000000003,0.47300000000000003,0.0,0.052000000000000005,0.0,-0.052000000000000005,11.175
281653767,2,0,0.016,-0.001,0.057,0.0,0.0,0.0,0.0,0.04,0.0011,2008.0,0.0,0.0,0.0,29296.0,0.0,0.4723,0.47300000000000003,0.0,0.049,0.0,-0.131,11.175
281658764,2,0,-0.006,0.003,-0.129,0.0,0.0,0.0,0.0,0.04,0.0012000000000000001,2008.0,0.0,0.0,4997.0,29296.0,0.0,0.4723,0.47300000000000003,0.0,0.049,0.0,-0.044,11.175
281663764,2,0,0.008,-0.003,0.038,0.0,0.0,0.0,0.0,0.05,0.0011,2008.0,0.0,0.0,9997.0,29296.0,0.0,0.47290000000000004,0.47400000000000003,0.0,0.051000000000000004,0.0,0.015,11.182
281666679,2,0,0.018000000000000002,-0.001,0.035,0.0,0.0,0.0,0.0,0.06,0.0012000000000000001,2008.0,0.0,0.0,12912.0,10080.0,0.0,0.47290000000000004,0.47400000000000003,0.0,0.051000000000000004,0.0,-0.092,11.182
281671758,2,0,-0.018000000000000002,0.004,-0.146,0.0,0.0,0.0,0.0,0.07,0.0012000000000000001,2008.0,0.0,0.0,17991.0,14368.0,0.0,0.4726,0.47200000000000003,0.0,0.034,0.0,-0.002,11.182
281673779,2,0,0.0,0.002,-0.094,0.0,0.0,0.0,0.0,0.08,0.0012000000000000001,2008.0,0.0,0.0,0.0,14368.0,0.0,0.4726,0.47200000000000003,0.0,0.034,0.0,0.11800000000000001,11.182
281678551,2,0,0.013000000000000001,-0.004,0.057,0.0,0.0,0.0,0.0,0.08,0.0012000000000000001,1768.0,0.0,0.0,4772.0,936.0,0.0,0.4726,0.47200000000000003,0.0,0.034,0.0,0.11900000000000001,11.182
281682732,2,0,-0.001,0.007,-0.018000000000000002,0.0,0.0,0.0,0.0,0.09,0.0012000000000000001,1768.0,0.0,0.0,8953.0,1144.0,0.0,0.4717,0.47000000000000003,0.0,0.009000000000000001,0.0,-0.008,11.182
281686910,2,0,-0.007,-0.002,-0.031,0.0,0.0,0.0,0.0,0.1,0.0012000000000000001,1512.0,0.0,0.0,13131.0,1472.0,0.0,0.4717,0.47000000000000003,0.0,0.009000000000000001,0.0,-0.084,11.182
281691552,2,0,0.012,0.005,0.123,0.0,0.0,0.0,0.0,0.11,0.0012000000000000001,1352.0,0.0,0.0,17773.0,1472.0,0.0,0.4717,0.47000000000000003,0.0,0.009000000000000001,0.0,-0.001,11.182
281693823,2,0,0.008,0.007,0.094,0.0,0.0,0.0,0.0,0.11,0.0012000000000000001,1232.0,0.0,0.0,0.0,1668.0,0.0,0.4707,0.46900000000000003,0.0,-0.011,0.0,-0.048,11.182
281698570,2,0,0.007,0.007,-0.011,0.0,0.0,0.0,0.0,0.12,0.0012000000000000001,1232.0,0.0,0.0,4747.0,2084.0,0.0,0.4707,0.46900000000000003,0.0,-0.011,0.0,-0.065,11.182
281703799,2,0,-0.003,0.0,0.089,0.0,0.0,0.0,0.0,0.14,0.0011,1232.0,0.0,0.0,9976.0,2456.0,0.0,0.4698,0.468,0.0,-0.028,0.0,0.016,11.194
281706550,2,0,0.01,0.003,0.1,0.0,0.0,0.0,0.0,0.14,0.0012000000000000001,1228.0,0.0,0.0,12727.0,2456.0,0.0,0.4698,0.468,0.0,-0.028,0.0,0.024,11.194
281710552,2,0,0.006,0.002,0.018000000000000002,0.0,0.0,0.0,0.0,0.16,0.0012000000000000001,1568.0,0.0,0.0,16729.0,3064.0,0.0,0.4698,0.468,0.0,-0.028,0.0,-0.011,11.194
281714756,2,0,-0.004,0.002,-0.022,0.0,0.0,0.0,0.0,0.16,0.0012000000000000001,1916.0,0.0,0.0,0.0,3348.0,0.0,0.46950000000000003,0.46900000000000003,0.0,-0.028,0.0,-0.041,11.194
281718808,2,0,0.006,-0.005,0.037,0.0,0.0,0.0,0.0,0.18,0.0012000000000000001,1916.0,0.0,0.0,4052.0,3668.0,0.0,0.46950000000000003,0.46900000000000003,0.0,-0.028,0.0,0.001,11.194
281723557,2,0,0.009000000000000001,0.001,-0.017,0.0,0.0,0.0,0.0,0.19,0.0013000000000000002,2380.0,0.0,0.0,8801.0,3780.0,0.0,0.4697,0.47000000000000003,0.0,-0.019,0.0,0.039,11.278
281725766,2,0,-0.015,0.004,-0.07100000000000001,0.0,0.0,0.0,0.0,0.2,0.0013000000000000002,2724.0,0.0,0.0,11010.0,3788.0,0.0,0.4697,0.47000000000000003,0.0,-0.019,0.0,0.022,11.278
281730764,2,0,0.015,-0.006,0.01,0.0,0.0,0.0,0.0,0.21,0.0013000000000000002,2892.0,0.0,0.0,16008.0,4032.0,0.0,0.4697,0.47000000000000003,0.0,-0.019,0.0,0.05,11.278
281736668,2,0,0.0,0.006,-0.036000000000000004,0.0,0.0,0.0,0.0,0.23,0.0013000000000000002,3200.0,0.0,0.0,0.0,4280.0,0.0,0.46940000000000004,0.46900000000000003,0.0,-0.02,0.0,0.149,11.278
281738815,2,0,-0.002,0.0,-0.062,0.0,0.0,0.0,0.0,0.23,0.0013000000000000002,3372.0,0.0,0.0,2147.0,4380.0,0.0,0.46940000000000004,0.46900000000000003,0.0,-0.02,0.0,0.124,11.278
281743558,2,0,0.002,-0.008,-0.007,0.0,0.0,0.0,0.0,0.25,0.0013000000000000002,3720.0,0.0,0.0,6890.0,4700.0,0.0,0.4693,0.46900000000000003,0.0,-0.019,0.0,0.18,11.202
281745786,2,0,-0.01,0.006,0.02,0.0,0.0,0.0,0.0,0.25,0.0013000000000000002,3880.0,0.0,0.0,9118.0,4768.0,0.0,0.4693,0.46900000000000003,0.0,-0.019,0.0,0.063,11.202
281750784,2,0,0.015,-0.009000000000000001,-0.025,0.0,0.0,0.0,0.0,0.26,0.0013000000000000002,4068.0,0.0,0.0,14116.0,4908.0,0.0,0.4693,0.46900000000000003,0.0,-0.019,0.0,0.05,11.202
281755793,2,0,-0.028,0.005,0.023,0.0,0.0,0.0,0.0,0.28,0.0012000000000000001,4252.0,0.0,0.0,0.0,5164.0,0.0,0.46950000000000003,0.47000000000000003,0.0,-0.01,0.0,0.11900000000000001,11.202
281758555,2,0,-0.006,-0.002,0.037,0.0,0.0,0.0,0.0,0.28,0.0012000000000000001,4400.0,0.0,0.0,2762.0,5312.0,0.0,0.46950000000000003,0.47000000000000003,0.0,-0.01,0.0,0.166,11.202
281762787,2,0,-0.01,0.0,-0.003,0.0,0.0,0.0,0.0,0.3,0.0013000000000000002,4608.0,0.0,0.0,6994.0,5512.0,0.0,0.47000000000000003,0.47100000000000003,0.0,0.002,0.0,0.084,11.202
281767799,2,0,0.009000000000000001,0.004,0.017,0.0,0.0,0.0,0.0,0.31,0.0012000000000000001,4908.0,0.0,0.0,12006.0,5768.0,0.0,0.47000000000000003,0.47100000000000003,0.0,0.002,0.0,0.089,11.243
281769807,2,0,0.006,-0.002,0.034,0.0,0.0,0.0,0.0,0.31,0.0012000000000000001,5012.0,0.0,0.0,14014.0,5840.0,0.0,0.47000000000000003,0.47100000000000003,0.0,0.002,0.0,0.044,11.243
281774549,2,0,-0.005,0.001,0.018000000000000002,0.0,0.0,0.0,0.0,0.33,0.0012000000000000001,5312.0,0.0,0.0,0.0,6008.0,0.0,0.4697,0.46900000000000003,0.0,-0.006,0.0,0.147,11.243
281778552,2,0,-0.017,-0.006,-0.015,0.0,0.0,0.0,0.0,0.34,0.0012000000000000001,5564.0,0.0,0.0,4003.0,6128.0,0.0,0.4697,0.46900000000000003,0.0,-0.006,0.0,0.164,11.243
281782554,2,0,0.002,-0.003,0.011,0.0,0.0,0.0,0.0,0.35000000000000003,0.0012000000000000001,5664.0,0.0,0.0,8005.0,6376.0,0.0,0.4691,0.468,0.0,-0.016,0.0,0.132,11.243
281786677,2,0,-0.008,-0.003,0.002,0.0,0.0,0.0,0.0,0.36,0.0012000000000000001,5876.0,0.0,0.0,12128.0,6624.0,0.0,0.4691,0.468,0.0,-0.016,0.0,0.123,11.196
281791556,2,0,0.014,-0.006,-0.025,0.0,0.0,0.0,0.0,0.37,0.0012000000000000001,6148.0,0.0,0.0,17007.0,6744.0,0.0,0.4691,0.468,0.0,-0.016,0.0,0.184,11.196
281795556,2,0,-0.007,-0.007,-0.011,0.0,0.0,0.0,0.0,0.38,0.0013000000000000002,6400.0,0.0,0.0,0.0,6996.0,0.0,0.4691,0.46900000000000003,0.0,-0.014,0.0,0.299,11.196
281799813,2,0,-0.008,0.002,-0.015,0.0,0.0,0.0,0.0,0.39,0.0012000000000000001,6556.0,0.0,0.0,4257.0,7240.0,0.0,0.4691,0.46900000000000003,0.0,-0.014,0.0,0.077,11.196
281801837,2,0,0.011,-0.003,-0.028,0.0,0.0,0.0,0.0,0.4,0.0013000000000000002,6576.0,0.0,0.0,6281.0,7240.0,0.0,0.46940000000000004,0.47000000000000003,0.0,-0.004,0.0,0.052000000000000005,11.196
281806555,2,0,0.001,-0.002,-0.009000000000000001,0.0,0.0,0.0,0.0,0.41000000000000003,0.0013000000000000002,6696.0,0.0,0.0,10999.0,7472.0,0.0,0.46940000000000004,0.47000000000000003,0.0,-0.004,0.0,0.13,11.247
281810565,2,0,0.001,0.002,0.004,0.0,0.0,0.0,0.0,0.44,0.0013000000000000002,7076.0,0.0,0.0,15009.0,7576.0,0.0,0.46940000000000004,0.47000000000000003,0.0,-0.004,0.0,0.211,11.247
281815555,2,0,0.018000000000000002,-0.006,-0.004,0.0,0.0,0.0,0.0,0.46,0.0013000000000000002,7240.0,0.0,0.0,0.0,7652.0,0.0,0.47000000000000003,0.47100000000000003,0.0,0.008,0.0,0.159,11.247
281819555,2,0,-0.011,0.006,0.006,0.0,0.0,0.0,0.0,0.47000000000000003,0.0013000000000000002,7424.0,0.0,0.0,4000.0,7996.0,0.0,0.47000000000000003,0.47100000000000003,0.0,0.008,0.0,0.18,11.247
281823804,2,0,-0.006,0.002,0.018000000000000002,0.0,0.0,0.0,0.0,0.49,0.0012000000000000001,7684.0,0.0,0.0,8249.0,7996.0,0.0,0.4707,0.47200000000000003,0.0,0.021,0.0,0.022,11.247
281825811,2,0,0.002,-0.003,0.012,0.0,0.0,0.0,0.0,0.5,0.0011,7636.0,0.0,0.0,10256.0,8064.0,0.0,0.4707,0.47200000000000003,0.0,0.021,0.0,-0.016,11.179
281829959,2,0,-0.001,0.004,0.014,0.0,0.0,0.0,0.0,0.52,0.0011,7896.0,0.0,0.0,14404.0,8408.0,0.0,0.4707,0.47200000000000003,0.0,0.021,0.0,0.081,11.179
281834809,2,0,-0.004,-0.004,0.015,0.0,0.0,0.0,0.0,0.54,0.0011,8152.0,0.0,0.0,0.0,8600.0,0.0,0.4711,0.47200000000000003,0.0,0.026000000000000002,0.0,-0.034,11.179
281839555,2,0,-0.014,0.002,0.01,0.0,0.0,0.0,0.0,0.56,0.001,8188.0,0.0,0.0,4746.0,8888.0,0.0,0.4711,0.47200000000000003,0.0,0.026000000000000002,0.0,-0.046,11.179
281843818,2,0,0.002,0.004,0.001,0.0,0.0,0.0,0.0,0.58,0.001,8388.0,0.0,0.0,9009.0,9036.0,0.0,0.47140000000000004,0.47200000000000003,0.0,0.027,0.0,-0.07,11.179
281846555,2,0,0.007,0.0,-0.003,0.0,0.0,0.0,0.0,0.59,0.001,8680.0,0.0,0.0,11746.0,9100.0,0.0,0.47140000000000004,0.47200000000000003,0.0,0.027,0.0,-0.152,11.179
281851556,2,0,0.002,0.002,-0.003,0.0,0.0,0.0,0.0,0.61,0.0011,8844.0,0.0,0.0,16747.0,9280.0,0.0,0.47140000000000004,0.47200000000000003,0.0,0.027,0.0,-0.116,11.179
281853825,2,0,0.001,0.006,-0.012,0.0,0.0,0.0,0.0,0.62,0.0011,8908.0,0.0,0.0,0.0,9352.0,0.0,0.47200000000000003,0.47300000000000003,0.0,0.032,0.0,-0.148,11.179
281858836,2,0,0.011,0.005,-0.011,0.0,0.0,0.0,0.0,0.64,0.0012000000000000001,9304.0,0.0,0.0,5011.0,9592.0,0.0,0.47200000000000003,0.47300000000000003,0.0,0.032,0.0,-0.065,11.179
281863836,2,0,0.011,0.0,-0.011,0.0,0.0,0.0,0.0,0.66,0.0012000000000000001,10108.0,0.0,0.0,10011.0,10328.0,0.0,0.4727,0.47400000000000003,0.0,0.04,0.0,-0.069,11.179
281866554,2,0,0.012,0.002,-0.013000000000000001,0.0,0.0,0.0,0.0,0.6900000000000001,0.0012000000000000001,9868.0,0.0,0.0,12729.0,10592.0,0.0,0.4727,0.47400000000000003,0.0,0.04,0.0,-0.068,11.217
281871555,2,0,-0.014,0.009000000000000001,-0.002,0.0,0.0,0.0,0.0,0.71,0.0012000000000000001,9740.0,0.0,0.0,17730.0,10160.0,0.0,0.4727,0.47400000000000003,0.0,0.04,0.0,-0.055,11.217
281873841,2,0,-0.029,0.014,0.005,0.0,0.0,0.0,0.0,0.72,0.0011,9868.0,0.0,0.0,0.0,10328.0,0.0,0.4728,0.47300000000000003,0.0,0.034,0.0,-0.038,11.217
281878850,2,0,0.01,-0.007,0.008,0.0,0.0,0.0,0.0,0.74,0.001,10136.0,0.0,0.0,5009.0,10444.0,0.0,0.4728,0.47300000000000003,0.0,0.034,0.0,-0.048,11.217
281883550,2,0,-0.007,0.002,0.006,0.0,0.0,0.0,0.0,0.76,0.0009000000000000001,10328.0,0.0,0.0,9709.0,10776.0,0.0,0.4732,0.47400000000000003,0.0,0.036000000000000004,0.0,0.022,11.217
281887801,2,0,-0.02,0.0,0.013000000000000001,0.0,0.0,0.0,0.0,0.78,0.0008,10624.0,0.0,0.0,13960.0,10932.0,0.0,0.4732,0.47400000000000003,0.0,0.036000000000000004,0.0,-0.048,11.196
281889810,2,0,-0.004,-0.009000000000000001,0.016,0.0,0.0,0.0,0.0,0.78,0.0007,10684.0,0.0,0.0,15969.0,11028.0,0.0,0.4732,0.47400000000000003,0.0,0.036000000000000004,0.0,0.003,11.196
281893999,2,0,0.008,0.001,0.012,0.0,0.0,0.0,0.0,0.8,0.0008,10900.0,0.0,0.0,0.0,11192.0,0.0,0.4738,0.47500000000000003,0.0,0.041,0.0,0.045,11.196
281898859,2,0,0.01,0.002,0.006,0.0,0.0,0.0,0.0,0.8300000000000001,0.0009000000000000001,10996.0,0.0,0.0,4860.0,11576.0,0.0,0.4738,0.47500000000000003,0.0,0.041,0.0,-0.012,11.196
281903863,2,0,-0.001,0.001,0.005,0.0,0.0,0.0,0.0,0.85,0.001,11260.0,0.0,0.0,9864.0,11504.0,0.0,0.47390000000000004,0.47400000000000003,0.0,0.034,0.0,0.077,11.196
281906548,2,0,-0.008,0.006,0.005,0.0,0.0,0.0,0.0,0.87,0.001,11364.0,0.0,0.0,12549.0,11756.0,0.0,0.47390000000000004,0.47400000000000003,0.0,0.034,0.0,0.073,11.196
281910557,2,0,0.007,0.0,-0.01,0.0,0.0,0.0,0.0,0.88,0.0011,11536.0,0.0,0.0,16558.0,11868.0,0.0,0.47390000000000004,0.47400000000000003,0.0,0.034,0.0,0.063,11.196
281914825,2,0,-0.006,0.009000000000000001,-0.003,0.0,0.0,0.0,0.0,0.91,0.0011,11828.0,0.0,0.0,0.0,12176.0,0.0,0.47390000000000004,0.47400000000000003,0.0,0.028,0.0,-0.01,11.196
281918874,2,0,-0.013000000000000001,0.006,-0.008,0.0,0.0,0.0,0.0,0.93,0.001,12056.0,0.0,0.0,4049.0,12256.0,0.0,0.47390000000000004,0.47400000000000003,0.0,0.028,0.0,0.023,11.196
281923550,2,0,0.004,-0.001,-0.015,0.0,0.0,0.0,0.0,0.96,0.0009000000000000001,12136.0,0.0,0.0,8725.0,12500.0,0.0,0.4736,0.47300000000000003,0.0,0.016,0.0,-0.068,11.196
281927840,2,0,0.001,0.005,0.005,0.0,0.0,0.0,0.0,0.98,0.0008,12416.0,0.0,0.0,13015.0,12668.0,0.0,0.4736,0.47300000000000003,0.0,0.016,0.0,-0.019,11.224
281930548,2,0,0.016,0.0,0.008,0.0,0.0,0.0,0.0,0.99,0.0008,12336.0,0.0,0.0,15723.0,12712.0,0.0,0.4736,0.47300000000000003,0.0,0.016,0.0,-0.011,11.224
281934548,2,0,0.013000000000000001,-0.007,0.001,0.0,0.0,0.0,0.0,1.02,0.0008,12624.0,0.0,0.0,0.0,12976.0,0.0,0.47340000000000004,0.47300000000000003,0.0,0.008,0.0,0.04,11.224
281938886,2,0,0.005,0.002,0.001,0.0,0.0,0.0,0.0,1.03,0.0008,12888.0,0.0,0.0,4338.0,13156.0,0.0,0.47340000000000004,0.47300000000000003,0.0,0.008,0.0,-0.017,11.224
281943549,2,0,-0.003,-0.001,0.012,0.0,0.0,0.0,0.0,1.07,0.0008,13064.0,0.0,0.0,9001.0,13392.0,0.0,0.4733,0.47300000000000003,0.0,0.004,0.0,-0.011,11.224
281945848,2,0,-0.01,0.0,0.01,0.0,0.0,0.0,0.0,1.07,0.0008,13156.0,0.0,0.0,11300.0,13488.0,0.0,0.4733,0.47300000000000003,0.0,0.004,0.0,-0.027,11.151
281949851,2,0,-0.017,-0.005,0.002,0.0,0.0,0.0,0.0,1.09,0.0008,13344.0,0.0,0.0,15303.0,13736.0,0.0,0.4733,0.47300000000000003,0.0,0.004,0.0,0.004,11.151
281953901,2,0,-0.026000000000000002,0.006,0.01,0.0,0.0,0.0,0.0,1.12,0.0008,13536.0,0.0,0.0,0.0,13736.0,0.0,0.4732,0.47300000000000003,0.0,0.001,0.0,0.009000000000000001,11.151
281958905,2,0,-0.038,0.01,0.006,0.0,0.0,0.0,0.0,1.1400000000000001,0.0006000000000000001,13688.0,0.0,0.0,5004.0,14044.0,0.0,0.4732,0.47300000000000003,0.0,0.001,0.0,0.015,11.151
281963906,2,0,-0.003,-0.006,-0.006,0.0,0.0,0.0,0.0,1.17,0.0005,13888.0,0.0,0.0,10005.0,14256.0,0.0,0.4728,0.47200000000000003,0.0,-0.007,0.0,-0.009000000000000001,11.151
281966548,2,0,-0.003,0.0,0.0,0.0,0.0,0.0,0.0,1.18,0.0005,14044.0,0.0,0.0,12647.0,14368.0,0.0,0.4728,0.47200000000000003,0.0,-0.007,0.0,0.095,11.151
281970866,2,0,0.004,0.002,-0.005,0.0,0.0,0.0,0.0,1.2,0.0005,14204.0,0.0,0.0,16965.0,14592.0,0.0,0.4728,0.47200000000000003,0.0,-0.007,0.0,-0.009000000000000001,11.151
281974869,2,0,0.03,-0.004,-0.007,0.0,0.0,0.0,0.0,1.23,0.0005,14424.0,0.0,0.0,0.0,14676.0,0.0,0.4721,0.47100000000000003,0.0,-0.018000000000000002,0.0,0.08,11.151
281978919,2,0,0.007,0.007,-0.002,0.0,0.0,0.0,0.0,1.25,0.0006000000000000001,14648.0,0.0,0.0,4050.0,14852.0,0.0,0.4721,0.47100000000000003,0.0,-0.018000000000000002,0.0,0.051000000000000004,11.151
281983549,2,0,0.017,-0.002,-0.006,0.0,0.0,0.0,0.0,1.27,0.0006000000000000001,14824.0,0.0,0.0,8680.0,15088.0,0.0,0.4721,0.47200000000000003,0.0,-0.015,0.0,0.009000000000000001,11.151
281987876,2,0,-0.014,0.007,-0.002,0.0,0.0,0.0,0.0,1.29,0.0006000000000000001,15000.0,0.0,0.0,13007.0,15272.0,0.0,0.4721,0.47200000000000003,0.0,-0.015,0.0,0.152,11.172
281990002,2,0,-0.014,0.013000000000000001,0.002,0.0,0.0,0.0,0.0,1.3,0.0006000000000000001,15088.0,0.0,0.0,15133.0,15432.0,0.0,0.4721,0.47200000000000003,0.0,-0.015,0.0,0.095,11.172
281994547,2,0,0.012,0.0,0.002,0.0,0.0,0.0,0.0,1.32,0.0006000000000000001,15212.0,0.0,0.0,0.0,15464.0,0.0,0.47240000000000004,0.47300000000000003,0.0,-0.006,0.0,0.036000000000000004,11.172
281998548,2,0,0.0,-0.001,-0.002,0.0,0.0,0.0,0.0,1.35,0.0007,15464.0,0.0,0.0,4001.0,15756.0,0.0,0.47240000000000004,0.47300000000000003,0.0,-0.006,0.0,-0.037,11.172
282002889,2,0,-0.024,0.009000000000000001,0.012,0.0,0.0,0.0,0.0,1.37,0.0006000000000000001,15624.0,0.0,0.0,8342.0,15924.0,0.0,0.4726,0.47300000000000003,0.0,-0.001,0.0,-0.025,11.172
282006893,2,0,0.0,-0.002,0.01,0.0,0.0,0.0,0.0,1.3900000000000001,0.0004,15756.0,0.0,0.0,12346.0,16096.0,0.0,0.4726,0.47300000000000003,0.0,-0.001,0.0,-0.009000000000000001,11.172
282011548,2,0,0.007,0.001,0.004,0.0,0.0,0.0,0.0,1.42,0.00030000000000000003,15924.0,0.0,0.0,17001.0,16164.0,0.0,0.4726,0.47300000000000003,0.0,-0.001,0.0,0.01,11.172
282015895,2,0,-0.008,-0.001,0.005,0.0,0.0,0.0,0.0,1.43,0.00030000000000000003,16164.0,0.0,0.0,0.0,16412.0,0.0,0.4731,0.47400000000000003,0.0,0.009000000000000001,0.0,-0.026000000000000002,11.172
282017900,2,0,0.005,-0.001,0.001,0.0,0.0,0.0,0.0,1.45,0.00030000000000000003,16232.0,0.0,0.0,2005.0,16484.0,0.0,0.4731,0.47400000000000003,0.0,0.009000000000000001,0.0,-0.075,11.172
282022052,2,0,0.0,-0.001,0.0,0.0,0.0,0.0,0.0,1.48,0.0004,16556.0,0.0,0.0,6157.0,16664.0,0.0,0.4741,0.47600000000000003,0.0,0.028,0.0,-0.032,11.172
282026547,2,0,0.008,0.0,-0.004,0.0,0.0,0.0,0.0,1.51,0.0005,16556.0,0.0,0.0,10652.0,16852.0,0.0,0.4741,0.47600000000000003,0.0,0.028,0.0,-0.074,11.120000000000001
282030910,2,0,-0.016,-0.003,0.003,0.0,0.0,0.0,0.0,1.53,0.0004,16816.0,0.0,0.0,15015.0,17084.0,0.0,0.4741,0.47600000000000003,0.0,0.028,0.0,-0.182,11.120000000000001
282034915,2,0,-0.013000000000000001,-0.009000000000000001,-0.01,0.0,0.0,0.0,0.0,1.56,0.00030000000000000003,17044.0,0.0,0.0,0.0,17200.0,0.0,0.47550000000000003,0.47800000000000004,0.0,0.049,0.0,-0.084,11.120000000000001
282039557,2,0,-0.002,0.002,-0.011,0.0,0.0,0.0,0.0,1.59,0.0004,17160.0,0.0,0.0,4642.0,17400.0,0.0,0.47550000000000003,0.47800000000000004,0.0,0.049,0.0,0.076,11.120000000000001
282041943,2,0,-0.015,0.008,-0.002,0.0,0.0,0.0,0.0,1.61,0.0004,17200.0,0.0,0.0,7028.0,17440.0,0.0,0.4753,0.47500000000000003,0.0,0.036000000000000004,0.0,-0.085,11.120000000000001
282046547,2,0,-0.017,0.0,-0.005,0.0,0.0,0.0,0.0,1.6400000000000001,0.0005,17480.0,0.0,0.0,11632.0,17648.0,0.0,0.4753,0.47500000000000003,0.0,0.036000000000000004,0.0,0.039,11.171
282050925,2,0,-0.008,-0.001,0.004,0.0,0.0,0.0,0.0,1.6500000000000001,0.0004,17604.0,0.0,0.0,16010.0,17856.0,0.0,0.4753,0.47500000000000003,0.0,0.036000000000000004,0.0,0.124,11.171
282055928,2,0,0.0,-0.01,0.003,0.0,0.0,0.0,0.0,1.69,0.0002,17944.0,0.0,0.0,0.0,18116.0,0.0,0.4742,0.47200000000000003,0.0,0.006,0.0,-0.054,11.171
282057931,2,0,-0.005,-0.013000000000000001,-0.002,0.0,0.0,0.0,0.0,1.69,0.0002,17944.0,0.0,0.0,2003.0,18116.0,0.0,0.4742,0.47200000000000003,0.0,0.006,0.0,-0.093,11.171
282061956,2,0,0.018000000000000002,-0.01,0.003,0.0,0.0,0.0,0.0,1.72,0.0002,18204.0,0.0,0.0,6028.0,18336.0,0.0,0.4741,0.47400000000000003,0.0,0.004,0.0,0.014,11.171
282066546,2,0,0.002,0.004,0.013000000000000001,0.0,0.0,0.0,0.0,1.75,0.00030000000000000003,18248.0,0.0,0.0,10618.0,18520.0,0.0,0.4741,0.47400000000000003,0.0,0.004,0.0,-0.061,11.118
282070939,2,0,-0.007,0.0,0.004,0.0,0.0,0.0,0.0,1.78,0.0005,18608.0,0.0,0.0,15011.0,18752.0,0.0,0.4741,0.47400000000000003,0.0,0.004,0.0,-0.115,11.118
282074941,2,0,-0.035,0.011,0.002,0.0,0.0,0.0,0.0,1.81,0.0004,18656.0,0.0,0.0,0.0,18844.0,0.0,0.4748,0.47600000000000003,0.0,0.016,0.0,-0.082,11.118
282078992,2,0,-0.029,-0.005,0.009000000000000001,0.0,0.0,0.0,0.0,1.83,0.0001,18940.0,0.0,0.0,4051.0,19036.0,0.0,0.4748,0.47600000000000003,0.0,0.016,0.0,-0.137,11.118
282083549,2,0,0.008,-0.011,-0.004,0.0,0.0,0.0,0.0,1.87,0.0,18988.0,0.0,0.0,8608.0,19232.0,0.0,0.4752,0.47600000000000003,0.0,0.022,0.0,-0.265,11.118
282087954,2,0,-0.025,0.011,-0.003,0.0,0.0,0.0,0.0,1.8800000000000001,0.0001,19180.0,0.0,0.0,13013.0,19328.0,0.0,0.4752,0.47600000000000003,0.0,0.022,0.0,-0.05,11.043000000000001
282090547,2,0,-0.006,0.006,0.003,0.0,0.0,0.0,0.0,1.9100000000000001,0.0001,19432.0,0.0,0.0,15606.0,19480.0,0.0,0.4752,0.47600000000000003,0.0,0.022,0.0,0.14,11.043000000000001
282094957,2,0,-0.015,0.008,0.0,0.0,0.0,0.0,0.0,1.93,0.0002,19480.0,0.0,0.0,0.0,19684.0,0.0,0.4758,0.47700000000000004,0.0,0.03,0.0,0.048,11.043000000000001
282099007,2,0,-0.016,0.012,-0.007,0.0,0.0,0.0,0.0,1.96,0.0,19788.0,0.0,0.0,4050.0,19788.0,0.0,0.4758,0.47700000000000004,0.0,0.03,0.0,-0.257,11.043000000000001
282103548,2,0,0.023,-0.013000000000000001,0.005,0.0,0.0,0.0,0.0,1.99,-0.0002,19892.0,0.0,0.0,8591.0,20052.0,0.0,0.47550000000000003,0.47500000000000003,0.0,0.018000000000000002,0.0,-0.241,11.043000000000001
282105996,2,0,0.032,-0.01,0.002,0.0,0.0,0.0318,-0.0318,2.0,-0.0002,20000.0,-0.009600000000000001,0.0,11039.0,20052.0,-0.0449,0.47550000000000003,0.47500000000000003,0.0,0.018000000000000002,0.0,-0.154,11.098
282110970,2,0,0.01,0.009000000000000001,-0.001,0.0,0.0,0.0086,-0.0086,2.0300000000000002,0.0,20108.0,-0.0024000000000000002,0.0,16013.0,20216.0,-0.012100000000000001,0.47550000000000003,0.47500000000000003,0.0,0.018000000000000002,0.0,-0.115,11.098
282114973,2,0,0.005,-0.003,-0.007,-0.001,0.0,0.0218,-0.0218,2.06,0.0002,20324.0,-0.006900000000000001,0.0,0.0,20492.0,-0.0308,0.4746,0.47300000000000003,0.0,-0.003,0.0,-0.234,11.098
282119976,2,0,-0.043000000000000003,0.034,0.017,-0.001,0.0,-0.0325,0.0324,2.09,0.0002,20548.0,0.0105,0.0,5003.0,20492.0,0.0459,0.4746,0.47300000000000003,0.0,-0.003,0.0,-0.193,11.098
282122001,2,0,-0.04,0.017,0.016,0.0,0.0,-0.0061,0.0061,2.11,0.0,20604.0,0.002,0.0,7028.0,20720.0,0.008700000000000001,0.4741,0.47300000000000003,0.0,-0.014,0.0,-0.088,11.098
282126546,2,0,0.042,-0.01,-0.001,0.0,0.0,0.0668,-0.0666,2.14,-0.0002,20720.0,-0.0218,0.0,11573.0,20892.0,-0.09430000000000001,0.4741,0.47300000000000003,0.0,-0.014,0.0,-0.029,11.098
282130986,2,0,-0.006,0.019,0.004,0.0,0.0,-0.0061,0.0061,2.17,-0.0001,20948.0,0.0021000000000000003,0.0,16013.0,21128.0,0.0086,0.4741,0.47300000000000003,0.0,-0.014,0.0,0.12,11.098
282134992,2,0,-0.015,0.0,-0.006,0.0,0.0,0.0064,-0.0064,2.18,-0.0001,21184.0,-0.0021000000000000003,0.0,0.0,21248.0,-0.009000000000000001,0.47400000000000003,0.47400000000000003,0.0,-0.012,0.0,-0.138,11.098
282139547,2,0,-0.07,0.023,0.009000000000000001,0.0,0.0,-0.040400000000000005,0.040400000000000005,2.23,-0.00030000000000000003,21248.0,0.013900000000000001,0.0,4555.0,21368.0,0.057100000000000005,0.47400000000000003,0.47400000000000003,0.0,-0.012,0.0,-0.11800000000000001,11.098
282144046,2,0,-0.021,-0.003,-0.001,0.001,0.0,0.0199,-0.0199,2.25,-0.0008,21552.0,-0.007,0.0,9054.0,21488.0,-0.028200000000000003,0.4751,0.47700000000000004,0.0,0.011,0.0,-0.132,11.029
282146546,2,0,0.014,-0.007,-0.005,0.002,0.0,0.0349,-0.0349,2.2800000000000002,-0.0008,21488.0,-0.012,0.0,11554.0,21676.0,-0.0494,0.4751,0.47700000000000004,0.0,0.011,0.0,-0.018000000000000002,11.029
282152025,2,0,-0.059000000000000004,0.039,-0.009000000000000001,0.002,0.0,-0.055200000000000006,0.055200000000000006,2.31,-0.0009000000000000001,21612.0,0.0194,0.0,17033.0,21800.0,0.0781,0.4768,0.48000000000000004,0.0,0.043000000000000003,0.0,0.155,11.029
282154051,2,0,-0.069,0.028,-0.008,0.002,0.0,-0.0425,0.0425,2.33,-0.0011,21864.0,0.0151,0.0,0.0,21928.0,0.0601,0.4768,0.48000000000000004,0.0,0.043000000000000003,0.0,-0.162,11.029
282159055,2,0,-0.017,0.013000000000000001,0.001,0.003,0.0,-0.0008,0.0008,2.36,-0.0013000000000000002,21992.0,0.0006000000000000001,0.0,5004.0,22124.0,0.0012000000000000001,0.4768,0.48000000000000004,0.0,0.043000000000000003,0.0,-0.11900000000000001,11.029
282164060,2,0,-0.021,0.048,-0.009000000000000001,0.003,0.0,-0.0379,0.0379,2.39,-0.0014,22320.0,0.013800000000000002,0.0,10009.0,22388.0,0.0536,0.47690000000000005,0.47700000000000004,0.0,0.036000000000000004,0.0,-0.011,11.029
282166547,2,0,0.011,0.05,-0.009000000000000001,0.003,0.0,-0.015700000000000002,0.015700000000000002,2.41,-0.0014,22320.0,0.0058000000000000005,0.0,12496.0,22388.0,0.0222,0.47690000000000005,0.47700000000000004,0.0,0.036000000000000004,0.0,0.085,11.079
282170547,2,0,0.007,0.034,-0.008,0.003,0.0,-0.012700000000000001,0.012700000000000001,2.44,-0.0013000000000000002,22592.0,0.0047,0.0,16496.0,22456.0,0.018000000000000002,0.47690000000000005,0.47700000000000004,0.0,0.036000000000000004,0.0,0.28200000000000003,11.079
282175020,2,0,-0.043000000000000003,0.029,-0.001,0.003,0.0,-0.032100000000000004,0.032100000000000004,2.47,-0.0014,22796.0,0.0119,0.0,0.0,22936.0,0.0454,0.47590000000000005,0.47400000000000003,0.0,0.009000000000000001,0.0,0.112,11.079
282179068,2,0,-0.021,0.022,0.003,0.003,0.0,-0.015300000000000001,0.015300000000000001,2.49,-0.0016,22936.0,0.006,0.0,4048.0,22864.0,0.0216,0.47590000000000005,0.47400000000000003,0.0,0.009000000000000001,0.0,-0.178,11.079
282184073,2,0,0.033,0.022,0.0,0.004,0.0,-0.00030000000000000003,0.00030000000000000003,2.52,-0.0016,23076.0,0.0,0.0,9053.0,23008.0,0.0004,0.4742,0.47100000000000003,0.0,-0.027,0.0,-0.047,11.079
282186679,2,0,0.045,0.016,0.001,0.003,0.0,0.0045000000000000005,-0.0045000000000000005,2.5500000000000003,-0.0015,23148.0,-0.0018000000000000002,0.0,11659.0,23220.0,-0.0063,0.4742,0.47100000000000003,0.0,-0.027,0.0,0.016,11.022
282191548,2,0,-0.013000000000000001,0.017,0.0,0.003,0.0,-0.025,0.025,2.59,-0.0014,23292.0,0.0099,0.0,16528.0,23436.0,0.0354,0.4742,0.47100000000000003,0.0,-0.027,0.0,0.263,11.022
282194083,2,0,-0.022,0.016,0.017,0.003,0.0,-0.0236,0.0236,2.6,-0.0015,23436.0,0.0094,0.0,0.0,23436.0,0.0334,0.47240000000000004,0.46900000000000003,0.0,-0.058,0.0,0.28400000000000003,11.022
282198546,2,0,0.022,0.016,0.023,0.004,0.0,-0.0063,0.0063,2.64,-0.0018000000000000002,23584.0,0.0025,0.0,4463.0,23660.0,0.009000000000000001,0.47240000000000004,0.46900000000000003,0.0,-0.058,0.0,0.051000000000000004,11.022
282203040,2,0,0.085,0.012,0.002,0.004,0.0,0.0044,-0.0044,2.67,-0.0017000000000000001,23884.0,-0.0019,0.0,8957.0,23884.0,-0.006200000000000001,0.4726,0.47300000000000003,0.0,-0.042,0.0,-0.226,11.022
282207042,2,0,0.023,0.007,-0.003,0.003,0.0,-0.0167,0.0167,2.7,-0.0014,23884.0,0.0071,0.0,12959.0,24192.0,0.0236,0.4726,0.47300000000000003,0.0,-0.042,0.0,-0.036000000000000004,11.022
282211548,2,0,-0.04,0.005,0.003,0.003,0.0,-0.026500000000000003,0.026500000000000003,2.74,-0.0012000000000000001,24192.0,0.0112,0.0,17465.0,24272.0,0.0374,0.4726,0.47300000000000003,0.0,-0.042,0.0,0.152,11.022
282216055,2,0,0.008,0.001,0.005,0.003,0.0,-0.0106,0.0106,2.77,-0.0014,24508.0,0.0047,0.0,0.0,24508.0,0.015000000000000001,0.4741,0.47700000000000004,0.0,-0.002,0.0,0.194,11.022
282218545,2,0,0.068,-0.003,-0.007,0.003,0.0,0.006200000000000001,-0.006200000000000001,2.79,-0.0014,24352.0,-0.0027,0.0,2490.0,24508.0,-0.0088,0.4741,0.47700000000000004,0.0,-0.002,0.0,0.324,11.022
282222548,2,0,0.062,0.011,-0.017,0.003,0.0,-0.0142,0.0142,2.82,-0.0012000000000000001,24672.0,0.0061,0.0,6493.0,24752.0,0.0201,0.47440000000000004,0.47500000000000003,0.0,0.004,0.0,0.14400000000000002,11.022
282227058,2,0,-0.052000000000000005,-0.01,-0.02,0.003,0.0,-0.014400000000000001,0.014400000000000001,2.84,-0.0012000000000000001,24832.0,0.0061,0.0,11003.0,24832.0,0.0204,0.47440000000000004,0.47500000000000003,0.0,0.004,0.0,-0.016,11.014
282231546,2,0,-0.032,-0.007,-0.005,0.003,0.0,-0.0198,0.0198,2.87,-0.0015,25084.0,0.009000000000000001,0.0,15491.0,25168.0,0.028,0.47440000000000004,0.47500000000000003,0.0,0.004,0.0,-0.215,11.014
282235548,2,0,0.055,-0.01,-0.019,0.004,0.0,-0.0004,0.0004,2.91,-0.0016,25084.0,0.0,0.0,0.0,25168.0,0.0006000000000000001,0.47390000000000004,0.47300000000000003,0.0,-0.007,0.0,0.10400000000000001,11.014
282238067,2,0,0.076,-0.011,-0.039,0.003,0.0,0.0035,-0.0035,2.93,-0.0015,25252.0,-0.0014,0.0,2519.0,25336.0,-0.0049,0.47390000000000004,0.47300000000000003,0.0,-0.007,0.0,-0.034,11.014
282242547,2,0,-0.023,-0.02,-0.021,0.003,0.0,-0.0154,0.0154,2.96,-0.0013000000000000002,25424.0,0.0071,0.0,6999.0,25512.0,0.0217,0.4733,0.47200000000000003,0.0,-0.019,0.0,0.19,11.014
282248073,2,0,-0.063,-0.023,-0.008,0.004,0.0,-0.026000000000000002,0.026000000000000002,3.0,-0.0015,25684.0,0.0123,0.0,12525.0,25596.0,0.0367,0.4733,0.47200000000000003,0.0,-0.019,0.0,-0.051000000000000004,10.983
282250074,2,0,-0.017,-0.027,-0.012,0.004,0.0,-0.014700000000000001,0.014700000000000001,3.02,-0.0016,25684.0,0.006500000000000001,0.0,14526.0,25684.0,0.020800000000000003,0.4733,0.47200000000000003,0.0,-0.019,0.0,-0.008,10.983
282254139,2,0,0.058,-0.028,-0.024,0.003,0.0,-0.0041,0.0041,3.0500000000000003,-0.0015,25864.0,0.0022,0.0,0.0,26040.0,0.0058000000000000005,0.4721,0.47000000000000003,0.0,-0.038,0.0,-0.20600000000000002,10.983
282259129,2,0,-0.067,-0.034,0.002,0.003,0.0,-0.0148,0.0148,3.09,-0.0013000000000000002,26040.0,0.0067,0.0,4990.0,26132.0,0.020900000000000002,0.4721,0.47000000000000003,0.0,-0.038,0.0,0.12,10.983
282264136,2,0,-0.114,-0.04,0.015,0.004,0.0,-0.0182,0.0182,3.14,-0.0016,26316.0,0.0091,0.0,9997.0,26132.0,0.0257,0.47100000000000003,0.46900000000000003,0.0,-0.052000000000000005,0.0,0.079,10.983
282266547,2,0,-0.05,-0.045,0.018000000000000002,0.004,0.0,-0.0071,0.0071,3.14,-0.0017000000000000001,26408.0,0.0038,0.0,12408.0,26500.0,0.010100000000000001,0.47100000000000003,0.46900000000000003,0.0,-0.052000000000000005,0.0,0.107,10.966000000000001
282270547,2,0,0.054,-0.028,0.013000000000000001,0.004,0.0,-0.004,0.004,3.18,-0.0016,26596.0,0.0023,0.0,16408.0,26688.0,0.0056,0.47100000000000003,0.46900000000000003,0.0,-0.052000000000000005,0.0,-0.097,10.966000000000001
282275097,2,0,-0.089,-0.027,0.013000000000000001,0.003,0.0,-0.0079,0.0079,3.21,-0.0015,26688.0,0.0039000000000000003,0.0,0.0,26784.0,0.0112,0.4717,0.47300000000000003,0.0,-0.028,0.0,-0.082,10.966000000000001
282280097,2,0,-0.1,-0.053,0.047,0.004,0.0,-0.0033,0.0033,3.24,-0.0019,27076.0,0.0016,0.0,5000.0,26784.0,0.0046,0.4717,0.47300000000000003,0.0,-0.028,0.0,0.177,10.966000000000001
282282125,2,0,-0.028,-0.046,0.054,0.005,0.0,-0.0044,0.0044,3.2600000000000002,-0.002,26976.0,0.0024000000000000002,0.0,7028.0,27076.0,0.006200000000000001,0.4736,0.47700000000000004,0.0,0.015,0.0,0.271,10.966000000000001
282286678,2,0,0.073,-0.027,0.014,0.004,0.0,0.0045000000000000005,-0.0045000000000000005,3.3000000000000003,-0.0018000000000000002,27076.0,-0.0024000000000000002,0.0,11581.0,27076.0,-0.0063,0.4736,0.47700000000000004,0.0,0.015,0.0,0.184,11.008000000000001
282291548,2,0,-0.06,-0.014,0.007,0.004,0.0,-0.0005,0.0005,3.33,-0.0015,27472.0,0.0,0.0,16451.0,27272.0,0.0007,0.4736,0.47700000000000004,0.0,0.015,0.0,-0.152,11.008000000000001
282296110,2,0,-0.076,-0.025,0.051000000000000004,0.004,0.0,-0.0074,0.0074,3.36,-0.0019,27676.0,0.004,0.0,0.0,27572.0,0.0105,0.47550000000000003,0.47900000000000004,0.0,0.05,0.0,-0.229,11.008000000000001
282298113,2,0,-0.008,-0.015,0.037,0.004,0.0,-0.0115,0.0115,3.38,-0.0019,27472.0,0.0057,0.0,2003.0,27472.0,0.016300000000000002,0.47550000000000003,0.47900000000000004,0.0,0.05,0.0,-0.168,11.008000000000001
282302138,2,0,0.059000000000000004,0.012,-0.016,0.004,0.0,-0.0102,0.0102,3.41,-0.0017000000000000001,27776.0,0.0057,0.0,6028.0,27776.0,0.0145,0.4771,0.48000000000000004,0.0,0.07200000000000001,0.0,-0.1,11.008000000000001
282306547,2,0,-0.05,0.022,-0.014,0.004,0.0,-0.0044,0.0044,3.45,-0.0016,27984.0,0.0025,0.0,10437.0,27984.0,0.006200000000000001,0.4771,0.48000000000000004,0.0,0.07200000000000001,0.0,0.031,11.008000000000001
282311124,2,0,-0.093,0.011,0.011,0.005,0.0,-0.007,0.007,3.48,-0.0022,28088.0,0.0033,0.0,15014.0,27984.0,0.0099,0.4771,0.48000000000000004,0.0,0.07200000000000001,0.0,-0.046,11.008000000000001
282315549,2,0,0.073,0.02,-0.026000000000000002,0.005,0.0,-0.0051,0.0051,3.5,-0.0024000000000000002,28300.0,0.0025,0.0,0.0,28196.0,0.007200000000000001,0.47840000000000005,0.48100000000000004,0.0,0.085,0.0,-0.054,11.008000000000001
282318126,2,0,0.073,0.036000000000000004,-0.039,0.005,0.0,-0.0064,0.0064,3.5300000000000002,-0.0021000000000000003,28300.0,0.0034000000000000002,0.0,2577.0,28300.0,0.009000000000000001,0.47840000000000005,0.48100000000000004,0.0,0.085,0.0,-0.169,11.008000000000001
282322155,2,0,-0.15,0.053,-0.016,0.005,0.0,-0.022600000000000002,0.022600000000000002,3.5500000000000003,-0.0022,28516.0,0.0119,0.0,6606.0,28408.0,0.032,0.4793,0.48100000000000004,0.0,0.08600000000000001,0.0,-0.089,11.008000000000001
282326545,2,0,-0.054,0.027,0.0,0.006,0.0,-0.0008,0.0008,3.58,-0.0028,28624.0,0.0009000000000000001,0.0,10996.0,28516.0,0.0012000000000000001,0.4793,0.48100000000000004,0.0,0.08600000000000001,0.0,-0.061,11.048
282330547,2,0,0.088,0.04,-0.016,0.006,0.0,-0.0256,0.0256,3.62,-0.0029000000000000002,28848.0,0.013900000000000001,0.0,14998.0,28848.0,0.0362,0.4793,0.48100000000000004,0.0,0.08600000000000001,0.0,0.128,11.048
282334547,2,0,0.052000000000000005,0.06,-0.032,0.006,0.0,-0.0018000000000000002,0.0018000000000000002,3.66,-0.0027,28956.0,0.0009000000000000001,0.0,0.0,28848.0,0.0026000000000000003,0.47850000000000004,0.47700000000000004,0.0,0.052000000000000005,0.0,-0.199,11.048
282339188,2,0,-0.10400000000000001,0.055,0.01,0.006,0.0,-0.0165,0.0164,3.7,-0.0029000000000000002,29184.0,0.0089,0.0,4641.0,28956.0,0.0233,0.47850000000000004,0.47700000000000004,0.0,0.052000000000000005,0.0,-0.215,11.048
282344192,2,0,0.068,0.043000000000000003,0.008,0.007,0.0,-0.0297,0.0297,3.74,-0.0031000000000000003,29184.0,0.0171,0.0,9645.0,29296.0,0.042,0.47690000000000005,0.47400000000000003,0.0,0.01,0.0,-0.17400000000000002,11.048
282346545,2,0,0.101,0.058,-0.011,0.006,0.0,-0.0252,0.0252,3.7600000000000002,-0.003,29352.0,0.014400000000000001,0.0,11998.0,29296.0,0.0356,0.47690000000000005,0.47400000000000003,0.0,0.01,0.0,-0.157,11.025
282351548,2,0,-0.061,0.077,-0.001,0.006,0.0,-0.0194,0.0194,3.8000000000000003,-0.0029000000000000002,29644.0,0.011000000000000001,0.0,17001.0,29412.0,0.0274,0.47690000000000005,0.47400000000000003,0.0,0.01,0.0,-0.064,11.025
282354200,2,0,-0.096,0.056,0.023,0.007,0.0,-0.0204,0.0204,3.8200000000000003,-0.0033,29820.0,0.0119,0.0,0.0,29468.0,0.028800000000000003,0.47490000000000004,0.47100000000000003,0.0,-0.033,0.0,-0.092,11.025
282358547,2,0,0.068,0.049,0.026000000000000002,0.008,0.0,-0.0235,0.0235,3.86,-0.0036000000000000003,29704.0,0.013900000000000001,0.0,4347.0,29644.0,0.0332,0.47490000000000004,0.47100000000000003,0.0,-0.033,0.0,-0.049,11.025
282363162,2,0,0.045,0.081,-0.029,0.007,0.0,-0.020300000000000002,0.020300000000000002,3.9,-0.0034000000000000002,29940.0,0.0122,0.0,8962.0,29820.0,0.0287,0.47250000000000003,0.468,0.0,-0.075,0.0,-0.20700000000000002,11.025
282367163,2,0,-0.092,0.069,0.011,0.008,0.0,-0.0219,0.0219,3.94,-0.0039000000000000003,30060.0,0.013300000000000001,0.0,12963.0,30000.0,0.0309,0.47250000000000003,0.468,0.0,-0.075,0.0,-0.183,11.028
282371547,2,0,0.023,0.044,0.037,0.009000000000000001,0.0,-0.027100000000000003,0.027,3.98,-0.0043,30364.0,0.016300000000000002,0.0,17347.0,30000.0,0.0383,0.47250000000000003,0.468,0.0,-0.075,0.0,0.035,11.028
282376171,2,0,0.077,0.064,-0.027,0.009000000000000001,0.0,-0.0211,0.0211,4.0200000000000005,-0.004200000000000001,30240.0,0.0126,0.0,0.0,30180.0,0.029900000000000003,0.47190000000000004,0.47100000000000003,0.0,-0.07,0.0,-0.055,11.028
282378547,2,0,0.008,0.07,-0.037,0.009000000000000001,0.0,-0.0234,0.0234,4.04,-0.0043,30548.0,0.0146,0.0,2376.0,30364.0,0.033100000000000004,0.47190000000000004,0.47100000000000003,0.0,-0.07,0.0,-0.258,11.028
282382547,2,0,-0.07100000000000001,0.034,0.018000000000000002,0.01,0.0,-0.0219,0.0219,4.07,-0.0048000000000000004,30672.0,0.0137,0.0,6376.0,30364.0,0.0309,0.4727,0.47400000000000003,0.0,-0.042,0.0,-0.194,11.028
282386679,2,0,0.057,0.024,0.02,0.011,0.0,-0.027700000000000002,0.027600000000000003,4.11,-0.0049,30736.0,0.0178,0.0,10508.0,30548.0,0.0391,0.4727,0.47400000000000003,0.0,-0.042,0.0,-0.11800000000000001,10.941
282391548,2,0,0.0,0.067,-0.034,0.01,0.0,-0.0328,0.0327,4.15,-0.0048000000000000004,30864.0,0.020900000000000002,0.0,15377.0,30928.0,0.0463,0.4727,0.47400000000000003,0.0,-0.042,0.0,-0.112,10.941
282396185,2,0,-0.095,0.032,0.033,0.011,0.0,-0.0379,0.0379,4.19,-0.0054,31120.0,0.024200000000000003,0.0,0.0,30992.0,0.0536,0.47490000000000004,0.47900000000000004,0.0,0.011,0.0,0.043000000000000003,10.941
282398187,2,0,-0.021,0.02,0.04,0.012,0.0,-0.0318,0.0318,4.21,-0.0056,31184.0,0.020200000000000003,0.0,2002.0,30928.0,0.045000000000000005,0.47490000000000004,0.47900000000000004,0.0,0.011,0.0,0.146,10.941
282402211,2,0,0.073,0.027,-0.026000000000000002,0.012,0.0,-0.027,0.027,4.26,-0.0055000000000000005,31316.0,0.017400000000000002,0.0,6026.0,31184.0,0.0381,0.4777,0.48300000000000004,0.0,0.066,0.0,0.037,10.941
282406323,2,0,-0.051000000000000004,0.043000000000000003,-0.029,0.012,0.0,-0.024300000000000002,0.024300000000000002,4.3,-0.0055000000000000005,31448.0,0.0155,0.0,10138.0,31248.0,0.034300000000000004,0.4777,0.48300000000000004,0.0,0.066,0.0,-0.10300000000000001,10.941
282410557,2,0,-0.08600000000000001,0.007,0.041,0.013000000000000001,0.0,-0.0303,0.0303,4.32,-0.006,31712.0,0.019700000000000002,0.0,14372.0,31512.0,0.0429,0.4777,0.48300000000000004,0.0,0.066,0.0,-0.029,10.915000000000001
282415511,2,0,0.063,0.006,0.0,0.013000000000000001,0.0,-0.0291,0.0291,4.36,-0.006,31780.0,0.0199,0.0,0.0,31712.0,0.0412,0.4796,0.48300000000000004,0.0,0.089,0.0,0.128,10.915000000000001
282420201,2,0,-0.078,0.032,-0.019,0.013000000000000001,0.0,-0.0291,0.0291,4.43,-0.006200000000000001,31984.0,0.020200000000000003,0.0,4690.0,31912.0,0.0412,0.4796,0.48300000000000004,0.0,0.089,0.0,0.05,10.915000000000001
282422228,2,0,-0.093,0.012,0.015,0.014,0.0,-0.025900000000000003,0.025900000000000003,4.43,-0.0064,32052.0,0.0181,0.0,6717.0,31848.0,0.0367,0.4808,0.48300000000000004,0.0,0.096,0.0,0.061,10.915000000000001
282426546,2,0,0.028,-0.021,0.03,0.014,0.0,-0.027,0.027,4.47,-0.006500000000000001,32120.0,0.0183,0.0,11035.0,32120.0,0.038200000000000005,0.4808,0.48300000000000004,0.0,0.096,0.0,0.116,10.915000000000001
282431548,2,0,-0.025,0.027,-0.033,0.013000000000000001,0.0,-0.031,0.031,4.5200000000000005,-0.0064,32396.0,0.0217,0.0,16037.0,32188.0,0.0439,0.4808,0.48300000000000004,0.0,0.096,0.0,-0.009000000000000001,10.941
282434258,2,0,-0.099,0.008,-0.002,0.014,0.0,-0.025500000000000002,0.025500000000000002,4.55,-0.0067,32396.0,0.0175,0.0,0.0,32188.0,0.036000000000000004,0.4791,0.47600000000000003,0.0,0.043000000000000003,0.0,-0.12,10.941
282438955,2,0,0.005,-0.034,0.036000000000000004,0.014,0.0,-0.024300000000000002,0.024300000000000002,4.57,-0.0068000000000000005,32536.0,0.0165,0.0,4697.0,32536.0,0.0344,0.4791,0.47600000000000003,0.0,0.043000000000000003,0.0,0.231,10.941
282443548,2,0,-0.016,0.017,-0.04,0.014,0.0,-0.0303,0.0303,4.6000000000000005,-0.006500000000000001,32752.0,0.021,0.0,9290.0,32752.0,0.0429,0.4756,0.46900000000000003,0.0,-0.036000000000000004,0.0,0.14,10.941
282445692,2,0,-0.09,0.02,-0.046,0.014,0.0,-0.0263,0.0263,4.62,-0.0067,32968.0,0.0189,0.0,11434.0,32680.0,0.037200000000000004,0.4756,0.46900000000000003,0.0,-0.036000000000000004,0.0,0.054,10.941
282450227,2,0,0.014,-0.05,0.031,0.015,0.0,-0.019700000000000002,0.019700000000000002,4.65,-0.006900000000000001,32968.0,0.0145,0.0,15969.0,32752.0,0.0279,0.4756,0.46900000000000003,0.0,-0.036000000000000004,0.0,0.059000000000000004,10.911
282454306,2,0,0.035,0.005,0.001,0.014,0.0,-0.024,0.024,4.69,-0.0066,33184.0,0.016900000000000002,0.0,0.0,33040.0,0.034,0.4747,0.47300000000000003,0.0,-0.047,0.0,0.014,10.911
282458548,2,0,-0.09,0.015,-0.063,0.014,0.0,-0.0212,0.0212,4.72,-0.0068000000000000005,33260.0,0.0148,0.0,4242.0,33040.0,0.029900000000000003,0.4747,0.47300000000000003,0.0,-0.047,0.0,-0.052000000000000005,10.911
282463234,2,0,0.007,-0.05,0.015,0.015,0.0,-0.0286,0.0286,4.76,-0.007,33556.0,0.0206,0.0,8928.0,33480.0,0.040400000000000005,0.47550000000000003,0.47700000000000004,0.0,-0.021,0.0,0.27,10.911
282467548,2,0,0.024,0.001,0.002,0.014,0.0,-0.0122,0.0122,4.79,-0.0067,33784.0,0.0092,0.0,13242.0,33632.0,0.0173,0.47550000000000003,0.47700000000000004,0.0,-0.021,0.0,0.195,10.911
282472265,2,0,-0.094,-0.003,-0.04,0.015,0.0,-0.0253,0.0253,4.83,-0.007,33860.0,0.018600000000000002,0.0,17959.0,33708.0,0.0358,0.47640000000000005,0.47800000000000004,0.0,0.001,0.0,-0.085,10.867
282474288,2,0,-0.06,-0.04,-0.013000000000000001,0.015,0.0,-0.024,0.024,4.84,-0.0071,34012.0,0.0175,0.0,0.0,33784.0,0.0339,0.47640000000000005,0.47800000000000004,0.0,0.001,0.0,0.125,10.867
282478547,2,0,0.013000000000000001,-0.028,0.014,0.015,0.0,-0.0187,0.0187,4.86,-0.006900000000000001,34248.0,0.014,0.0,4259.0,33708.0,0.0264,0.47640000000000005,0.47800000000000004,0.0,0.001,0.0,0.169,10.867
282482547,2,0,-0.081,0.025,-0.032,0.015,0.0,-0.024200000000000003,0.024200000000000003,4.9,-0.006900000000000001,34248.0,0.0176,0.0,8259.0,33860.0,0.0342,0.4773,0.47900000000000004,0.0,0.019,0.0,0.04,10.867
282487286,2,0,-0.035,-0.039,-0.009000000000000001,0.015,0.0,-0.0175,0.0175,4.93,-0.0073,34480.0,0.013000000000000001,0.0,12998.0,34248.0,0.0247,0.4773,0.47900000000000004,0.0,0.019,0.0,0.127,10.867
282491547,2,0,0.014,-0.015,0.042,0.015,0.0,-0.018600000000000002,0.018500000000000003,4.96,-0.0071,34800.0,0.0143,0.0,17259.0,34168.0,0.0262,0.4773,0.47900000000000004,0.0,0.019,0.0,0.171,10.849
282496259,2,0,-0.125,0.013000000000000001,-0.03,0.015,0.0,-0.0224,0.0223,5.0,-0.0073,34964.0,0.016800000000000002,0.0,0.0,34404.0,0.0316,0.4768,0.47600000000000003,0.0,0.006,0.0,-0.183,10.849
282498296,2,0,-0.082,-0.025,-0.033,0.016,0.0,-0.0198,0.0198,5.0200000000000005,-0.007500000000000001,34800.0,0.015700000000000002,0.0,2037.0,34560.0,0.028,0.4768,0.47600000000000003,0.0,0.006,0.0,-0.135,10.849
282502463,2,0,0.025,-0.023,0.034,0.015,0.0,-0.0234,0.0234,5.05,-0.0074,34884.0,0.0182,0.0,6204.0,34640.0,0.0332,0.47550000000000003,0.47300000000000003,0.0,-0.022,0.0,0.022,10.849
282506547,2,0,-0.10400000000000001,0.049,0.036000000000000004,0.016,0.0,-0.0287,0.0287,5.07,-0.0074,34964.0,0.0219,0.0,10288.0,35048.0,0.040600000000000004,0.47550000000000003,0.47300000000000003,0.0,-0.022,0.0,-0.029,10.849
282511510,2,0,-0.038,-0.039,-0.007,0.017,0.0,-0.0235,0.0235,5.12,-0.008,35212.0,0.018500000000000003,0.0,15251.0,35048.0,0.0333,0.47550000000000003,0.47300000000000003,0.0,-0.022,0.0,-0.081,10.908
282515548,2,0,0.027,0.0,0.041,0.016,0.0,-0.0218,0.0218,5.14,-0.0077,35460.0,0.0173,0.0,0.0,35212.0,0.0309,0.4746,0.47300000000000003,0.0,-0.035,0.0,0.17500000000000002,10.908
282518270,2,0,-0.10200000000000001,0.062,0.043000000000000003,0.016,0.0,-0.0256,0.025500000000000002,5.17,-0.0078000000000000005,35460.0,0.0199,0.0,2722.0,35376.0,0.0361,0.4746,0.47300000000000003,0.0,-0.035,0.0,-0.05,10.908
282522300,2,0,-0.08,-0.006,0.004,0.018000000000000002,0.0,-0.027600000000000003,0.027600000000000003,5.19,-0.008400000000000001,35712.0,0.0224,0.0,6752.0,35376.0,0.039,0.47440000000000004,0.47400000000000003,0.0,-0.032,0.0,-0.165,10.908
282526510,2,0,0.053,-0.021,0.033,0.017,0.0,-0.024800000000000003,0.024800000000000003,5.22,-0.0083,35972.0,0.0201,0.0,10962.0,35712.0,0.035,0.47440000000000004,0.47400000000000003,0.0,-0.032,0.0,0.063,10.908
282530572,2,0,-0.108,0.069,0.047,0.018000000000000002,0.0,-0.025400000000000002,0.025400000000000002,5.26,-0.008400000000000001,36056.0,0.020200000000000003,0.0,15024.0,35884.0,0.036000000000000004,0.47440000000000004,0.47400000000000003,0.0,-0.032,0.0,0.031,10.869
282536679,2,0,0.057,-0.031,-0.01,0.019,0.0,-0.026000000000000002,0.025900000000000003,5.29,-0.0089,36144.0,0.0216,0.0,0.0,35884.0,0.0367,0.4743,0.47400000000000003,0.0,-0.029,0.0,-0.027,10.869
282539374,2,0,0.042,0.028,0.015,0.018000000000000002,0.0,-0.024200000000000003,0.024200000000000003,5.34,-0.0086,36232.0,0.019200000000000002,0.0,2695.0,36144.0,0.0342,0.4743,0.47400000000000003,0.0,-0.029,0.0,0.109,10.869
282543510,2,0,-0.14300000000000002,0.078,0.04,0.019,0.0,-0.0287,0.0287,5.36,-0.0091,36320.0,0.023200000000000002,0.0,6831.0,36232.0,0.040600000000000004,0.4742,0.47400000000000003,0.0,-0.025,0.0,-0.301,10.869
282548295,2,0,0.08700000000000001,-0.026000000000000002,-0.015,0.02,0.0,-0.028300000000000002,0.028300000000000002,5.42,-0.0094,36764.0,0.0235,0.0,11616.0,36408.0,0.04,0.4742,0.47400000000000003,0.0,-0.025,0.0,-0.091,10.869
282550333,2,0,0.07200000000000001,0.014,-0.019,0.019,0.0,-0.0269,0.0269,5.42,-0.0092,36496.0,0.0221,0.0,13654.0,36408.0,0.0381,0.4742,0.47400000000000003,0.0,-0.025,0.0,0.135,10.828
282554382,2,0,-0.131,0.095,0.0,0.02,0.0,-0.0267,0.0267,5.47,-0.009600000000000001,36764.0,0.0223,0.0,0.0,36584.0,0.0378,0.4748,0.47600000000000003,0.0,-0.007,0.0,-0.021,10.828
282558510,2,0,0.049,-0.016,-0.011,0.021,0.0,-0.024900000000000002,0.024900000000000002,5.51,-0.01,36764.0,0.0212,0.0,4128.0,36856.0,0.035300000000000005,0.4748,0.47600000000000003,0.0,-0.007,0.0,-0.217,10.828
282562547,2,0,0.069,0.029,-0.019,0.02,0.0,-0.0239,0.0239,5.55,-0.009600000000000001,36944.0,0.02,0.0,8165.0,36856.0,0.033800000000000004,0.47590000000000005,0.47800000000000004,0.0,0.017,0.0,0.113,10.828
282568344,2,0,-0.063,0.035,-0.016,0.022,0.0,-0.0318,0.0318,5.6000000000000005,-0.0103,37592.0,0.0269,0.0,13962.0,37128.0,0.0449,0.47590000000000005,0.47800000000000004,0.0,0.017,0.0,-0.339,10.828
282570353,2,0,0.074,-0.025,-0.023,0.021,0.0,-0.0313,0.0313,5.62,-0.0103,37220.0,0.027,0.0,15971.0,37128.0,0.0442,0.47590000000000005,0.47800000000000004,0.0,0.017,0.0,-0.163,10.759
282575310,2,0,-0.035,0.07200000000000001,-0.036000000000000004,0.021,0.0,-0.0235,0.0235,5.67,-0.0099,37408.0,0.0204,0.0,0.0,37312.0,0.0332,0.4781,0.48200000000000004,0.0,0.056,0.0,0.1,10.759
282579400,2,0,-0.065,0.045,-0.03,0.022,0.0,-0.0258,0.0258,5.71,-0.0106,37784.0,0.022000000000000002,0.0,4090.0,37408.0,0.0364,0.4781,0.48200000000000004,0.0,0.056,0.0,-0.297,10.759
282584403,2,0,0.12,-0.014,-0.012,0.021,0.0,-0.025500000000000002,0.025500000000000002,5.76,-0.0102,37784.0,0.0221,0.0,9093.0,37784.0,0.036000000000000004,0.4791,0.48100000000000004,0.0,0.065,0.0,-0.026000000000000002,10.759
282586680,2,0,-0.022,0.057,-0.011,0.021,0.0,-0.026500000000000003,0.026500000000000003,5.78,-0.010100000000000001,37976.0,0.0236,0.0,11370.0,37500.0,0.0375,0.4791,0.48100000000000004,0.0,0.065,0.0,0.034,10.759
282591425,2,0,0.009000000000000001,0.006,-0.03,0.023,0.0,-0.024900000000000002,0.024900000000000002,5.83,-0.0108,37976.0,0.0224,0.0,16115.0,37976.0,0.0352,0.47800000000000004,0.47600000000000003,0.0,0.031,0.0,-0.364,10.833
282596368,2,0,0.067,0.019,-0.002,0.021,0.0,-0.0269,0.0269,5.87,-0.010100000000000001,38264.0,0.024,0.0,0.0,38072.0,0.0381,0.47800000000000004,0.47600000000000003,0.0,0.031,0.0,0.158,10.833
282598502,2,0,-0.10200000000000001,0.096,0.019,0.021,0.0,-0.0281,0.0281,5.9,-0.0102,38364.0,0.025500000000000002,0.0,2134.0,38168.0,0.0398,0.47800000000000004,0.47600000000000003,0.0,0.031,0.0,0.081,10.833
282602546,2,0,0.032,0.015,0.016,0.023,0.0,-0.0245,0.0245,5.95,-0.0108,38760.0,0.0229,0.0,6178.0,38460.0,0.0346,0.4773,0.47600000000000003,0.0,0.011,0.0,-0.356,10.833
282607375,2,0,0.073,0.021,0.017,0.021,0.0,-0.0221,0.0221,5.99,-0.0102,38860.0,0.020200000000000003,0.0,11007.0,38460.0,0.031200000000000002,0.4773,0.47600000000000003,0.0,0.011,0.0,0.013000000000000001,10.833
282611509,2,0,-0.122,0.074,0.034,0.022,0.0,-0.0224,0.0224,6.04,-0.010700000000000001,38960.0,0.020300000000000002,0.0,15141.0,38560.0,0.0316,0.47790000000000005,0.47900000000000004,0.0,0.02,0.0,-0.096,10.796
282616380,2,0,0.164,0.001,0.034,0.022,0.0,-0.0334,0.0334,6.09,-0.0106,39164.0,0.0307,0.0,0.0,38860.0,0.0472,0.47790000000000005,0.47900000000000004,0.0,0.02,0.0,-0.061,10.796
282618382,2,0,0.064,0.063,0.046,0.022,0.0,-0.0264,0.0264,6.11,-0.010400000000000001,39164.0,0.025,0.0,2002.0,38860.0,0.0373,0.47790000000000005,0.47900000000000004,0.0,0.02,0.0,0.16,10.796
282622408,2,0,-0.109,0.058,0.038,0.023,0.0,-0.0233,0.0233,6.11,-0.0109,39368.0,0.022000000000000002,0.0,6028.0,38960.0,0.033,0.48040000000000005,0.48500000000000004,0.0,0.066,0.0,-0.055,10.796
282626545,2,0,0.145,-0.02,0.018000000000000002,0.023,0.0,-0.0182,0.0182,8.13,-0.0109,39064.0,0.0234,0.0,10165.0,39064.0,0.0257,0.48040000000000005,0.48500000000000004,0.0,0.066,0.0,-0.111,10.796
282631661,2,0,-0.09,0.065,0.037,0.022,0.0,-0.0152,0.0152,8.13,-0.010700000000000001,39788.0,0.0195,0.0,15281.0,39368.0,0.0216,0.4827,0.48700000000000004,0.0,0.099,0.0,0.016,10.796
282634441,2,0,-0.036000000000000004,0.007,0.017,0.023,0.0,-0.0183,0.0183,8.13,-0.011000000000000001,39472.0,0.0234,0.0,0.0,39892.0,0.025900000000000003,0.4827,0.48700000000000004,0.0,0.099,0.0,-0.262,10.331
282639409,2,0,0.068,0.065,0.012,0.022,0.0,-0.0227,0.0227,8.13,-0.0106,40104.0,0.0273,0.0,4968.0,40000.0,0.0322,0.4827,0.48700000000000004,0.0,0.099,0.0,0.257,10.331
282643509,2,0,-0.11,0.047,0.023,0.023,0.0,-0.0216,0.0216,8.13,-0.011000000000000001,40540.0,0.0273,0.0,9068.0,40648.0,0.030500000000000003,0.4853,0.49000000000000005,0.0,0.13,0.0,0.317,10.331
282648404,2,0,0.125,0.015,-0.038,0.023,0.0,-0.0173,0.0173,8.13,-0.0108,41096.0,0.021500000000000002,0.0,13963.0,40984.0,0.0245,0.4853,0.49000000000000005,0.0,0.13,0.0,0.265,10.331
282650412,2,0,0.0,0.064,-0.03,0.022,0.0,-0.020200000000000003,0.0201,8.13,-0.0108,41096.0,0.025400000000000002,0.0,15971.0,41208.0,0.0285,0.4853,0.49000000000000005,0.0,0.13,0.0,0.299,10.331
282654456,2,0,-0.085,0.017,-0.007,0.024,0.0,-0.0213,0.0213,8.120000000000001,-0.011300000000000001,41664.0,0.0273,0.0,0.0,41664.0,0.030100000000000002,0.48800000000000004,0.49300000000000005,0.0,0.159,0.0,0.049,10.397
282658509,2,0,0.122,-0.015,-0.027,0.023,0.0,-0.0178,0.0178,8.120000000000001,-0.0109,42016.0,0.021500000000000002,0.0,4053.0,41900.0,0.0251,0.48800000000000004,0.49300000000000005,0.0,0.159,0.0,0.255,10.397
282662569,2,0,-0.167,0.067,-0.015,0.023,0.0,-0.0238,0.0238,8.120000000000001,-0.0112,42372.0,0.029300000000000003,0.0,8113.0,42372.0,0.0337,0.4883,0.48900000000000005,0.0,0.134,0.0,0.417,10.397
282667421,2,0,0.134,-0.028,-0.047,0.024,0.0,-0.020300000000000002,0.020300000000000002,8.120000000000001,-0.011300000000000001,42736.0,0.025400000000000002,0.0,12965.0,42612.0,0.028800000000000003,0.4883,0.48900000000000005,0.0,0.134,0.0,0.391,10.397
282671464,2,0,-0.09,0.082,0.005,0.023,0.0,-0.0183,0.0183,8.120000000000001,-0.0112,42980.0,0.0234,0.0,17008.0,42980.0,0.025900000000000003,0.4883,0.48900000000000005,0.0,0.134,0.0,0.557,10.397
282676424,2,0,0.054,-0.027,-0.027,0.024,0.0,-0.024200000000000003,0.024200000000000003,8.120000000000001,-0.0117,43604.0,0.029300000000000003,0.0,0.0,43480.0,0.034300000000000004,0.4868,0.48400000000000004,0.0,0.077,0.0,0.257,10.408
282678426,2,0,0.14100000000000001,0.0,-0.03,0.024,0.0,-0.0195,0.0195,8.120000000000001,-0.0114,43480.0,0.0234,0.0,2002.0,43228.0,0.027600000000000003,0.4868,0.48400000000000004,0.0,0.077,0.0,0.325,10.408
282682433,2,0,-0.14400000000000002,0.066,0.037,0.024,0.0,-0.0154,0.0154,8.120000000000001,-0.011600000000000001,43860.0,0.0195,0.0,6009.0,43732.0,0.0218,0.4848,0.48100000000000004,0.0,0.021,0.0,0.442,10.408
282686680,2,0,0.045,-0.024,0.002,0.025,0.0,-0.022500000000000003,0.022500000000000003,8.120000000000001,-0.0118,44376.0,0.0273,0.0,10256.0,43860.0,0.0318,0.4848,0.48100000000000004,0.0,0.021,0.0,0.3,10.408
282691504,2,0,-0.089,0.066,0.042,0.024,0.0,-0.016900000000000002,0.016900000000000002,8.120000000000001,-0.0117,44512.0,0.021500000000000002,0.0,15080.0,44116.0,0.0239,0.48210000000000003,0.47700000000000004,0.0,-0.038,0.0,0.46900000000000003,10.408
282696438,2,0,0.07,0.003,0.034,0.025,0.0,-0.022000000000000002,0.022000000000000002,8.14,-0.012,44640.0,0.0274,0.0,0.0,44512.0,0.031100000000000003,0.48210000000000003,0.47700000000000004,0.0,-0.038,0.0,0.203,10.447000000000001
282698442,2,0,0.08600000000000001,0.037,0.034,0.025,0.0,-0.022600000000000002,0.022600000000000002,8.14,-0.0119,44640.0,0.0274,0.0,2004.0,44640.0,0.032,0.48210000000000003,0.47700000000000004,0.0,-0.038,0.0,0.20800000000000002,10.447000000000001
282702448,2,0,-0.116,0.025,0.046,0.025,0.0,-0.0152,0.0152,8.14,-0.0122,45044.0,0.0196,0.0,6010.0,44776.0,0.021500000000000002,0.4806,0.47800000000000004,0.0,-0.059000000000000004,0.0,0.337,10.447000000000001
282706508,2,0,0.075,0.005,0.008,0.025,0.0,-0.02,0.02,8.14,-0.0122,45044.0,0.025400000000000002,0.0,10070.0,45044.0,0.028300000000000002,0.4806,0.47800000000000004,0.0,-0.059000000000000004,0.0,0.2,10.447000000000001
282711511,2,0,-0.106,0.026000000000000002,0.052000000000000005,0.026000000000000002,0.0,-0.0198,0.0198,8.14,-0.0125,45592.0,0.025400000000000002,0.0,15073.0,45180.0,0.028,0.4797,0.47800000000000004,0.0,-0.065,0.0,0.357,10.447000000000001
282714502,2,0,0.039,-0.017,0.005,0.026000000000000002,0.0,-0.0159,0.0159,8.14,-0.0125,45316.0,0.0196,0.0,0.0,45180.0,0.022500000000000003,0.4797,0.47800000000000004,0.0,-0.065,0.0,0.234,10.52
282718508,2,0,-0.01,0.044,0.004,0.026000000000000002,0.0,-0.0211,0.021,8.14,-0.012400000000000001,45592.0,0.025400000000000002,0.0,4006.0,45316.0,0.0298,0.4797,0.47800000000000004,0.0,-0.065,0.0,0.129,10.52
282723508,2,0,0.029,-0.03,-0.02,0.026000000000000002,0.0,-0.0187,0.0187,8.14,-0.012700000000000001,45732.0,0.0235,0.0,9006.0,45592.0,0.0264,0.4791,0.47800000000000004,0.0,-0.064,0.0,-0.011,10.52
282728463,2,0,-0.076,0.039,-0.007,0.026000000000000002,0.0,-0.0224,0.0224,8.14,-0.012700000000000001,46152.0,0.0274,0.0,13961.0,46012.0,0.0316,0.4791,0.47800000000000004,0.0,-0.064,0.0,-0.084,10.52
282730469,2,0,-0.091,0.002,-0.006,0.027,0.0,-0.0213,0.0213,8.14,-0.0129,46152.0,0.0274,0.0,15967.0,45732.0,0.0302,0.4791,0.47800000000000004,0.0,-0.064,0.0,-0.10400000000000001,10.52
282734519,2,0,0.07100000000000001,-0.02,-0.03,0.026000000000000002,0.0,-0.020200000000000003,0.020200000000000003,8.14,-0.012700000000000001,46012.0,0.025400000000000002,0.0,0.0,46152.0,0.0286,0.4787,0.47800000000000004,0.0,-0.059000000000000004,0.0,-0.136,10.498
282739518,2,0,-0.079,0.0,-0.011,0.027,0.0,-0.0194,0.0194,8.14,-0.013000000000000001,46440.0,0.0235,0.0,4999.0,46012.0,0.0274,0.4787,0.47800000000000004,0.0,-0.059000000000000004,0.0,-0.291,10.498
282744523,2,0,0.03,0.004,-0.026000000000000002,0.027,0.0,-0.021,0.021,8.14,-0.0128,46296.0,0.025400000000000002,0.0,10004.0,46296.0,0.0297,0.47950000000000004,0.48100000000000004,0.0,-0.031,0.0,-0.392,10.498
282747479,2,0,-0.089,0.025,0.023,0.027,0.0,-0.0212,0.0212,8.14,-0.013000000000000001,46728.0,0.0274,0.0,12960.0,46296.0,0.030000000000000002,0.47950000000000004,0.48100000000000004,0.0,-0.031,0.0,-0.41100000000000003,10.498
282752486,2,0,0.049,-0.027,-0.017,0.027,0.0,-0.021,0.021,8.14,-0.0129,46584.0,0.025400000000000002,0.0,17967.0,46440.0,0.0297,0.4807,0.48300000000000004,0.0,-0.001,0.0,-0.47700000000000004,10.498
282754537,2,0,-0.026000000000000002,0.024,0.015,0.027,0.0,-0.021500000000000002,0.021500000000000002,8.14,-0.013000000000000001,47020.0,0.0274,0.0,0.0,46584.0,0.0304,0.4807,0.48300000000000004,0.0,-0.001,0.0,-0.456,10.634
282760491,2,0,0.047,-0.047,-0.007,0.027,0.0,-0.021,0.021,8.14,-0.0132,47020.0,0.025400000000000002,0.0,5954.0,46584.0,0.0297,0.4807,0.48300000000000004,0.0,-0.001,0.0,-0.59,10.634
282762495,2,0,0.02,0.004,0.007,0.027,0.0,-0.021500000000000002,0.021500000000000002,8.14,-0.0131,47320.0,0.0274,0.0,7958.0,46728.0,0.0304,0.48190000000000005,0.48400000000000004,0.0,0.022,0.0,-0.589,10.634
282767497,2,0,-0.033,-0.053,0.011,0.028,0.0,-0.0212,0.0211,8.14,-0.0134,47020.0,0.025400000000000002,0.0,12960.0,46728.0,0.029900000000000003,0.48190000000000005,0.48400000000000004,0.0,0.022,0.0,-0.7000000000000001,10.634
282772501,2,0,-0.045,0.023,0.027,0.027,0.0,-0.023,0.0229,8.14,-0.0132,47468.0,0.029300000000000003,0.0,17964.0,47020.0,0.0325,0.48300000000000004,0.48500000000000004,0.0,0.04,0.0,-0.6910000000000001,10.634
282774550,2,0,-0.101,0.012,0.035,0.028,0.0,-0.0244,0.0244,8.14,-0.0134,47168.0,0.0313,0.0,0.0,46728.0,0.0345,0.48300000000000004,0.48500000000000004,0.0,0.04,0.0,-0.675,10.573
282779553,2,0,0.051000000000000004,-0.015,-0.03,0.027,0.0,-0.0234,0.0234,8.14,-0.0132,47320.0,0.029300000000000003,0.0,5003.0,46876.0,0.033100000000000004,0.48300000000000004,0.48500000000000004,0.0,0.04,0.0,-0.729,10.573
282782508,2,0,-0.08600000000000001,0.019,0.009000000000000001,0.028,0.0,-0.021500000000000002,0.021500000000000002,8.14,-0.013300000000000001,47620.0,0.0274,0.0,7958.0,47020.0,0.0304,0.4833,0.48400000000000004,0.0,0.039,0.0,-0.715,10.573
282786683,2,0,0.05,-0.061,-0.032,0.028,0.0,-0.0204,0.0204,8.14,-0.0132,47620.0,0.025400000000000002,0.0,12133.0,46876.0,0.028900000000000002,0.4833,0.48400000000000004,0.0,0.039,0.0,-0.783,10.573
282792515,2,0,-0.1,-0.003,0.003,0.028,0.0,-0.023700000000000002,0.023700000000000002,8.14,-0.013300000000000001,47768.0,0.029300000000000003,0.0,17965.0,47168.0,0.0335,0.4832,0.48300000000000004,0.0,0.029,0.0,-0.78,10.573
282794565,2,0,0.018000000000000002,-0.054,-0.033,0.027,0.0,-0.022000000000000002,0.022000000000000002,8.120000000000001,-0.0132,47168.0,0.0273,0.0,0.0,47168.0,0.031100000000000003,0.4832,0.48300000000000004,0.0,0.029,0.0,-0.766,10.646
282799567,2,0,-0.064,0.047,0.003,0.027,0.0,-0.0211,0.021,8.120000000000001,-0.0129,47768.0,0.025400000000000002,0.0,5002.0,47020.0,0.0298,0.4832,0.48300000000000004,0.0,0.029,0.0,-0.6950000000000001,10.646
282804570,2,0,0.08,-0.036000000000000004,-0.034,0.027,0.0,-0.0236,0.0236,8.120000000000001,-0.0129,47620.0,0.029300000000000003,0.0,10005.0,47168.0,0.0334,0.4824,0.48100000000000004,0.0,0.008,0.0,-0.6900000000000001,10.646
282807521,2,0,0.013000000000000001,0.058,0.001,0.027,0.0,-0.0201,0.0201,8.120000000000001,-0.0128,47924.0,0.025400000000000002,0.0,12956.0,47620.0,0.0284,0.4824,0.48100000000000004,0.0,0.008,0.0,-0.671,10.646
282811584,2,0,-0.044,-0.026000000000000002,0.011,0.027,0.0,-0.0244,0.0244,8.120000000000001,-0.013000000000000001,47924.0,0.031200000000000002,0.0,17019.0,47468.0,0.0345,0.48090000000000005,0.47800000000000004,0.0,-0.025,0.0,-0.619,10.646
282814577,2,0,0.067,0.008,-0.008,0.027,0.0,-0.024900000000000002,0.024900000000000002,8.120000000000001,-0.0129,47924.0,0.031200000000000002,0.0,0.0,47468.0,0.0352,0.48090000000000005,0.47800000000000004,0.0,-0.025,0.0,-0.553,10.619
282819577,2,0,-0.063,-0.008,0.019,0.027,0.0,-0.020200000000000003,0.020200000000000003,8.120000000000001,-0.0132,47924.0,0.025400000000000002,0.0,5000.0,47320.0,0.0286,0.48090000000000005,0.47800000000000004,0.0,-0.025,0.0,-0.404,10.619
282822696,2,0,0.058,-0.001,-0.01,0.027,0.0,-0.0228,0.0228,8.120000000000001,-0.013000000000000001,48076.0,0.0273,0.0,8119.0,47620.0,0.0322,0.4806,0.48000000000000004,0.0,-0.026000000000000002,0.0,-0.373,10.619
282827541,2,0,-0.064,0.013000000000000001,0.059000000000000004,0.028,0.0,-0.020900000000000002,0.020900000000000002,8.120000000000001,-0.013300000000000001,48076.0,0.025400000000000002,0.0,12964.0,47320.0,0.029500000000000002,0.4806,0.48000000000000004,0.0,-0.026000000000000002,0.0,-0.34900000000000003,10.619
282832545,2,0,0.065,0.035,-0.007,0.027,0.0,-0.0189,0.0189,8.120000000000001,-0.0131,48076.0,0.0234,0.0,17968.0,47620.0,0.0267,0.4807,0.48100000000000004,0.0,-0.018000000000000002,0.0,-0.33,10.619
282834596,2,0,-0.029,0.058,0.038,0.027,0.0,-0.021500000000000002,0.021500000000000002,8.13,-0.0132,48232.0,0.0273,0.0,0.0,47468.0,0.0303,0.4807,0.48100000000000004,0.0,-0.018000000000000002,0.0,-0.302,10.66
282839593,2,0,0.056,-0.015,-0.02,0.027,0.0,-0.0216,0.0216,8.13,-0.0132,48232.0,0.0273,0.0,4997.0,47468.0,0.030600000000000002,0.4807,0.48100000000000004,0.0,-0.018000000000000002,0.0,-0.187,10.66
282842550,2,0,0.012,0.07100000000000001,0.008,0.027,0.0,-0.0221,0.0221,8.13,-0.0132,48076.0,0.0273,0.0,7954.0,47924.0,0.0313,0.4812,0.48200000000000004,0.0,-0.006,0.0,-0.17500000000000002,10.66
282847553,2,0,0.031,-0.026000000000000002,-0.023,0.028,0.0,-0.0222,0.0222,8.13,-0.0134,48388.0,0.0273,0.0,12957.0,47924.0,0.031400000000000004,0.4812,0.48200000000000004,0.0,-0.006,0.0,0.066,10.66
282851582,2,0,-0.007,0.079,0.02,0.028,0.0,-0.0229,0.0229,8.13,-0.0135,48232.0,0.029300000000000003,0.0,16986.0,47924.0,0.0324,0.4818,0.48300000000000004,0.0,0.008,0.0,0.093,10.66
282854453,2,0,-0.062,0.023,0.009000000000000001,0.028,0.0,-0.0229,0.0228,8.13,-0.0137,48232.0,0.029300000000000003,0.0,0.0,48076.0,0.0323,0.4818,0.48300000000000004,0.0,0.008,0.0,0.149,10.66
282858569,2,0,0.07,0.048,-0.037,0.028,0.0,-0.020800000000000003,0.020800000000000003,8.13,-0.013600000000000001,48544.0,0.025400000000000002,0.0,4116.0,47620.0,0.029400000000000003,0.4818,0.48300000000000004,0.0,0.008,0.0,0.20600000000000002,10.655
282863563,2,0,-0.032,-0.023,0.002,0.029,0.0,-0.0219,0.0219,8.13,-0.013900000000000001,48700.0,0.0273,0.0,9110.0,47924.0,0.031,0.48190000000000005,0.48200000000000004,0.0,0.008,0.0,0.35100000000000003,10.655
282867570,2,0,0.045,0.07200000000000001,-0.021,0.029,0.0,-0.0241,0.0241,8.13,-0.013800000000000002,48232.0,0.029300000000000003,0.0,13117.0,48076.0,0.0341,0.48190000000000005,0.48200000000000004,0.0,0.008,0.0,0.377,10.655
282872573,2,0,-0.01,-0.036000000000000004,-0.006,0.029,0.0,-0.020900000000000002,0.020900000000000002,8.13,-0.014100000000000001,48544.0,0.025400000000000002,0.0,18120.0,47468.0,0.029500000000000002,0.48160000000000003,0.48100000000000004,0.0,0.0,0.0,0.487,10.655
282874621,2,0,0.059000000000000004,-0.006,-0.024,0.029,0.0,-0.0201,0.0201,8.13,-0.014,48388.0,0.025400000000000002,0.0,0.0,48076.0,0.0285,0.48160000000000003,0.48100000000000004,0.0,0.0,0.0,0.446,10.655
282879626,2,0,-0.045,0.026000000000000002,0.023,0.03,0.0,-0.0234,0.0234,8.13,-0.0142,48388.0,0.029300000000000003,0.0,5005.0,47768.0,0.033100000000000004,0.48160000000000003,0.48100000000000004,0.0,0.0,0.0,0.389,10.6
282882581,2,0,0.044,-0.042,-0.04,0.029,0.0,-0.0211,0.0211,8.13,-0.014100000000000001,48388.0,0.025400000000000002,0.0,7960.0,47468.0,0.029900000000000003,0.48140000000000005,0.48100000000000004,0.0,-0.004,0.0,0.529,10.6
282887679,2,0,0.002,0.08,0.038,0.029,0.0,-0.0211,0.0211,8.13,-0.0142,48388.0,0.025400000000000002,0.0,13058.0,47924.0,0.029900000000000003,0.48140000000000005,0.48100000000000004,0.0,-0.004,0.0,0.47200000000000003,10.6
282890583,2,0,0.013000000000000001,-0.042,-0.009000000000000001,0.03,0.0,-0.024200000000000003,0.024200000000000003,8.13,-0.0143,48700.0,0.029300000000000003,0.0,15962.0,47620.0,0.0342,0.48140000000000005,0.48100000000000004,0.0,-0.004,0.0,0.686,10.6
282894637,2,0,0.029,0.073,0.012,0.03,0.0,-0.0218,0.0218,8.13,-0.0142,48544.0,0.0273,0.0,0.0,47924.0,0.0309,0.4812,0.48100000000000004,0.0,-0.006,0.0,0.546,10.6
282899635,2,0,0.037,-0.053,-0.036000000000000004,0.03,0.0,-0.020300000000000002,0.020300000000000002,8.13,-0.0142,48388.0,0.025400000000000002,0.0,4998.0,47768.0,0.0287,0.4812,0.48100000000000004,0.0,-0.006,0.0,0.653,10.68
282902594,2,0,0.039,0.052000000000000005,-0.003,0.029,0.0,-0.022500000000000003,0.0224,8.13,-0.014100000000000001,48700.0,0.0274,0.0,7957.0,47768.0,0.0318,0.4808,0.48000000000000004,0.0,-0.013000000000000001,0.0,0.541,10.68
282907604,2,0,0.014,-0.05,-0.014,0.03,0.0,-0.0224,0.0224,8.13,-0.0143,48388.0,0.0274,0.0,12967.0,47924.0,0.0317,0.4808,0.48000000000000004,0.0,-0.013000000000000001,0.0,0.642,10.68
282912601,2,0,-0.008,0.061,0.005,0.029,0.0,-0.0212,0.0212,8.13,-0.0142,48544.0,0.0274,0.0,17964.0,48232.0,0.030000000000000002,0.4802,0.47900000000000004,0.0,-0.023,0.0,0.47100000000000003,10.68
282914651,2,0,-0.026000000000000002,0.002,0.014,0.03,0.0,-0.0218,0.0218,8.13,-0.0143,48544.0,0.0274,0.0,0.0,47924.0,0.0309,0.4802,0.47900000000000004,0.0,-0.023,0.0,0.512,10.68
282919610,2,0,0.048,0.032,-0.006,0.029,0.0,-0.0211,0.0211,8.13,-0.014,48388.0,0.025400000000000002,0.0,4959.0,48076.0,0.029900000000000003,0.4802,0.47900000000000004,0.0,-0.023,0.0,0.358,10.689
282924657,2,0,-0.01,-0.052000000000000005,-0.039,0.029,0.0,-0.023,0.023,8.13,-0.014100000000000001,48860.0,0.029300000000000003,0.0,10006.0,47924.0,0.0325,0.4798,0.47900000000000004,0.0,-0.027,0.0,0.405,10.689
282927614,2,0,0.032,-0.003,-0.037,0.029,0.0,-0.0238,0.0238,8.13,-0.013900000000000001,48388.0,0.029300000000000003,0.0,12963.0,48076.0,0.0337,0.4798,0.47900000000000004,0.0,-0.027,0.0,0.378,10.689
282931683,2,0,-0.041,0.01,0.049,0.029,0.0,-0.023200000000000002,0.023200000000000002,8.13,-0.014100000000000001,48860.0,0.029300000000000003,0.0,17032.0,48076.0,0.0329,0.4791,0.47800000000000004,0.0,-0.034,0.0,0.268,10.689
282934666,2,0,0.023,-0.062,-0.042,0.029,0.0,-0.0223,0.0223,8.13,-0.014,48700.0,0.0274,0.0,0.0,47620.0,0.0315,0.4791,0.47800000000000004,0.0,-0.034,0.0,0.381,10.689
282939668,2,0,-0.047,0.025,0.031,0.029,0.0,-0.0227,0.0227,8.14,-0.014100000000000001,48700.0,0.0274,0.0,5002.0,47768.0,0.032100000000000004,0.4791,0.47800000000000004,0.0,-0.034,0.0,0.189,10.71
282942624,2,0,0.004,-0.076,-0.006,0.029,0.0,-0.0224,0.0224,8.14,-0.014,48860.0,0.0274,0.0,7958.0,48232.0,0.0317,0.47840000000000005,0.47700000000000004,0.0,-0.042,0.0,0.301,10.71
282947627,2,0,-0.045,0.049,0.049,0.029,0.0,-0.0246,0.0246,8.14,-0.014,48700.0,0.0313,0.0,12961.0,48076.0,0.034800000000000005,0.47840000000000005,0.47700000000000004,0.0,-0.042,0.0,-0.029,10.71
282950760,2,0,-0.031,-0.062,-0.015,0.029,0.0,-0.0262,0.0262,8.14,-0.014,48700.0,0.0332,0.0,16094.0,48076.0,0.0371,0.47840000000000005,0.47700000000000004,0.0,-0.042,0.0,0.167,10.71
282955632,2,0,-0.021,0.05,0.06,0.029,0.0,-0.0229,0.0228,8.14,-0.013900000000000001,48700.0,0.029300000000000003,0.0,0.0,48076.0,0.0323,0.4786,0.47900000000000004,0.0,-0.029,0.0,-0.099,10.71
282959679,2,0,-0.028,-0.07,-0.016,0.029,0.0,-0.0245,0.0245,8.14,-0.014,48700.0,0.0313,0.0,4047.0,48076.0,0.0347,0.4786,0.47900000000000004,0.0,-0.029,0.0,-0.022,10.686
282964680,2,0,-0.015,0.046,0.03,0.029,0.0,-0.0224,0.0224,8.14,-0.014,49020.0,0.0274,0.0,9048.0,48076.0,0.0317,0.4791,0.48000000000000004,0.0,-0.014,0.0,-0.303,10.686
282967639,2,0,-0.04,-0.068,0.005,0.029,0.0,-0.022500000000000003,0.022500000000000003,8.14,-0.014,48700.0,0.0274,0.0,12007.0,48232.0,0.031900000000000005,0.4791,0.48000000000000004,0.0,-0.014,0.0,-0.217,10.686
282972646,2,0,-0.011,0.053,0.016,0.029,0.0,-0.0253,0.0253,8.14,-0.013800000000000002,48700.0,0.0313,0.0,17014.0,48232.0,0.0357,0.4798,0.48100000000000004,0.0,0.002,0.0,-0.458,10.686
282974686,2,0,-0.039,-0.001,0.009000000000000001,0.029,0.0,-0.0246,0.0246,8.14,-0.013900000000000001,49180.0,0.0313,0.0,0.0,48076.0,0.0347,0.4798,0.48100000000000004,0.0,0.002,0.0,-0.419,10.686
282979733,2,0,0.004,0.005,-0.024,0.029,0.0,-0.0233,0.0233,8.120000000000001,-0.0137,48860.0,0.029300000000000003,0.0,5047.0,48232.0,0.0329,0.4798,0.48100000000000004,0.0,0.002,0.0,-0.242,10.651
282982789,2,0,-0.016,0.028,0.036000000000000004,0.029,0.0,-0.023200000000000002,0.023200000000000002,8.120000000000001,-0.013800000000000002,48700.0,0.029300000000000003,0.0,8103.0,48076.0,0.0328,0.48050000000000004,0.48200000000000004,0.0,0.018000000000000002,0.0,-0.459,10.651
282987793,2,0,-0.008,-0.031,-0.036000000000000004,0.028,0.0,-0.0228,0.0228,8.120000000000001,-0.0137,49020.0,0.0273,0.0,13107.0,48076.0,0.0322,0.48050000000000004,0.48200000000000004,0.0,0.018000000000000002,0.0,-0.368,10.651
282990658,2,0,0.002,0.048,0.041,0.029,0.0,-0.0228,0.0228,8.120000000000001,-0.013800000000000002,49020.0,0.029300000000000003,0.0,15972.0,48232.0,0.0323,0.48050000000000004,0.48200000000000004,0.0,0.018000000000000002,0.0,-0.602,10.651
282994746,2,0,-0.027,-0.093,-0.011,0.029,0.0,-0.020900000000000002,0.020900000000000002,8.120000000000001,-0.013800000000000002,48544.0,0.025400000000000002,0.0,0.0,48076.0,0.029500000000000002,0.4807,0.48100000000000004,0.0,0.017,0.0,-0.375,10.651
282999749,2,0,-0.009000000000000001,0.04,0.053,0.029,0.0,-0.0233,0.0233,8.120000000000001,-0.013800000000000002,49020.0,0.029300000000000003,0.0,5003.0,48076.0,0.0329,0.4807,0.48100000000000004,0.0,0.017,0.0,-0.622,10.709
283002667,2,0,-0.031,-0.09,0.012,0.029,0.0,-0.0221,0.0221,8.120000000000001,-0.013800000000000002,48860.0,0.0273,0.0,7921.0,48076.0,0.031200000000000002,0.48050000000000004,0.48000000000000004,0.0,0.009000000000000001,0.0,-0.433,10.709
283007667,2,0,0.009000000000000001,0.058,0.07,0.029,0.0,-0.021400000000000002,0.021400000000000002,8.120000000000001,-0.013800000000000002,48700.0,0.0273,0.0,12921.0,48076.0,0.0302,0.48050000000000004,0.48000000000000004,0.0,0.009000000000000001,0.0,-0.68,10.709
283009752,2,0,-0.019,-0.012,0.05,0.029,0.0,-0.022600000000000002,0.022600000000000002,8.120000000000001,-0.013900000000000001,48544.0,0.0273,0.0,15006.0,48076.0,0.031900000000000005,0.48050000000000004,0.48000000000000004,0.0,0.009000000000000001,0.0,-0.617,10.709
283014767,2,0,0.018000000000000002,0.02,0.002,0.029,0.0,-0.0211,0.0211,8.120000000000001,-0.013800000000000002,48860.0,0.025400000000000002,0.0,0.0,48076.0,0.029900000000000003,0.48100000000000004,0.48200000000000004,0.0,0.018000000000000002,0.0,-0.655,10.709
283017704,2,0,0.001,0.018000000000000002,0.044,0.029,0.0,-0.0206,0.0206,8.13,-0.013900000000000001,49020.0,0.025400000000000002,0.0,2937.0,48232.0,0.0291,0.48100000000000004,0.48200000000000004,0.0,0.018000000000000002,0.0,-0.665,10.673
283022693,2,0,0.007,-0.007,-0.027,0.029,0.0,-0.0222,0.0222,8.13,-0.0137,48700.0,0.0273,0.0,7926.0,48076.0,0.031400000000000004,0.4817,0.48300000000000004,0.0,0.028,0.0,-0.43,10.673
283027677,2,0,-0.017,-0.047,-0.012,0.029,0.0,-0.021400000000000002,0.021400000000000002,8.13,-0.013900000000000001,49020.0,0.0273,0.0,12910.0,48076.0,0.0302,0.4817,0.48300000000000004,0.0,0.028,0.0,-0.429,10.673
283029770,2,0,-0.009000000000000001,-0.07200000000000001,-0.052000000000000005,0.029,0.0,-0.0204,0.0204,8.13,-0.013800000000000002,48544.0,0.025400000000000002,0.0,15003.0,48232.0,0.028900000000000002,0.4817,0.48300000000000004,0.0,0.028,0.0,-0.358,10.673
283034767,2,0,0.026000000000000002,0.027,0.002,0.029,0.0,-0.02,0.02,8.13,-0.013800000000000002,49020.0,0.025400000000000002,0.0,0.0,48232.0,0.0284,0.4822,0.48300000000000004,0.0,0.032,0.0,-0.562,10.673
283039551,2,0,-0.004,-0.055,-0.067,0.029,0.0,-0.021500000000000002,0.021500000000000002,8.13,-0.0137,48544.0,0.0273,0.0,4784.0,48076.0,0.0303,0.4822,0.48300000000000004,0.0,0.032,0.0,-0.324,10.711
283043551,2,0,0.043000000000000003,0.045,0.023,0.029,0.0,-0.0212,0.0212,8.13,-0.013800000000000002,49020.0,0.0264,0.0,8784.0,48076.0,0.030000000000000002,0.48250000000000004,0.48300000000000004,0.0,0.031,0.0,-0.56,10.711
283046678,2,0,-0.013000000000000001,-0.057,-0.011,0.029,0.0,-0.0213,0.0213,8.13,-0.013800000000000002,49020.0,0.0273,0.0,11911.0,48076.0,0.030100000000000002,0.48250000000000004,0.48300000000000004,0.0,0.031,0.0,-0.292,10.711
283050737,2,0,0.053,0.055,0.021,0.029,0.0,-0.0218,0.0218,8.13,-0.0137,49020.0,0.0273,0.0,15970.0,48076.0,0.0308,0.48250000000000004,0.48300000000000004,0.0,0.031,0.0,-0.42,10.711
283054786,2,0,-0.007,-0.06,-0.023,0.028,0.0,-0.020200000000000003,0.020200000000000003,8.13,-0.0137,48700.0,0.025400000000000002,0.0,0.0,47924.0,0.0286,0.48260000000000003,0.48300000000000004,0.0,0.029,0.0,-0.123,10.711
283059792,2,0,0.042,0.053,0.044,0.028,0.0,-0.022600000000000002,0.022600000000000002,8.13,-0.0137,48860.0,0.0274,0.0,5006.0,48076.0,0.031900000000000005,0.48260000000000003,0.48300000000000004,0.0,0.029,0.0,-0.335,10.688
283062569,2,0,0.006,-0.017,0.021,0.028,0.0,-0.0224,0.0224,8.13,-0.0137,48860.0,0.0274,0.0,7783.0,48076.0,0.0317,0.4824,0.48200000000000004,0.0,0.019,0.0,-0.147,10.688
283067551,2,0,0.051000000000000004,0.045,0.015,0.028,0.0,-0.0204,0.0204,8.13,-0.0135,48700.0,0.025400000000000002,0.0,12765.0,48076.0,0.028900000000000002,0.4824,0.48200000000000004,0.0,0.019,0.0,-0.1,10.688
283069790,2,0,0.03,0.004,0.037,0.028,0.0,-0.02,0.02,8.13,-0.0135,48544.0,0.025400000000000002,0.0,15004.0,48076.0,0.028300000000000002,0.4824,0.48200000000000004,0.0,0.019,0.0,-0.024,10.688
283074551,2,0,0.031,-0.009000000000000001,-0.027,0.028,0.0,-0.0199,0.0199,8.13,-0.0134,48700.0,0.025400000000000002,0.0,0.0,48076.0,0.0281,0.48190000000000005,0.48100000000000004,0.0,0.005,0.0,0.159,10.688
283078678,2,0,0.031,0.027,0.007,0.028,0.0,-0.022600000000000002,0.022600000000000002,8.13,-0.013300000000000001,48860.0,0.0274,0.0,4127.0,48232.0,0.031900000000000005,0.48190000000000005,0.48100000000000004,0.0,0.005,0.0,0.034,10.688
283083547,2,0,0.04,0.024,-0.031,0.028,0.0,-0.023,0.023,8.13,-0.013300000000000001,48860.0,0.029300000000000003,0.0,8996.0,48076.0,0.032600000000000004,0.4812,0.48000000000000004,0.0,-0.009000000000000001,0.0,0.243,10.707
283087672,2,0,0.033,0.012,0.014,0.027,0.0,-0.020900000000000002,0.020900000000000002,8.13,-0.0132,48700.0,0.025400000000000002,0.0,13121.0,48076.0,0.0296,0.4812,0.48000000000000004,0.0,-0.009000000000000001,0.0,0.127,10.707
283089828,2,0,-0.066,-0.015,-0.039,0.028,0.0,-0.025500000000000002,0.025500000000000002,8.13,-0.013300000000000001,48700.0,0.0313,0.0,15277.0,48076.0,0.0361,0.4812,0.48000000000000004,0.0,-0.009000000000000001,0.0,0.376,10.707
283094556,2,0,0.079,0.053,0.0,0.028,0.0,-0.0253,0.0253,8.13,-0.0132,48700.0,0.0313,0.0,0.0,48076.0,0.0358,0.48150000000000004,0.48200000000000004,0.0,-0.002,0.0,0.203,10.707
283099557,2,0,-0.03,0.001,-0.026000000000000002,0.027,0.0,-0.0193,0.0193,8.13,-0.0131,48544.0,0.0235,0.0,5001.0,48076.0,0.0273,0.48150000000000004,0.48200000000000004,0.0,-0.002,0.0,0.46,10.707
283101796,2,0,0.037,0.06,0.005,0.027,0.0,-0.026600000000000002,0.026600000000000002,8.13,-0.0132,49020.0,0.0332,0.0,7240.0,47924.0,0.0376,0.4824,0.48400000000000004,0.0,0.016,0.0,0.249,10.686
283106772,2,0,-0.001,-0.016,-0.014,0.027,0.0,-0.019100000000000002,0.019100000000000002,8.13,-0.0131,48860.0,0.0235,0.0,12216.0,48076.0,0.027,0.4824,0.48400000000000004,0.0,0.016,0.0,0.467,10.686
283110977,2,0,0.05,0.054,0.031,0.027,0.0,-0.021500000000000002,0.021500000000000002,8.13,-0.013000000000000001,48700.0,0.0274,0.0,16421.0,48076.0,0.0304,0.4824,0.48400000000000004,0.0,0.016,0.0,0.268,10.686
283115552,2,0,-0.018000000000000002,-0.013000000000000001,-0.007,0.027,0.0,-0.0253,0.0253,8.13,-0.013000000000000001,48700.0,0.0313,0.0,0.0,48232.0,0.0358,0.4833,0.48500000000000004,0.0,0.031,0.0,0.523,10.686
283119819,2,0,0.061,0.036000000000000004,0.024,0.027,0.0,-0.0193,0.0193,8.13,-0.0129,48860.0,0.0235,0.0,4267.0,48076.0,0.0273,0.4833,0.48500000000000004,0.0,0.031,0.0,0.372,10.686
283122550,2,0,0.011,-0.003,0.021,0.027,0.0,-0.021,0.021,8.14,-0.0128,48860.0,0.025400000000000002,0.0,6998.0,48076.0,0.0296,0.4842,0.48600000000000004,0.0,0.044,0.0,0.497,10.716000000000001
283126788,2,0,0.043000000000000003,0.043000000000000003,0.012,0.027,0.0,-0.0236,0.0236,8.14,-0.0128,48544.0,0.029300000000000003,0.0,11236.0,48076.0,0.0333,0.4842,0.48600000000000004,0.0,0.044,0.0,0.426,10.716000000000001
283130788,2,0,-0.013000000000000001,-0.016,0.016,0.027,0.0,-0.0227,0.0227,8.14,-0.012700000000000001,49020.0,0.0274,0.0,15236.0,48076.0,0.032100000000000004,0.4842,0.48600000000000004,0.0,0.044,0.0,0.371,10.716000000000001
283134823,2,0,0.018000000000000002,0.037,0.005,0.027,0.0,-0.0238,0.0238,8.14,-0.0128,48544.0,0.029300000000000003,0.0,0.0,48076.0,0.033600000000000005,0.4849,0.48600000000000004,0.0,0.047,0.0,0.354,10.716000000000001
283139860,2,0,-0.007,-0.013000000000000001,0.003,0.027,0.0,-0.021400000000000002,0.0213,8.14,-0.0128,48544.0,0.0274,0.0,5037.0,48076.0,0.0302,0.4849,0.48600000000000004,0.0,0.047,0.0,0.319,10.716000000000001
283142552,2,0,-0.02,-0.007,-0.007,0.027,0.0,-0.0212,0.0212,8.14,-0.0128,48544.0,0.025400000000000002,0.0,7729.0,48076.0,0.029900000000000003,0.4849,0.48600000000000004,0.0,0.047,0.0,0.328,10.675
283146807,2,0,0.029,-0.006,0.028,0.027,0.0,-0.022000000000000002,0.022000000000000002,8.14,-0.0128,48860.0,0.0274,0.0,11984.0,48076.0,0.031200000000000002,0.4849,0.48500000000000004,0.0,0.039,0.0,0.209,10.675
283150810,2,0,-0.022,0.0,0.0,0.027,0.0,-0.0218,0.0218,8.14,-0.0129,48544.0,0.0274,0.0,15987.0,48076.0,0.0309,0.4849,0.48500000000000004,0.0,0.039,0.0,0.41100000000000003,10.675
283154818,2,0,0.044,-0.009000000000000001,0.012,0.027,0.0,-0.021,0.021,8.14,-0.0129,49020.0,0.025400000000000002,0.0,0.0,48076.0,0.0297,0.48460000000000003,0.48400000000000004,0.0,0.025,0.0,0.234,10.675
283159555,2,0,-0.036000000000000004,-0.015,-0.013000000000000001,0.027,0.0,-0.0218,0.0217,8.14,-0.0129,48700.0,0.0274,0.0,4737.0,48232.0,0.0308,0.48460000000000003,0.48400000000000004,0.0,0.025,0.0,0.336,10.675
283163574,2,0,0.047,-0.004,0.005,0.027,0.0,-0.0217,0.0217,8.120000000000001,-0.0129,48544.0,0.0273,0.0,8756.0,48076.0,0.0307,0.4837,0.48200000000000004,0.0,0.002,0.0,0.115,10.618
283165782,2,0,-0.01,-0.038,-0.004,0.027,0.0,-0.0211,0.0211,8.120000000000001,-0.0128,48700.0,0.025400000000000002,0.0,10964.0,48076.0,0.0298,0.4837,0.48200000000000004,0.0,0.002,0.0,0.194,10.618
283170556,2,0,0.002,-0.002,0.0,0.027,0.0,-0.021400000000000002,0.021400000000000002,8.120000000000001,-0.0129,48544.0,0.0273,0.0,15738.0,48076.0,0.0302,0.4837,0.48200000000000004,0.0,0.002,0.0,0.082,10.618
283174683,2,0,-0.015,-0.044,0.004,0.027,0.0,-0.024300000000000002,0.024300000000000002,8.120000000000001,-0.0128,49020.0,0.029300000000000003,0.0,0.0,48076.0,0.034300000000000004,0.4838,0.48400000000000004,0.0,0.003,0.0,0.033,10.618
283179554,2,0,0.008,-0.017,-0.008,0.027,0.0,-0.0219,0.0219,8.120000000000001,-0.0129,48700.0,0.0273,0.0,4871.0,48076.0,0.031,0.4838,0.48400000000000004,0.0,0.003,0.0,-0.093,10.618
283183562,2,0,-0.029,-0.053,-0.007,0.027,0.0,-0.0218,0.0218,8.120000000000001,-0.0128,49180.0,0.0273,0.0,8879.0,48076.0,0.0308,0.4842,0.48500000000000004,0.0,0.011,0.0,-0.048,10.693
283185822,2,0,-0.057,-0.026000000000000002,-0.005,0.027,0.0,-0.021500000000000002,0.021500000000000002,8.120000000000001,-0.0129,48700.0,0.0273,0.0,11139.0,48076.0,0.0304,0.4842,0.48500000000000004,0.0,0.011,0.0,-0.031,10.693
283190556,2,0,0.039,-0.045,0.012,0.027,0.0,-0.0223,0.0223,8.120000000000001,-0.0128,48700.0,0.0273,0.0,15873.0,48076.0,0.0315,0.4842,0.48500000000000004,0.0,0.011,0.0,-0.227,10.693
283194817,2,0,-0.035,-0.025,0.0,0.027,0.0,-0.0211,0.0211,8.120000000000001,-0.0129,48700.0,0.025400000000000002,0.0,0.0,48076.0,0.0298,0.48410000000000003,0.48400000000000004,0.0,0.007,0.0,-0.20600000000000002,10.693
283199545,2,0,0.025,-0.056,0.004,0.026000000000000002,0.0,-0.0221,0.0221,8.120000000000001,-0.012700000000000001,48860.0,0.0273,0.0,4728.0,48076.0,0.031200000000000002,0.48410000000000003,0.48400000000000004,0.0,0.007,0.0,-0.406,10.693
283203556,2,0,-0.051000000000000004,-0.028,-0.004,0.026000000000000002,0.0,-0.0211,0.0211,8.120000000000001,-0.012700000000000001,48544.0,0.025400000000000002,0.0,8739.0,48076.0,0.0298,0.4837,0.48300000000000004,0.0,-0.002,0.0,-0.34400000000000003,10.623000000000001
283206556,2,0,0.031,-0.03,-0.005,0.026000000000000002,0.0,-0.0216,0.0216,8.120000000000001,-0.0126,48700.0,0.0273,0.0,11739.0,48076.0,0.030600000000000002,0.4837,0.48300000000000004,0.0,-0.002,0.0,-0.468,10.623000000000001
283210831,2,0,-0.075,-0.02,0.007,0.026000000000000002,0.0,-0.0241,0.0241,8.120000000000001,-0.012400000000000001,48544.0,0.029300000000000003,0.0,16014.0,48232.0,0.0341,0.4837,0.48300000000000004,0.0,-0.002,0.0,-0.40700000000000003,10.623000000000001
283215554,2,0,0.061,-0.046,-0.012,0.025,0.0,-0.0216,0.0216,8.120000000000001,-0.0122,49020.0,0.0273,0.0,0.0,48076.0,0.030600000000000002,0.4842,0.48500000000000004,0.0,0.007,0.0,-0.598,10.623000000000001
283219824,2,0,-0.085,-0.009000000000000001,-0.007,0.025,0.0,-0.0246,0.0246,8.120000000000001,-0.0122,48700.0,0.031200000000000002,0.0,4270.0,48232.0,0.034800000000000005,0.4842,0.48500000000000004,0.0,0.007,0.0,-0.516,10.623000000000001
283221845,2,0,0.011,-0.022,-0.015,0.025,0.0,-0.024200000000000003,0.024200000000000003,8.13,-0.0122,48700.0,0.029300000000000003,0.0,6291.0,48076.0,0.0342,0.4852,0.48700000000000004,0.0,0.025,0.0,-0.607,10.620000000000001
283226555,2,0,-0.013000000000000001,-0.029,-0.001,0.025,0.0,-0.0222,0.0222,8.13,-0.0119,48544.0,0.0273,0.0,11001.0,48076.0,0.031400000000000004,0.4852,0.48700000000000004,0.0,0.025,0.0,-0.501,10.620000000000001
283230555,2,0,-0.03,-0.002,-0.002,0.025,0.0,-0.0245,0.0245,8.13,-0.012,49180.0,0.031200000000000002,0.0,15001.0,48232.0,0.0346,0.4852,0.48700000000000004,0.0,0.025,0.0,-0.5740000000000001,10.620000000000001
283234836,2,0,-0.026000000000000002,-0.019,0.003,0.024,0.0,-0.0227,0.0227,8.13,-0.0117,49020.0,0.0273,0.0,0.0,48076.0,0.032,0.4848,0.48400000000000004,0.0,0.012,0.0,-0.493,10.620000000000001
283239945,2,0,0.05,-0.017,-0.002,0.025,0.0,-0.023100000000000002,0.023100000000000002,8.13,-0.0118,48544.0,0.029300000000000003,0.0,5109.0,48076.0,0.032600000000000004,0.4848,0.48400000000000004,0.0,0.012,0.0,-0.684,10.620000000000001
283242556,2,0,0.055,-0.029,-0.009000000000000001,0.024,0.0,-0.0238,0.0238,8.13,-0.011600000000000001,49020.0,0.029300000000000003,0.0,7720.0,48076.0,0.0337,0.48310000000000003,0.48000000000000004,0.0,-0.024,0.0,-0.659,10.713000000000001
283247554,2,0,-0.03,0.009000000000000001,0.01,0.025,0.0,-0.024,0.024,8.13,-0.0118,48388.0,0.029300000000000003,0.0,12718.0,48076.0,0.034,0.48310000000000003,0.48000000000000004,0.0,-0.024,0.0,-0.494,10.713000000000001
283249846,2,0,0.074,-0.021,0.01,0.024,0.0,-0.024200000000000003,0.024200000000000003,8.13,-0.011600000000000001,48544.0,0.029300000000000003,0.0,15010.0,48076.0,0.034300000000000004,0.48310000000000003,0.48000000000000004,0.0,-0.024,0.0,-0.547,10.713000000000001
283254850,2,0,-0.045,0.021,0.015,0.024,0.0,-0.023700000000000002,0.023700000000000002,8.13,-0.011600000000000001,48700.0,0.029300000000000003,0.0,0.0,48076.0,0.0335,0.4824,0.48100000000000004,0.0,-0.033,0.0,-0.234,10.713000000000001
283259550,2,0,0.073,-0.009000000000000001,-0.003,0.024,0.0,-0.0244,0.0244,8.13,-0.0114,48700.0,0.0313,0.0,4700.0,48076.0,0.0345,0.4824,0.48100000000000004,0.0,-0.033,0.0,-0.333,10.713000000000001
283263550,2,0,-0.056,0.029,0.016,0.024,0.0,-0.024200000000000003,0.024200000000000003,8.13,-0.0114,48544.0,0.029300000000000003,0.0,8700.0,48076.0,0.0342,0.4822,0.48200000000000004,0.0,-0.029,0.0,-0.217,10.713000000000001
283265815,2,0,0.063,0.004,-0.005,0.024,0.0,-0.0234,0.0234,8.13,-0.0114,48700.0,0.029300000000000003,0.0,10965.0,48076.0,0.0332,0.4822,0.48200000000000004,0.0,-0.029,0.0,-0.34900000000000003,10.713000000000001
283270553,2,0,0.026000000000000002,0.009000000000000001,0.0,0.023,0.0,-0.023700000000000002,0.023700000000000002,8.13,-0.011300000000000001,48544.0,0.029300000000000003,0.0,15703.0,48076.0,0.033600000000000005,0.4822,0.48200000000000004,0.0,-0.029,0.0,-0.23600000000000002,10.713000000000001
283274864,2,0,0.08,0.006,0.001,0.024,0.0,-0.023200000000000002,0.023200000000000002,8.13,-0.0114,48388.0,0.029300000000000003,0.0,0.0,48076.0,0.0328,0.4822,0.48200000000000004,0.0,-0.025,0.0,-0.23800000000000002,10.713000000000001
283279553,2,0,-0.033,0.035,0.014,0.024,0.0,-0.024200000000000003,0.024200000000000003,8.13,-0.0114,48700.0,0.029300000000000003,0.0,4689.0,48232.0,0.0342,0.4822,0.48200000000000004,0.0,-0.025,0.0,-0.041,10.713000000000001
283281849,2,0,0.014,0.03,0.003,0.024,0.0,-0.0244,0.0244,8.13,-0.011600000000000001,48544.0,0.0313,0.0,6985.0,48076.0,0.0346,0.4817,0.48100000000000004,0.0,-0.028,0.0,-0.092,10.652000000000001
283286551,2,0,0.051000000000000004,0.02,-0.004,0.024,0.0,-0.023200000000000002,0.023200000000000002,8.13,-0.0114,48700.0,0.029300000000000003,0.0,11687.0,48232.0,0.0327,0.4817,0.48100000000000004,0.0,-0.028,0.0,-0.124,10.652000000000001
283290832,2,0,0.028,0.015,0.015,0.024,0.0,-0.0234,0.0234,8.13,-0.011600000000000001,48544.0,0.029300000000000003,0.0,15968.0,48232.0,0.033100000000000004,0.4817,0.48100000000000004,0.0,-0.028,0.0,-0.088,10.652000000000001
283294879,2,0,0.028,0.018000000000000002,0.004,0.024,0.0,-0.0234,0.0234,8.13,-0.0114,48544.0,0.029300000000000003,0.0,0.0,48232.0,0.033100000000000004,0.4818,0.48200000000000004,0.0,-0.021,0.0,0.033,10.652000000000001
283299882,2,0,0.061,0.008,-0.007,0.024,0.0,-0.0222,0.0222,8.13,-0.011600000000000001,48544.0,0.0274,0.0,5003.0,48076.0,0.031400000000000004,0.4818,0.48200000000000004,0.0,-0.021,0.0,0.015,10.652000000000001
283302552,2,0,0.101,0.002,-0.017,0.024,0.0,-0.022500000000000003,0.022500000000000003,8.13,-0.0115,48860.0,0.0274,0.0,7673.0,48076.0,0.0318,0.4818,0.48200000000000004,0.0,-0.021,0.0,-0.05,10.606
283307548,2,0,-0.022,0.027,0.009000000000000001,0.024,0.0,-0.0229,0.0228,8.13,-0.0115,48544.0,0.029300000000000003,0.0,12669.0,48076.0,0.0323,0.4822,0.48300000000000004,0.0,-0.008,0.0,0.059000000000000004,10.606
283311551,2,0,0.1,0.002,-0.021,0.024,0.0,-0.0227,0.0227,8.13,-0.011300000000000001,48700.0,0.0274,0.0,16672.0,48232.0,0.032100000000000004,0.4822,0.48300000000000004,0.0,-0.008,0.0,0.083,10.606
283313847,2,0,-0.064,0.035,0.013000000000000001,0.024,0.0,-0.0246,0.0246,8.13,-0.0115,48388.0,0.0313,0.0,0.0,48076.0,0.034800000000000005,0.48250000000000004,0.48300000000000004,0.0,-0.001,0.0,0.312,10.606
283317850,2,0,0.133,-0.011,-0.02,0.024,0.0,-0.0204,0.020300000000000002,8.13,-0.0115,48544.0,0.025400000000000002,0.0,4003.0,48076.0,0.028800000000000003,0.48250000000000004,0.48300000000000004,0.0,-0.001,0.0,0.185,10.606
283322549,2,0,-0.044,0.03,0.004,0.024,0.0,-0.0212,0.0212,8.13,-0.011300000000000001,48860.0,0.0274,0.0,8702.0,48076.0,0.030000000000000002,0.4827,0.48300000000000004,0.0,0.002,0.0,0.34400000000000003,10.632
283327549,2,0,0.153,-0.02,-0.035,0.023,0.0,-0.021,0.021,8.13,-0.0112,49180.0,0.025400000000000002,0.0,13702.0,48076.0,0.0297,0.4827,0.48300000000000004,0.0,0.002,0.0,0.183,10.632
283331549,2,0,-0.054,0.025,0.018000000000000002,0.023,0.0,-0.018500000000000003,0.018500000000000003,8.13,-0.0111,48544.0,0.0235,0.0,17702.0,48076.0,0.0261,0.4827,0.48300000000000004,0.0,0.002,0.0,0.328,10.632
283335865,2,0,0.135,-0.031,-0.023,0.023,0.0,-0.0222,0.0222,8.13,-0.0109,48544.0,0.0274,0.0,0.0,48076.0,0.031400000000000004,0.48210000000000003,0.48100000000000004,0.0,-0.01,0.0,0.17200000000000001,10.632
283337968,2,0,0.056,-0.013000000000000001,-0.005,0.022,0.0,-0.019,0.019,8.13,-0.0108,48544.0,0.0235,0.0,2103.0,48076.0,0.0269,0.48210000000000003,0.48100000000000004,0.0,-0.01,0.0,0.341,10.632
283342868,2,0,0.052000000000000005,-0.022,-0.013000000000000001,0.023,0.0,-0.0207,0.0207,8.14,-0.0109,48388.0,0.025400000000000002,0.0,7003.0,48076.0,0.0292,0.4807,0.47800000000000004,0.0,-0.037,0.0,0.36,10.697000000000001
283347547,2,0,0.022,-0.015,-0.002,0.022,0.0,-0.020300000000000002,0.020300000000000002,8.14,-0.0105,48860.0,0.025400000000000002,0.0,11682.0,48076.0,0.0287,0.4807,0.47800000000000004,0.0,-0.037,0.0,0.312,10.697000000000001
283351548,2,0,0.001,-0.016,0.008,0.022,0.0,-0.020200000000000003,0.020200000000000003,8.14,-0.0106,48860.0,0.025400000000000002,0.0,15683.0,48076.0,0.0285,0.4807,0.47800000000000004,0.0,-0.037,0.0,0.272,10.697000000000001
283355877,2,0,-0.019,-0.012,0.011,0.022,0.0,-0.022500000000000003,0.022500000000000003,8.14,-0.010400000000000001,48860.0,0.0274,0.0,0.0,48076.0,0.0318,0.4797,0.47800000000000004,0.0,-0.048,0.0,0.34400000000000003,10.697000000000001
283357878,2,0,-0.073,-0.01,0.022,0.022,0.0,-0.020800000000000003,0.020800000000000003,8.14,-0.0105,48700.0,0.025400000000000002,0.0,2001.0,48076.0,0.029400000000000003,0.4797,0.47800000000000004,0.0,-0.048,0.0,0.359,10.697000000000001
283362552,2,0,0.09,-0.043000000000000003,-0.025,0.022,0.0,-0.019200000000000002,0.019200000000000002,8.14,-0.010400000000000001,48544.0,0.0235,0.0,6675.0,48076.0,0.027200000000000002,0.4802,0.48100000000000004,0.0,-0.029,0.0,0.245,10.69
283367026,2,0,-0.07100000000000001,-0.022,0.009000000000000001,0.022,0.0,-0.020300000000000002,0.020300000000000002,8.14,-0.010400000000000001,49020.0,0.025400000000000002,0.0,11149.0,48076.0,0.0287,0.4802,0.48100000000000004,0.0,-0.029,0.0,0.296,10.69
283371548,2,0,0.079,-0.047,-0.027,0.021,0.0,-0.0198,0.0198,8.14,-0.0102,48388.0,0.025400000000000002,0.0,15671.0,48076.0,0.0281,0.4802,0.48100000000000004,0.0,-0.029,0.0,0.078,10.69
283373890,2,0,-0.074,-0.013000000000000001,0.027,0.021,0.0,-0.0222,0.0222,8.14,-0.010100000000000001,48860.0,0.0274,0.0,0.0,48076.0,0.031400000000000004,0.48150000000000004,0.48400000000000004,0.0,0.003,0.0,0.092,10.69
283377892,2,0,0.04,-0.051000000000000004,-0.018000000000000002,0.021,0.0,-0.021500000000000002,0.021500000000000002,8.14,-0.010100000000000001,48860.0,0.0274,0.0,4002.0,47924.0,0.0304,0.48150000000000004,0.48400000000000004,0.0,0.003,0.0,0.041,10.69
283382550,2,0,-0.047,-0.013000000000000001,0.004,0.02,0.0,-0.0218,0.0218,8.14,-0.0099,48544.0,0.0274,0.0,8660.0,48076.0,0.0308,0.4824,0.48400000000000004,0.0,0.02,0.0,0.147,10.651
283387678,2,0,0.051000000000000004,-0.057,-0.023,0.021,0.0,-0.0217,0.0217,8.14,-0.0099,48388.0,0.0274,0.0,13788.0,48232.0,0.0307,0.4824,0.48400000000000004,0.0,0.02,0.0,0.059000000000000004,10.651
283389950,2,0,-0.003,-0.02,-0.002,0.02,0.0,-0.020300000000000002,0.020300000000000002,8.14,-0.0097,48700.0,0.025400000000000002,0.0,16060.0,48076.0,0.0287,0.4824,0.48400000000000004,0.0,0.02,0.0,-0.005,10.651
283394549,2,0,-0.039,-0.048,0.013000000000000001,0.02,0.0,-0.0207,0.0207,8.14,-0.0098,48544.0,0.025400000000000002,0.0,0.0,48232.0,0.0292,0.48260000000000003,0.48300000000000004,0.0,0.02,0.0,-0.079,10.651
283398772,2,0,0.032,-0.025,-0.008,0.02,0.0,-0.020900000000000002,0.020900000000000002,8.14,-0.0095,48700.0,0.025400000000000002,0.0,4223.0,48076.0,0.029500000000000002,0.48260000000000003,0.48300000000000004,0.0,0.02,0.0,-0.188,10.651
283402912,2,0,-0.016,-0.052000000000000005,0.005,0.02,0.0,-0.020800000000000003,0.020800000000000003,8.120000000000001,-0.0095,48860.0,0.025400000000000002,0.0,8363.0,48076.0,0.029400000000000003,0.4827,0.48300000000000004,0.0,0.019,0.0,-0.131,10.675
283407549,2,0,0.02,-0.005,-0.006,0.019,0.0,-0.0211,0.0211,8.120000000000001,-0.0092,49020.0,0.025400000000000002,0.0,13000.0,48076.0,0.029900000000000003,0.4827,0.48300000000000004,0.0,0.019,0.0,-0.165,10.675
283411550,2,0,-0.044,-0.046,0.031,0.019,0.0,-0.0199,0.0199,8.120000000000001,-0.009300000000000001,48700.0,0.025400000000000002,0.0,17001.0,48076.0,0.0281,0.4827,0.48300000000000004,0.0,0.019,0.0,-0.126,10.675
283413917,2,0,0.073,-0.038,-0.011,0.019,0.0,-0.0189,0.0189,8.120000000000001,-0.009000000000000001,48860.0,0.0234,0.0,0.0,48232.0,0.0268,0.48250000000000004,0.48200000000000004,0.0,0.01,0.0,-0.271,10.675
283417922,2,0,-0.078,-0.012,0.037,0.019,0.0,-0.0195,0.0195,8.120000000000001,-0.009000000000000001,49020.0,0.0234,0.0,4005.0,48076.0,0.027600000000000003,0.48250000000000004,0.48200000000000004,0.0,0.01,0.0,-0.23900000000000002,10.675
283422549,2,0,0.062,-0.041,-0.018000000000000002,0.018000000000000002,0.0,-0.0204,0.0204,8.120000000000001,-0.0088,48544.0,0.025400000000000002,0.0,8632.0,48076.0,0.028900000000000002,0.4827,0.48300000000000004,0.0,0.012,0.0,-0.297,10.686
283427549,2,0,-0.074,-0.019,0.028,0.018000000000000002,0.0,-0.0195,0.0195,8.120000000000001,-0.0089,48700.0,0.0234,0.0,13632.0,48232.0,0.0275,0.4827,0.48300000000000004,0.0,0.012,0.0,-0.232,10.686
