schema_version,run_id,segment_id,host_time_s,fc_time_ms,scale_time_s,mode,direction,phase,upper_command_pct,lower_command_pct,upper_erpm,lower_erpm,thrust_n,voltage_v,upper_esc_current_a,lower_esc_current_a,upper_erpm_age_ms,lower_erpm_age_ms,upper_esc_current_age_ms,lower_esc_current_age_ms,voltage_age_ms,board_current_a,board_current_age_ms,board_current_calibrated,voltage_layer_v,speed_source,current_source,esc_current_calibrated,quality
2,a962d1279278,max-73f0fb,22692.531,496669,22692.484,dual,steady,settle,90.0,90.0,50505.0,49019.0,7.356218460251046,11.948,,,1,1,,,7,9.3,7,False,,dshot_erpm,dshot,False,upper_esc_current_missing|lower_esc_current_missing|adaptive_settling
2,a962d1279278,max-73f0fb,22692.625,496720,22692.578,dual,steady,settle,100.0,100.0,50335.0,48543.0,7.66149660251046,12.013,,,0,0,,,18,0.0,18,False,,dshot_erpm,dshot,False,upper_esc_current_missing|lower_esc_current_missing|adaptive_settling
2,a962d1279278,max-73f0fb,22692.671,496774,22692.578,dual,steady,settle,100.0,100.0,50505.0,49180.0,7.66149660251046,11.967,,,1,0,,,12,11.863,12,False,,dshot_erpm,dshot,False,upper_esc_current_missing|lower_esc_current_missing|adaptive_settling
2,a962d1279278,max-73f0fb,22692.718,496808,22692.671,dual,steady,settle,100.0,100.0,50167.0,49180.0,7.8190595146443505,11.946,,,1,0,,,6,5.327,6,False,,dshot_erpm,dshot,False,upper_esc_current_missing|lower_esc_current_missing|adaptive_settling
2,a962d1279278,max-73f0fb,22692.765,496862,22692.671,dual,steady,settle,100.0,100.0,50335.0,48859.0,7.8190595146443505,11.925,,,1,1,,,20,0.462,20,False,,dshot_erpm,dshot,False,upper_esc_current_missing|lower_esc_current_missing|adaptive_settling
2,a962d1279278,max-73f0fb,22692.812,496913,22692.765,dual,steady,settle,100.0,100.0,50675.0,49019.0,7.917536334728033,11.989,,,1,1,,,11,0.0,11,False,,dshot_erpm,dshot,False,upper_esc_current_missing|lower_esc_current_missing|adaptive_settling
2,a962d1279278,max-73f0fb,22692.859,496967,22692.765,dual,steady,settle,100.0,100.0,50335.0,49019.0,7.917536334728033,11.898,,,1,1,,,3,2.547,3,False,,dshot_erpm,dshot,False,upper_esc_current_missing|lower_esc_current_missing|adaptive_settling
2,a962d1279278,max-73f0fb,22692.906,496999,22692.859,dual,steady,settle,100.0,100.0,50505.0,48859.0,7.927384016736402,11.983,,,1,1,,,15,12.183,15,False,,dshot_erpm,dshot,False,upper_esc_current_missing|lower_esc_current_missing|adaptive_settling
2,a962d1279278,max-73f0fb,22692.953,497053,22692.859,dual,steady,settle,100.0,100.0,50675.0,49504.0,7.927384016736402,11.944,,,1,1,,,9,10.864,9,False,,dshot_erpm,dshot,False,upper_esc_current_missing|lower_esc_current_missing|adaptive_settling
2,a962d1279278,max-73f0fb,22693.0,497088,22692.953,dual,steady,settle,100.0,100.0,50505.0,49180.0,7.947079380753138,11.945,,,0,1,,,4,8.009,4,False,,dshot_erpm,dshot,False,upper_esc_current_missing|lower_esc_current_missing|adaptive_settling
2,a962d1279278,max-73f0fb,22693.046,497139,22692.953,dual,steady,settle,100.0,100.0,50335.0,49019.0,7.947079380753138,12.0,,,1,1,,,15,1.24,15,False,,dshot_erpm,dshot,False,upper_esc_current_missing|lower_esc_current_missing|adaptive_settling
2,a962d1279278,max-73f0fb,22693.093,497193,22693.031,dual,steady,settle,100.0,100.0,50335.0,48701.0,7.966774744769874,11.995,,,1,1,,,9,3.206,9,False,,dshot_erpm,dshot,False,upper_esc_current_missing|lower_esc_current_missing|adaptive_settling
2,a962d1279278,max-73f0fb,22693.14,497244,22693.109,dual,steady,steady,100.0,100.0,50335.0,49180.0,7.9569270627615065,11.942,,,1,1,,,20,14.15,20,False,,dshot_erpm,dshot,False,upper_esc_current_missing|lower_esc_current_missing
2,a962d1279278,max-73f0fb,22693.187,497278,22693.109,dual,steady,steady,100.0,100.0,50335.0,49342.0,7.9569270627615065,11.907,,,1,1,,,13,13.088,13,False,,dshot_erpm,dshot,False,upper_esc_current_missing|lower_esc_current_missing
2,a962d1279278,max-73f0fb,22693.234,497329,22693.203,dual,steady,steady,100.0,100.0,50505.0,49019.0,7.9569270627615065,11.95,,,1,1,,,1,3.088,1,False,,dshot_erpm,dshot,False,upper_esc_current_missing|lower_esc_current_missing
2,a962d1279278,max-73f0fb,22693.281,497383,22693.203,dual,steady,steady,100.0,100.0,50335.0,48859.0,7.9569270627615065,11.996,,,1,1,,,11,12.254,11,False,,dshot_erpm,dshot,False,upper_esc_current_missing|lower_esc_current_missing
2,a962d1279278,max-73f0fb,22693.328,497419,22693.203,dual,steady,steady,100.0,100.0,50505.0,48701.0,7.9569270627615065,11.937,,,1,1,,,6,13.953,6,False,,dshot_erpm,dshot,False,upper_esc_current_missing|lower_esc_current_missing
2,a962d1279278,max-73f0fb,22693.375,497468,22693.296,dual,steady,steady,100.0,100.0,50335.0,48543.0,7.947079380753138,11.932,,,0,0,,,13,6.275,13,False,,dshot_erpm,dshot,False,upper_esc_current_missing|lower_esc_current_missing
2,a962d1279278,max-73f0fb,22693.421,497522,22693.296,dual,steady,steady,100.0,100.0,50675.0,48231.0,7.947079380753138,11.996,,,0,0,,,6,7.251,6,False,,dshot_erpm,dshot,False,upper_esc_current_missing|lower_esc_current_missing
2,a962d1279278,max-73f0fb,22693.468,497573,22693.39,dual,steady,steady,100.0,100.0,50167.0,48387.0,7.93723169874477,11.857,,,0,0,,,13,12.286,13,False,,dshot_erpm,dshot,False,upper_esc_current_missing|lower_esc_current_missing
2,a962d1279278,max-73f0fb,22693.515,497607,22693.39,dual,steady,steady,100.0,100.0,50335.0,48543.0,7.93723169874477,11.92,,,0,0,,,5,13.273,5,False,,dshot_erpm,dshot,False,upper_esc_current_missing|lower_esc_current_missing
2,a962d1279278,max-73f0fb,22693.562,497658,22693.484,dual,steady,steady,100.0,100.0,50335.0,48387.0,7.927384016736402,11.897,,,1,1,,,14,12.235,14,False,,dshot_erpm,dshot,False,upper_esc_current_missing|lower_esc_current_missing
