t_us,run_id,gap,gx,gy,gz,omega_sp,alpha_ff,tilt_x,tilt_y,thrust,angle,erpm,torque,angle_sp,offset_us
438131276,10,0,-0.004,-0.07100000000000001,0.008,0.0,0.0,0.0,0.0,7.390000000000001,0.0747,0.0,0.0,0.0,0.0
438135591,10,0,0.001,-0.025,0.013000000000000001,0.0,0.0,0.0,0.0,7.390000000000001,0.0747,0.0,0.0,0.0,4315.0
438140275,10,0,-0.001,-0.088,-0.012,0.0,0.0,0.0,0.0,7.390000000000001,0.07440000000000001,0.0,0.0,0.0,8999.0
438144298,10,0,-0.007,-0.006,-0.002,0.0,0.0,0.0,0.0,7.390000000000001,0.0742,0.0,0.0,0.0,13022.0
438148486,10,0,-0.003,-0.081,0.019,0.0,0.0,0.0,0.0,7.390000000000001,0.0741,0.0,0.0,0.0,17210.0
438151276,10,0,-0.002,-0.088,0.016,0.0,0.0,0.0,0.0,7.390000000000001,0.07390000000000001,0.0,0.0,0.0,20000.0
438156374,10,0,-0.002,0.001,-0.009000000000000001,0.0,0.0,0.0,0.0,7.390000000000001,0.0738,0.0,0.0,0.0,25098.0
438161277,10,0,-0.007,-0.081,-0.007,0.0,0.0,0.0,0.0,7.390000000000001,0.0736,0.0,0.0,0.0,30001.0
438163504,10,0,-0.007,-0.018000000000000002,0.009000000000000001,0.0,0.0,0.0,0.0,7.390000000000001,0.0734,0.0,0.0,0.0,0.0
438168275,10,0,-0.002,-0.018000000000000002,0.004,0.0,0.0,0.0,0.0,7.390000000000001,0.07350000000000001,0.0,0.0,0.0,4771.0
438172277,10,0,-0.008,-0.07200000000000001,-0.018000000000000002,0.0,0.0,0.0,0.0,7.390000000000001,0.0733,0.0,0.0,0.0,8773.0
438176462,10,0,-0.004,0.0,-0.005,0.0,0.0,0.0,0.0,7.390000000000001,0.0732,0.0,0.0,0.0,12958.0
438181274,10,0,-0.014,-0.074,0.01,0.0,0.0,0.0,0.0,7.390000000000001,0.0731,0.0,0.0,0.0,17770.0
438183279,10,0,-0.015,-0.063,0.008,0.0,0.0,0.0,0.0,7.390000000000001,0.0729,0.0,0.0,0.0,19775.0
438188375,10,0,0.002,0.004,-0.01,0.0,0.0,0.0,0.0,7.390000000000001,0.0729,0.0,0.0,0.0,24871.0
438192470,10,0,-0.01,-0.069,0.003,0.0,0.0,0.0,0.0,7.390000000000001,0.0726,0.0,0.0,0.0,28966.0
438196479,10,0,-0.001,0.01,0.014,0.0,0.0,0.0,0.0,7.390000000000001,0.07250000000000001,0.0,0.0,0.0,0.0
438201275,10,0,-0.003,-0.05,0.003,0.0,0.0,0.0,0.0,7.390000000000001,0.07250000000000001,0.0,0.0,0.0,4796.0
438203281,10,0,-0.004,-0.07,-0.006,0.0,0.0,0.0,0.0,7.390000000000001,0.0724,0.0,0.0,0.0,6802.0
438207482,10,0,0.003,0.02,-0.003,0.0,0.0,0.0,0.0,7.390000000000001,0.0723,0.0,0.0,0.0,11003.0
438212277,10,0,-0.003,-0.058,0.011,0.0,0.0,0.0,0.0,7.390000000000001,0.0723,0.0,0.0,0.0,15798.0
438217275,10,0,0.0,0.006,0.0,0.0,0.0,0.0,0.0,7.390000000000001,0.07200000000000001,0.0,0.0,0.0,20796.0
438220274,10,0,0.007,0.02,-0.004,0.0,0.0,0.0,0.0,7.390000000000001,0.0721,0.0,0.0,0.0,23795.0
438224275,10,0,-0.004,-0.064,-0.011,0.0,0.0,0.0,0.0,7.390000000000001,0.07200000000000001,0.0,0.0,0.0,27796.0
438228281,10,0,-0.004,0.025,0.004,0.0,0.0,0.0,0.0,7.390000000000001,0.0719,0.0,0.0,0.0,0.0
438233281,10,0,0.001,-0.049,0.003,0.0,0.0,0.0,0.0,7.390000000000001,0.07200000000000001,0.0,0.0,0.0,5000.0
438235373,10,0,0.0,-0.055,-0.009000000000000001,0.0,0.0,0.0,0.0,7.390000000000001,0.0719,0.0,0.0,0.0,7092.0
438239503,10,0,0.006,0.026000000000000002,-0.011,0.0,0.0,0.0,0.0,7.390000000000001,0.0719,0.0,0.0,0.0,11222.0
438243509,10,0,-0.001,-0.064,0.013000000000000001,0.0,0.0,0.0,0.0,7.390000000000001,0.0719,0.0,0.0,0.0,15228.0
438248281,10,0,0.004,0.004,0.009000000000000001,0.0,0.0,0.0,0.0,7.390000000000001,0.0717,0.0,0.0,0.0,20000.0
438252623,10,0,0.009000000000000001,-0.021,-0.011,0.0,0.0,0.0,0.0,7.390000000000001,0.0719,0.0,0.0,0.0,24342.0
438255280,10,0,0.004,-0.059000000000000004,-0.006,0.0,0.0,0.0,0.0,7.390000000000001,0.0718,0.0,0.0,0.0,26999.0
438259510,10,0,0.004,0.036000000000000004,0.016,0.0,0.0,0.0,0.0,7.390000000000001,0.0717,0.0,0.0,0.0,0.0
438264305,10,0,0.006,-0.033,0.012,0.0,0.0,0.0,0.0,7.390000000000001,0.0719,0.0,0.0,0.0,4795.0
438269281,10,0,0.004,0.02,-0.004,0.0,0.0,0.0,0.0,7.390000000000001,0.0716,0.0,0.0,0.0,9771.0
438271512,10,0,0.008,0.034,-0.005,0.0,0.0,0.0,0.0,7.390000000000001,0.0718,0.0,0.0,0.0,12002.0
438276280,10,0,0.0,-0.053,0.011,0.0,0.0,0.0,0.0,7.390000000000001,0.0718,0.0,0.0,0.0,16770.0
438280282,10,0,0.006,0.026000000000000002,0.008,0.0,0.0,0.0,0.0,7.390000000000001,0.0717,0.0,0.0,0.0,20772.0
438285479,10,0,0.005,-0.027,-0.005,0.0,0.0,0.0,0.0,7.390000000000001,0.0719,0.0,0.0,0.0,25969.0
438287509,10,0,-0.003,-0.035,-0.012,0.0,0.0,0.0,0.0,7.390000000000001,0.0718,0.0,0.0,0.0,27999.0
438292279,10,0,0.009000000000000001,0.058,0.005,0.0,0.0,0.0,0.0,7.390000000000001,0.0719,0.0,0.0,0.0,0.0
438296511,10,0,0.003,-0.04,0.006,0.0,0.0,0.0,0.0,7.390000000000001,0.07200000000000001,0.0,0.0,0.0,4232.0
438300513,10,0,0.004,0.041,-0.018000000000000002,0.0,0.0,0.0,0.0,7.390000000000001,0.0719,0.0,0.0,0.0,8234.0
438305279,10,0,0.0,0.011,-0.004,0.0,0.0,0.0,0.0,7.390000000000001,0.0722,0.0,0.0,0.0,13000.0
438307280,10,0,-0.004,-0.043000000000000003,0.009000000000000001,0.0,0.0,0.0,0.0,7.390000000000001,0.0722,0.0,0.0,0.0,15001.0
438311283,10,0,-0.002,0.025,0.01,0.0,0.0,0.0,0.0,7.390000000000001,0.07200000000000001,0.0,0.0,0.0,19004.0
438316279,10,0,0.003,0.029,-0.005,0.0,0.0,0.0,0.0,7.390000000000001,0.0723,0.0,0.0,0.0,24000.0
438321281,10,0,-0.005,0.015,-0.006,0.0,0.0,0.0,0.0,7.390000000000001,0.0721,0.0,0.0,0.0,29002.0
438323512,10,0,-0.002,0.063,0.01,0.0,0.0,0.0,0.0,7.390000000000001,0.0723,0.0,0.0,0.0,0.0
438328514,10,0,-0.006,-0.038,0.006,0.0,0.0,0.0,0.0,7.390000000000001,0.0724,0.0,0.0,0.0,5002.0
438331282,10,0,-0.002,0.003,-0.002,0.0,0.0,0.0,0.0,7.390000000000001,0.0723,0.0,0.0,0.0,7770.0
438335634,10,0,-0.001,0.038,-0.011,0.0,0.0,0.0,0.0,7.390000000000001,0.0727,0.0,0.0,0.0,12122.0
438340281,10,0,-0.009000000000000001,-0.03,0.001,0.0,0.0,0.0,0.0,7.390000000000001,0.0726,0.0,0.0,0.0,16769.0
438344305,10,0,-0.006,0.061,0.007,0.0,0.0,0.0,0.0,7.390000000000001,0.0727,0.0,0.0,0.0,20793.0
438348630,10,0,-0.002,-0.025,-0.01,0.0,0.0,0.0,0.0,7.390000000000001,0.07300000000000001,0.0,0.0,0.0,25118.0
438351282,10,0,-0.002,-0.024,-0.013000000000000001,0.0,0.0,0.0,0.0,7.390000000000001,0.0729,0.0,0.0,0.0,27770.0
438356281,10,0,-0.009000000000000001,0.069,0.001,0.0,0.0,0.0,0.0,7.390000000000001,0.0731,0.0,0.0,0.0,0.0
438361282,10,0,-0.004,-0.029,0.011,0.0,0.0,0.0,0.0,7.390000000000001,0.0732,0.0,0.0,0.0,5001.0
438363533,10,0,-0.005,0.047,-0.001,0.0,0.0,0.0,0.0,7.390000000000001,0.0732,0.0,0.0,0.0,7252.0
438368538,10,0,-0.009000000000000001,0.0,-0.006,0.0,0.0,0.0,0.0,7.390000000000001,0.0736,0.0,0.0,0.0,12257.0
438371281,10,0,-0.008,-0.033,0.0,0.0,0.0,0.0,0.0,7.390000000000001,0.0736,0.0,0.0,0.0,15000.0
438376281,10,0,-0.003,0.083,0.014,0.0,0.0,0.0,0.0,7.390000000000001,0.0736,0.0,0.0,0.0,20000.0
438380627,10,0,-0.005,-0.027,-0.005,0.0,0.0,0.0,0.0,7.390000000000001,0.07390000000000001,0.0,0.0,0.0,24346.0
438385381,10,0,-0.001,0.052000000000000005,-0.011,0.0,0.0,0.0,0.0,7.390000000000001,0.07390000000000001,0.0,0.0,0.0,29100.0
438387516,10,0,-0.008,0.074,0.005,0.0,0.0,0.0,0.0,7.390000000000001,0.0742,0.0,0.0,0.0,0.0
438392511,10,0,0.004,-0.028,0.013000000000000001,0.0,0.0,0.0,0.0,7.390000000000001,0.0741,0.0,0.0,0.0,4995.0
438396513,10,0,0.004,0.088,-0.016,0.0,0.0,0.0,0.0,7.390000000000001,0.0742,0.0,0.0,0.0,8997.0
438401275,10,0,-0.006,0.0,-0.007,0.0,0.0,0.0,0.0,7.390000000000001,0.0745,0.0,0.0,0.0,13759.0
438405513,10,0,0.0,0.063,0.005,0.0,0.0,0.0,0.0,7.390000000000001,0.0745,0.0,0.0,0.0,17997.0
438407521,10,0,0.0,0.096,0.004,0.0,0.0,0.0,0.0,7.390000000000001,0.0747,0.0,0.0,0.0,20005.0
438412274,10,0,-0.006,0.015,0.003,0.0,0.0,0.0,0.0,7.390000000000001,0.075,0.0,0.0,0.0,24758.0
438416275,10,0,0.008,0.037,-0.014,0.0,0.0,0.0,0.0,7.390000000000001,0.07490000000000001,0.0,0.0,0.0,28759.0
438421274,10,0,-0.008,0.038,0.006,0.0,0.0,0.0,0.0,7.390000000000001,0.07540000000000001,0.0,0.0,0.0,0.0
438425275,10,0,0.005,-0.007,0.011,0.0,0.0,0.0,0.0,7.390000000000001,0.0753,0.0,0.0,0.0,4001.0
438427276,10,0,0.01,0.061,0.003,0.0,0.0,0.0,0.0,7.390000000000001,0.0753,0.0,0.0,0.0,6002.0
438431529,10,0,0.004,0.026000000000000002,-0.007,0.0,0.0,0.0,0.0,7.390000000000001,0.0758,0.0,0.0,0.0,10255.0
438435668,10,0,0.009000000000000001,0.008,-0.001,0.0,0.0,0.0,0.0,7.390000000000001,0.0757,0.0,0.0,0.0,14394.0
438440535,10,0,-0.004,0.083,0.015,0.0,0.0,0.0,0.0,7.390000000000001,0.0762,0.0,0.0,0.0,19261.0
438444676,10,0,0.01,-0.024,0.003,0.0,0.0,0.0,0.0,7.390000000000001,0.0763,0.0,0.0,0.0,23402.0
438449275,10,0,0.012,0.095,-0.013000000000000001,0.0,0.0,0.0,0.0,7.390000000000001,0.0763,0.0,0.0,0.0,28001.0
438451541,10,0,-0.002,0.065,0.002,0.0,0.0,0.0,0.0,7.390000000000001,0.0767,0.0,0.0,0.0,0.0
438456274,10,0,0.009000000000000001,-0.023,0.01,0.0,0.0,0.0,0.0,7.390000000000001,0.0767,0.0,0.0,0.0,4733.0
438461275,10,0,0.003,0.10300000000000001,-0.003,0.0,0.0,0.0,0.0,7.390000000000001,0.077,0.0,0.0,0.0,9734.0
438465276,10,0,0.0,-0.016,-0.004,0.0,0.0,0.0,0.0,7.390000000000001,0.07730000000000001,0.0,0.0,0.0,13735.0
438467550,10,0,0.006,0.028,-0.016,0.0,0.0,0.0,0.0,7.390000000000001,0.0772,0.0,0.0,0.0,16009.0
438472238,10,0,0.004,0.108,0.003,0.0,0.0,0.0,0.0,7.390000000000001,0.0776,0.0,0.0,0.0,20697.0
438476275,10,0,0.007,0.001,0.017,0.0,0.0,0.0,0.0,7.390000000000001,0.0779,0.0,0.0,0.0,24734.0
438480596,10,0,0.0,0.106,-0.024,0.0,0.0,0.0,0.0,7.390000000000001,0.0779,0.0,0.0,0.0,29055.0
438485380,10,0,0.004,0.012,0.003,0.0,0.0,0.0,0.0,7.390000000000001,0.07830000000000001,0.0,0.0,0.0,0.0
438487557,10,0,0.011,-0.01,0.014,0.0,0.0,0.0,0.0,7.390000000000001,0.07830000000000001,0.0,0.0,0.0,2177.0
438491564,10,0,-0.003,0.116,0.002,0.0,0.0,0.0,0.0,7.390000000000001,0.0785,0.0,0.0,0.0,6184.0
438496237,10,0,-0.001,0.0,-0.006,0.0,0.0,0.0,0.0,7.390000000000001,0.079,0.0,0.0,0.0,10857.0
438500237,10,0,-0.007,0.041,-0.01,0.0,0.0,0.0,0.0,7.390000000000001,0.0789,0.0,0.0,0.0,14857.0
438504298,10,0,-0.013000000000000001,0.094,0.012,0.0,0.0,0.0,0.0,7.390000000000001,0.07930000000000001,0.0,0.0,0.0,18918.0
438508672,10,0,0.01,-0.012,0.004,0.0,0.0,0.0,0.0,7.390000000000001,0.0794,0.0,0.0,0.0,23292.0
438513276,10,0,-0.012,0.117,-0.015,0.0,0.0,0.0,0.0,7.390000000000001,0.0796,0.0,0.0,0.0,27896.0
438515577,10,0,-0.019,0.035,0.003,0.0,0.0,0.0,0.0,7.390000000000001,0.08,0.0,0.0,0.0,0.0
438519618,10,0,-0.001,0.0,0.005,0.0,0.0,0.0,0.0,7.390000000000001,0.0799,0.0,0.0,0.0,4041.0
438523627,10,0,-0.009000000000000001,0.109,0.002,0.0,0.0,0.0,0.0,7.390000000000001,0.08020000000000001,0.0,0.0,0.0,8050.0
438528670,10,0,0.002,-0.024,-0.001,0.0,0.0,0.0,0.0,7.390000000000001,0.0804,0.0,0.0,0.0,13093.0
438533274,10,0,-0.012,0.10400000000000001,-0.018000000000000002,0.0,0.0,0.0,0.0,7.390000000000001,0.0804,0.0,0.0,0.0,17697.0
438535379,10,0,-0.016,0.113,-0.006,0.0,0.0,0.0,0.0,7.390000000000001,0.08080000000000001,0.0,0.0,0.0,19802.0
438540275,10,0,0.003,-0.016,0.017,0.0,0.0,0.0,0.0,7.390000000000001,0.081,0.0,0.0,0.0,24698.0
438545274,10,0,-0.007,0.11800000000000001,-0.008,0.0,0.0,0.0,0.0,7.390000000000001,0.08120000000000001,0.0,0.0,0.0,29697.0
438547633,10,0,-0.009000000000000001,0.017,-0.004,0.0,0.0,0.0,0.0,7.390000000000001,0.0816,0.0,0.0,0.0,0.0
438552275,10,0,0.001,0.025,-0.005,0.0,0.0,0.0,0.0,7.390000000000001,0.0815,0.0,0.0,0.0,4642.0
438556640,10,0,-0.015,0.076,0.015,0.0,0.0,0.0,0.0,7.390000000000001,0.082,0.0,0.0,0.0,9007.0
438561275,10,0,0.002,-0.017,-0.001,0.0,0.0,0.0,0.0,7.390000000000001,0.082,0.0,0.0,0.0,13642.0
438565607,10,0,-0.011,0.11900000000000001,-0.011,0.0,0.0,0.0,0.0,7.390000000000001,0.0823,0.0,0.0,0.0,17974.0
438567648,10,0,-0.009000000000000001,0.06,0.005,0.0,0.0,0.0,0.0,7.390000000000001,0.0826,0.0,0.0,0.0,20015.0
438572275,10,0,0.01,-0.025,0.012,0.0,0.0,0.0,0.0,7.390000000000001,0.0825,0.0,0.0,0.0,24642.0
438576651,10,0,-0.01,0.114,0.001,0.0,0.0,0.0,0.0,7.390000000000001,0.0829,0.0,0.0,0.0,29018.0
438581237,10,0,0.01,-0.023,-0.008,0.0,0.0,0.0,0.0,7.390000000000001,0.08320000000000001,0.0,0.0,0.0,0.0
438585376,10,0,-0.004,0.093,-0.012,0.0,0.0,0.0,0.0,7.390000000000001,0.08320000000000001,0.0,0.0,0.0,4139.0
438587655,10,0,-0.011,0.094,0.003,0.0,0.0,0.0,0.0,7.390000000000001,0.08360000000000001,0.0,0.0,0.0,6418.0
438591660,10,0,0.008,-0.031,0.009000000000000001,0.0,0.0,0.0,0.0,7.390000000000001,0.08370000000000001,0.0,0.0,0.0,10423.0
438596235,10,0,-0.003,0.109,-0.02,0.0,0.0,0.0,0.0,7.390000000000001,0.0838,0.0,0.0,0.0,14998.0
438600236,10,0,0.003,0.039,-0.003,0.0,0.0,0.0,0.0,7.390000000000001,0.0843,0.0,0.0,0.0,18999.0
438604341,10,0,0.019,-0.014,0.003,0.0,0.0,0.0,0.0,7.390000000000001,0.08420000000000001,0.0,0.0,0.0,23104.0
438608718,10,0,-0.007,0.098,0.004,0.0,0.0,0.0,0.0,7.390000000000001,0.0847,0.0,0.0,0.0,27481.0
438613237,10,0,0.017,-0.028,-0.005,0.0,0.0,0.0,0.0,7.390000000000001,0.0848,0.0,0.0,0.0,0.0
438617275,10,0,0.0,0.112,-0.019,0.0,0.0,0.0,0.0,7.390000000000001,0.085,0.0,0.0,0.0,4038.0
438619676,10,0,-0.005,0.082,0.008,0.0,0.0,0.0,0.0,7.390000000000001,0.0855,0.0,0.0,0.0,6439.0
438623724,10,0,0.016,-0.022,0.017,0.0,0.0,0.0,0.0,7.390000000000001,0.0855,0.0,0.0,0.0,10487.0
438628275,10,0,-0.002,0.125,-0.006,0.0,0.0,0.0,0.0,7.390000000000001,0.0857,0.0,0.0,0.0,15038.0
438632684,10,0,0.017,-0.032,-0.003,0.0,0.0,0.0,0.0,7.390000000000001,0.08610000000000001,0.0,0.0,0.0,19447.0
